DeploymentLabel,CameraDeploymentBeginDateTime,CameraDeploymentEndDateTime,CameraMake,Bait,ImageID,DateTimeCaptured,PhotoType,PhotoTypeIdentifiedBy,ImageCount,SpeciesScientificName,captureDTFormatted
OMP1025-07,28/10/2025,N/A,Ceyomur,None,OMP7_00119,09/02/2026 6:11,Animal,Noah Sills,1,Buteogallus urubitinga,09/02/2026 6:11
OMP1025-07,28/10/2025,N/A,Ceyomur,None,OMP7_VD_00120,09/02/2026 6:11,Animal,Noah Sills,1,Buteogallus urubitinga,09/02/2026 6:11
OMP1025-07,28/10/2025,N/A,Ceyomur,None,OMP7_00118,08/02/2026 3:06,Animal,Noah Sills,1,Procyon cancrivorus,08/02/2026 3:06
OMP1025-07,28/10/2025,N/A,Ceyomur,None,OMP7_00117,07/02/2026 23:38,Animal,Noah Sills,2,Procyon cancrivorus,07/02/2026 23:38
OMP1025-07,28/10/2025,N/A,Ceyomur,None,OMP7_VD_00121,07/02/2026 23:38,Animal,Noah Sills,2,Procyon cancrivorus,07/02/2026 23:38
OMP1025-07,28/10/2025,N/A,Ceyomur,None,OMP7_00115,07/02/2026 6:28,Animal,Noah Sills,1,Buteogallus aequinoctialis,07/02/2026 6:28
OMP1025-07,28/10/2025,N/A,Ceyomur,None,OMP7_VD_00126,07/02/2026 6:28,Animal,Noah Sills,1,Buteogallus aequinoctialis,07/02/2026 6:28
OMP1025-07,28/10/2025,N/A,Ceyomur,None,OMP7_00116,06/02/2026 5:50,Animal,Noah Sills,1,Procyon cancrivorus,06/02/2026 5:50
OMP1025-07,28/10/2025,N/A,Ceyomur,None,OMP7_VD_00144,06/02/2026 5:50,Animal,Noah Sills,1,Procyon cancrivorus,06/02/2026 5:50
OMP1025-07,28/10/2025,N/A,Ceyomur,None,OMP7_00114,05/02/2026 19:58,Animal,Noah Sills,1,Marmosa murina,05/02/2026 19:58
OMP1025-07,28/10/2025,N/A,Ceyomur,None,OMP7_00111,05/02/2026 9:40,Animal,Noah Sills,1,Buteogallus aequinoctialis,05/02/2026 9:40
OMP1025-07,28/10/2025,N/A,Ceyomur,None,OMP7_VD_00135,05/02/2026 9:40,Animal,Noah Sills,1,Buteogallus aequinoctialis,05/02/2026 9:40
OMP1025-07,28/10/2025,N/A,Ceyomur,None,OMP7_00113,05/02/2026 3:49,Animal,Noah Sills,1,Procyon cancrivorus,05/02/2026 3:49
OMP1025-07,28/10/2025,N/A,Ceyomur,None,OMP7_VD_00136,05/02/2026 3:49,Animal,Noah Sills,1,Procyon cancrivorus,05/02/2026 3:49
OMP1025-07,28/10/2025,N/A,Ceyomur,None,OMP7_VD_00137,05/02/2026 3:30,Animal,Noah Sills,2,Procyon cancrivorus,05/02/2026 3:30
OMP1025-07,28/10/2025,N/A,Ceyomur,None,OMP7_00109,05/02/2026 2:17,Animal,Noah Sills,3,Procyon cancrivorus,05/02/2026 2:17
OMP1025-07,28/10/2025,N/A,Ceyomur,None,OMP7_VD_00145,05/02/2026 2:17,Animal,Noah Sills,4,Procyon cancrivorus,05/02/2026 2:17
OMP1025-07,28/10/2025,N/A,Ceyomur,None,OMP7_00110,04/02/2026 21:13,Animal,Noah Sills,1,Procyon cancrivorus,04/02/2026 21:13
OMP1025-07,28/10/2025,N/A,Ceyomur,None,OMP7_VD_00128,04/02/2026 21:13,Animal,Noah Sills,3,Procyon cancrivorus,04/02/2026 21:13
OMP1025-07,28/10/2025,N/A,Ceyomur,None,OMP7_00105,02/02/2026 14:52,Animal,Noah Sills,1,Eudocimus ruber,02/02/2026 14:52
OMP1025-07,28/10/2025,N/A,Ceyomur,None,OMP7_VD_00138,02/02/2026 14:52,Animal,Noah Sills,1,Eudocimus ruber,02/02/2026 14:52
OMP1025-07,28/10/2025,N/A,Ceyomur,None,OMP7_00103,31/01/2026 18:15,Animal,Noah Sills,1,Procyon cancrivorus,31/01/2026 18:15
OMP1025-07,28/10/2025,N/A,Ceyomur,None,OMP7_VD_00139,31/01/2026 18:15,Animal,Noah Sills,1,Procyon cancrivorus,31/01/2026 18:15
OMP1025-07,28/10/2025,N/A,Ceyomur,None,OMP7_00102,31/01/2026 18:14,Animal,Noah Sills,1,Procyon cancrivorus,31/01/2026 18:14
OMP1025-07,28/10/2025,N/A,Ceyomur,None,OMP7_00108,31/01/2026 6:14,Animal,Noah Sills,3,Procyon cancrivorus,31/01/2026 6:14
OMP1025-07,28/10/2025,N/A,Ceyomur,None,OMP7_VD_00147,31/01/2026 6:14,Animal,Noah Sills,1,Procyon cancrivorus,31/01/2026 6:14
OMP1025-04,28/10/2025,30/01/2026,Ceyomur,None,OMP4_00010,29/01/2026 6:49,Animal,Noah Sills,1,Dasyprocta leporina,29/01/2026 6:49
OMP1025-04,28/10/2025,30/01/2026,Ceyomur,None,OMP4_VD_00010,29/01/2026 6:49,Animal,Noah Sills,1,Dasyprocta leporina,29/01/2026 6:49
OMP1025-04,28/10/2025,30/01/2026,Ceyomur,None,OMP4_00009,28/01/2026 7:42,Animal,Noah Sills,1,Dasyprocta leporina,28/01/2026 7:42
OMP1025-04,28/10/2025,30/01/2026,Ceyomur,None,OMP4_VD_00009,28/01/2026 7:42,Animal,Noah Sills,1,Dasyprocta leporina,28/01/2026 7:42
OMP1025-04,28/10/2025,30/01/2026,Ceyomur,None,OMP4_00008,27/01/2026 18:44,Animal,Noah Sills,1,Myrmecophaga tridactyla,27/01/2026 18:44
OMP1025-04,28/10/2025,30/01/2026,Ceyomur,None,OMP4_VD_00008,27/01/2026 18:44,Animal,Noah Sills,1,Myrmecophaga tridactyla,27/01/2026 18:44
OMP1025-06,28/10/2025,30/01/2026,Ceyomur,None,OMP6_00137,46049.75924,Animal,Noah Sills,1,Cochlearius cochlearius,13:18.3
OMP1025-07,28/10/2025,N/A,Ceyomur,None,OMP7_00099,27/01/2026 5:17,Animal,Noah Sills,1,Procyon cancrivorus,27/01/2026 5:17
OMP1025-07,28/10/2025,N/A,Ceyomur,None,OMP7_VD_00133,27/01/2026 5:17,Animal,Noah Sills,4,Procyon cancrivorus,27/01/2026 5:17
OMP1025-07,28/10/2025,N/A,Ceyomur,None,OMP7_00097,27/01/2026 3:09,Animal,Noah Sills,1,Procyon cancrivorus,27/01/2026 3:09
OMP1025-07,28/10/2025,N/A,Ceyomur,None,OMP7_VD_00134,27/01/2026 3:09,Animal,Noah Sills,1,Procyon cancrivorus,27/01/2026 3:09
OMP1025-07,28/10/2025,N/A,Ceyomur,None,OMP7_00096,27/01/2026 1:23,Animal,Noah Sills,3,Procyon cancrivorus,27/01/2026 1:23
OMP1025-04,28/10/2025,30/01/2026,Ceyomur,None,OMP4_00007,26/01/2026 19:10,Animal,Noah Sills,1,Leopardus pardalis,26/01/2026 19:10
OMP1025-04,28/10/2025,30/01/2026,Ceyomur,None,OMP4_VD_00007,26/01/2026 19:10,Animal,Noah Sills,1,Leopardus pardalis,26/01/2026 19:10
OMP1025-06,28/10/2025,30/01/2026,Ceyomur,None,OMP6_VD_00136,46048.77713,Animal,Noah Sills,1,Cochlearius cochlearius,39:04.0
OMP1025-06,28/10/2025,30/01/2026,Ceyomur,None,OMP6_00135,46048.77711,Animal,Noah Sills,1,Cochlearius cochlearius,39:02.3
OMP1025-06,28/10/2025,30/01/2026,Ceyomur,None,OMP6_00134,46048.77624,Animal,Noah Sills,1,Cochlearius cochlearius,37:47.1
OMP1025-06,28/10/2025,30/01/2026,Ceyomur,None,OMP6_00132,46048.6935,Animal,Noah Sills,2,Leptotila verreauxi,38:38.4
OMP1025-16,28/10/2025,30/01/2026,Ceyomur,None,OMP16_VD_00048,25/01/2026 6:29,Animal,Noah Sills,1,Leopardus pardalis,25/01/2026 6:29
OMP1025-16,28/10/2025,30/01/2026,Ceyomur,None,OMP16_00047,24/01/2026 21:27,Animal,Noah Sills,1,Leopardus pardalis,24/01/2026 21:27
OMP1025-16,28/10/2025,30/01/2026,Ceyomur,None,OMP16_VD_00047,24/01/2026 21:27,Animal,Noah Sills,1,Leopardus pardalis,24/01/2026 21:27
OMP1025-06,28/10/2025,30/01/2026,Ceyomur,None,OMP6_00120,46044.67734,Animal,Noah Sills,2,Leptotila verreauxi,15:22.2
OMP1025-06,28/10/2025,30/01/2026,Ceyomur,None,OMP6_00123,46044.67734,Animal,Noah Sills,1,Leptotila verreauxi,15:22.2
OMP1025-04,28/10/2025,30/01/2026,Ceyomur,None,OMP4_00006,21/01/2026 7:07,Animal,Noah Sills,1,Dasyprocta leporina,21/01/2026 7:07
OMP1025-04,28/10/2025,30/01/2026,Ceyomur,None,OMP4_VD_00006,21/01/2026 7:07,Animal,Noah Sills,1,Dasyprocta leporina,21/01/2026 7:07
OMP1025-07,28/10/2025,N/A,Ceyomur,None,OMP7_00094,20/01/2026 12:20,Animal,Noah Sills,1,Buteogallus aequinoctialis,20/01/2026 12:20
OMP1025-07,28/10/2025,N/A,Ceyomur,None,OMP7_VD_00143,20/01/2026 12:20,Animal,Noah Sills,1,Buteogallus aequinoctialis,20/01/2026 12:20
OMP1025-09,28/10/2025,30/01/2026,Ceyomur,None,OMP9_00021,19/01/2026 15:16,Animal,Noah Sills,1,Buteogallus urubitinga,19/01/2026 15:16
OMP1025-14,28/10/2025,30/01/2026,Ceyomur,None,OMP14_00056,19/01/2026 15:15,Animal,Noah Sills,1,Buteogallus urubitinga,19/01/2026 15:15
OMP1025-14,28/10/2025,30/01/2026,Ceyomur,None,OMP14_VD_00056,19/01/2026 15:15,Animal,Noah Sills,1,Buteogallus urubitinga,19/01/2026 15:15
OMP1025-09,28/10/2025,30/01/2026,Ceyomur,None,OMP9_00020,19/01/2026 15:15,Animal,Noah Sills,1,Buteogallus urubitinga,19/01/2026 15:15
OMP1025-07,28/10/2025,N/A,Ceyomur,None,OMP7_00089,18/01/2026 18:56,Animal,Noah Sills,2,Marmosa murina,18/01/2026 18:56
OMP1025-07,28/10/2025,N/A,Ceyomur,None,OMP7_VD_00149,18/01/2026 18:56,Animal,Noah Sills,1,Marmosa murina,18/01/2026 18:56
OMP1025-06,28/10/2025,30/01/2026,Ceyomur,None,OMP6_00101,46040.51133,Animal,Noah Sills,1,Buteogallus urubitinga,16:18.9
OMP1025-06,28/10/2025,30/01/2026,Ceyomur,None,OMP6_00100,46040.51079,Animal,Noah Sills,1,Buteogallus urubitinga,15:32.3
OMP1025-06,28/10/2025,30/01/2026,Ceyomur,None,OMP6_00099,46040.50991,Animal,Noah Sills,1,Buteogallus urubitinga,14:16.2
OMP1025-06,28/10/2025,30/01/2026,Ceyomur,None,OMP6_00098,46040.50877,Animal,Noah Sills,1,Buteogallus urubitinga,12:37.7
OMP1025-16,28/10/2025,30/01/2026,Ceyomur,None,OMP16_00045,18/01/2026 6:29,Animal,Noah Sills,1,Procyon cancrivorus,18/01/2026 6:29
OMP1025-16,28/10/2025,30/01/2026,Ceyomur,None,OMP16_VD_00045,18/01/2026 6:29,Animal,Noah Sills,1,Procyon cancrivorus,18/01/2026 6:29
OMP1025-16,28/10/2025,30/01/2026,Ceyomur,None,OMP16_00044,18/01/2026 6:15,Animal,Noah Sills,1,Procyon cancrivorus,18/01/2026 6:15
OMP1025-16,28/10/2025,30/01/2026,Ceyomur,None,OMP16_VD_00044,18/01/2026 6:15,Animal,Noah Sills,1,Procyon cancrivorus,18/01/2026 6:15
OMP1025-14,28/10/2025,30/01/2026,Ceyomur,None,OMP14_00054,16/01/2026 9:12,Animal,Noah Sills,1,Leptotila verreauxi,16/01/2026 9:12
OMP1025-06,28/10/2025,30/01/2026,Ceyomur,None,OMP6_00097,46037.66394,Animal,Noah Sills,1,Leptotila verreauxi,56:04.4
OMP1025-04,28/10/2025,30/01/2026,Ceyomur,None,OMP4_00005,15/01/2026 6:31,Animal,Noah Sills,1,Dasyprocta leporina,15/01/2026 6:31
OMP1025-07,28/10/2025,N/A,Ceyomur,None,OMP7_00091,15/01/2026 5:40,Animal,Noah Sills,1,Procyon cancrivorus,15/01/2026 5:40
OMP1025-16,28/10/2025,30/01/2026,Ceyomur,None,OMP16_00042,14/01/2026 22:59,Animal,Noah Sills,1,Cuniculus paca,14/01/2026 22:59
OMP1025-04,28/10/2025,30/01/2026,Ceyomur,None,OMP4_00004,14/01/2026 7:50,Animal,Noah Sills,1,Dasyprocta leporina,14/01/2026 7:50
OMP1025-04,28/10/2025,30/01/2026,Ceyomur,None,OMP4_VD_00004,14/01/2026 7:50,Animal,Noah Sills,1,Dasyprocta leporina,14/01/2026 7:50
OMP1025-04,28/10/2025,30/01/2026,Ceyomur,None,OMP4_00003,14/01/2026 7:49,Animal,Noah Sills,1,Dasyprocta leporina,14/01/2026 7:49
OMP1025-04,28/10/2025,30/01/2026,Ceyomur,None,OMP4_VD_00003,14/01/2026 7:49,Animal,Noah Sills,1,Dasyprocta leporina,14/01/2026 7:49
OMP1025-07,28/10/2025,N/A,Ceyomur,None,OMP7_00088,13/01/2026 21:51,Animal,Noah Sills,1,Marmosa murina,13/01/2026 21:51
OMP1025-07,28/10/2025,N/A,Ceyomur,None,OMP7_VD_00125,13/01/2026 21:51,Animal,Noah Sills,1,Marmosa murina,13/01/2026 21:51
OMP1025-07,28/10/2025,N/A,Ceyomur,None,OMP7_00090,13/01/2026 0:55,Animal,Noah Sills,1,Marmosa murina,13/01/2026 0:55
OMP1025-12,28/10/2025,30/01/2026,Ceyomur,None,OMP12_00349,46034.73157,Animal,Noah Sills,1,Pteronura brasiliensis,33:27.6
OMP1025-12,28/10/2025,30/01/2026,Ceyomur,None,OMP12_00348,46034.72998,Animal,Noah Sills,1,Pteronura brasiliensis,31:10.3
OMP1025-12,28/10/2025,30/01/2026,Ceyomur,None,OMP12_00347,46034.72792,Animal,Noah Sills,3,Pteronura brasiliensis,28:12.3
OMP1025-12,28/10/2025,30/01/2026,Ceyomur,None,OMP12_VD_00346,12/01/2026 17:28,Animal,Noah Sills,3,Pteronura brasiliensis,12/01/2026 17:28
OMP1025-12,28/10/2025,30/01/2026,Ceyomur,None,OMP12_00320,46034.58528,Animal,Noah Sills,1,Pteronura brasiliensis,02:48.2
OMP1025-12,28/10/2025,30/01/2026,Ceyomur,None,OMP12_00319,46034.58432,Animal,Noah Sills,1,Pteronura brasiliensis,01:25.2
OMP1025-12,28/10/2025,30/01/2026,Ceyomur,None,OMP12_00317,46034.58093,Animal,Noah Sills,1,Pteronura brasiliensis,56:32.4
OMP1025-12,28/10/2025,30/01/2026,Ceyomur,None,OMP12_00315,46034.57924,Animal,Noah Sills,1,Pteronura brasiliensis,54:06.3
OMP1025-12,28/10/2025,30/01/2026,Ceyomur,None,OMP12_00314,46034.57854,Animal,Noah Sills,1,Pteronura brasiliensis,53:05.9
OMP1025-12,28/10/2025,30/01/2026,Ceyomur,None,OMP12_00313,46034.57476,Animal,Noah Sills,1,Pteronura brasiliensis,47:39.3
OMP1025-12,28/10/2025,30/01/2026,Ceyomur,None,OMP12_00312,46034.57433,Animal,Noah Sills,3,Pteronura brasiliensis,47:02.1
OMP1025-12,28/10/2025,30/01/2026,Ceyomur,None,OMP12_00311,46034.57145,Animal,Noah Sills,3,Pteronura brasiliensis,42:53.3
OMP1025-14,28/10/2025,30/01/2026,Ceyomur,None,OMP14_00052,12/01/2026 12:50,Animal,Noah Sills,1,Leptotila verreauxi,12/01/2026 12:50
OMP1025-07,28/10/2025,N/A,Ceyomur,None,OMP7_00085,10/01/2026 21:23,Animal,Noah Sills,1,Procyon cancrivorus,10/01/2026 21:23
OMP1025-06,28/10/2025,30/01/2026,Ceyomur,None,OMP6_VD_00077,46032.64662,Animal,Noah Sills,1,Leptotila verreauxi,31:08.0
OMP1025-14,28/10/2025,30/01/2026,Ceyomur,None,OMP14_00051,10/01/2026 6:44,Animal,Noah Sills,1,Tigrisoma lineatum,10/01/2026 6:44
OMP1025-14,28/10/2025,30/01/2026,Ceyomur,None,OMP14_VD_00051,10/01/2026 6:44,Animal,Noah Sills,1,Tigrisoma lineatum,10/01/2026 6:44
OMP1025-14,28/10/2025,30/01/2026,Ceyomur,None,OMP14_00050,10/01/2026 6:41,Animal,Noah Sills,1,Tigrisoma lineatum,10/01/2026 6:41
OMP1025-12,28/10/2025,30/01/2026,Ceyomur,None,OMP12_00305,46031.5352,Animal,Noah Sills,1,Pteronura brasiliensis,50:41.3
OMP1025-14,28/10/2025,30/01/2026,Ceyomur,None,OMP14_00049,09/01/2026 6:30,Animal,Noah Sills,1,Tigrisoma lineatum,09/01/2026 6:30
OMP1025-07,28/10/2025,N/A,Ceyomur,None,OMP7_00084,09/01/2026 5:12,Animal,Noah Sills,1,Procyon cancrivorus,09/01/2026 5:12
OMP1025-07,28/10/2025,N/A,Ceyomur,None,OMP7_00080,09/01/2026 5:03,Animal,Noah Sills,1,Procyon cancrivorus,09/01/2026 5:03
OMP1025-14,28/10/2025,30/01/2026,Ceyomur,None,OMP14_00048,08/01/2026 23:42,Animal,Noah Sills,1,Cuniculus paca,08/01/2026 23:42
OMP1025-09,28/10/2025,30/01/2026,Ceyomur,None,OMP9_00018,08/01/2026 23:42,Animal,Noah Sills,1,Cuniculus paca,08/01/2026 23:42
OMP1025-16,28/10/2025,30/01/2026,Ceyomur,None,OMP16_00041,08/01/2026 23:22,Animal,Noah Sills,1,Cuniculus paca,08/01/2026 23:22
OMP1025-16,28/10/2025,30/01/2026,Ceyomur,None,OMP16_00040,08/01/2026 21:30,Animal,Noah Sills,1,Cuniculus paca,08/01/2026 21:30
OMP1025-14,28/10/2025,30/01/2026,Ceyomur,None,OMP14_00047,08/01/2026 21:02,Animal,Noah Sills,1,Cuniculus paca,08/01/2026 21:02
OMP1025-09,28/10/2025,30/01/2026,Ceyomur,None,OMP9_00017,08/01/2026 21:02,Animal,Noah Sills,1,Cuniculus paca,08/01/2026 21:02
OMP1025-14,28/10/2025,30/01/2026,Ceyomur,None,OMP14_00046,08/01/2026 21:01,Animal,Noah Sills,1,Cuniculus paca,08/01/2026 21:01
OMP1025-06,28/10/2025,30/01/2026,Ceyomur,None,OMP6_VD_00075,46030.54727,Animal,Noah Sills,1,Leptotila verreauxi,08:04.1
OMP1025-06,28/10/2025,30/01/2026,Ceyomur,None,OMP6_00074,46030.54725,Animal,Noah Sills,1,Leptotila verreauxi,08:02.4
OMP1025-16,28/10/2025,30/01/2026,Ceyomur,None,OMP16_VD_00039,08/01/2026 10:05,Animal,Noah Sills,1,Leptotila verreauxi,08/01/2026 10:05
OMP1025-07,28/10/2025,N/A,Ceyomur,None,OMP7_00079,08/01/2026 7:11,Animal,Noah Sills,1,Buteogallus urubitinga,08/01/2026 7:11
OMP1025-07,28/10/2025,N/A,Ceyomur,None,OMP7_00077,08/01/2026 6:09,Animal,Noah Sills,1,Buteogallus aequinoctialis,08/01/2026 6:09
OMP1025-07,28/10/2025,N/A,Ceyomur,None,OMP7_00076,08/01/2026 3:13,Animal,Noah Sills,1,Marmosa murina,08/01/2026 3:13
OMP1025-07,28/10/2025,N/A,Ceyomur,None,OMP7_00075,08/01/2026 1:46,Animal,Noah Sills,1,Marmosa murina,08/01/2026 1:46
OMP1025-12,28/10/2025,30/01/2026,Ceyomur,None,OMP12_VD_00300,07/01/2026 22:46,Animal,Noah Sills,1,Chiroptera sp.,07/01/2026 22:46
OMP1025-07,28/10/2025,N/A,Ceyomur,None,OMP7_VD_00124,07/01/2026 5:40,Animal,Noah Sills,2,Procyon cancrivorus,07/01/2026 5:40
OMP1025-07,28/10/2025,N/A,Ceyomur,None,OMP7_00073,07/01/2026 5:31,Animal,Noah Sills,1,Marmosa murina,07/01/2026 5:31
OMP1025-06,28/10/2025,30/01/2026,Ceyomur,None,OMP6_00073,46028.63361,Animal,Noah Sills,1,Pteronura brasiliensis,12:23.9
OMP1025-06,28/10/2025,30/01/2026,Ceyomur,None,OMP6_00072,46028.63271,Animal,Noah Sills,1,Pteronura brasiliensis,11:06.1
OMP1025-06,28/10/2025,30/01/2026,Ceyomur,None,OMP6_00071,46028.63079,Animal,Noah Sills,2,Pteronura brasiliensis,08:20.3
OMP1025-06,28/10/2025,30/01/2026,Ceyomur,None,OMP6_VD_00071,46028.63056,Animal,Noah Sills,7,Pteronura brasiliensis,08:00.4
OMP1025-15,28/10/2025,30/01/2026,Ceyomur,None,OMP15_00065,06/01/2026 15:08,Animal,Noah Sills,3,Pteronura brasiliensis,06/01/2026 15:08
OMP1025-15,28/10/2025,30/01/2026,Ceyomur,None,OMP15_VD_00067,06/01/2026 15:08,Animal,Noah Sills,3,Pteronura brasiliensis,06/01/2026 15:08
OMP1025-06,28/10/2025,30/01/2026,Ceyomur,None,OMP6_00070,46028.63044,Animal,Noah Sills,2,Pteronura brasiliensis,07:50.0
OMP1025-06,28/10/2025,30/01/2026,Ceyomur,None,OMP6_VD_00070,46028.63003,Animal,Noah Sills,7,Pteronura brasiliensis,07:14.6
OMP1025-06,28/10/2025,30/01/2026,Ceyomur,None,OMP6_00069,46028.63001,Animal,Noah Sills,7,Pteronura brasiliensis,07:12.9
OMP1025-06,28/10/2025,30/01/2026,Ceyomur,None,OMP6_00068,46028.62966,Animal,Noah Sills,2,Pteronura brasiliensis,06:42.6
OMP1025-06,28/10/2025,30/01/2026,Ceyomur,None,OMP6_00067,46028.62869,Animal,Noah Sills,1,Pteronura brasiliensis,05:18.8
OMP1025-06,28/10/2025,30/01/2026,Ceyomur,None,OMP6_00066,46028.59472,Animal,Noah Sills,1,Pteronura brasiliensis,16:23.8
OMP1025-06,28/10/2025,30/01/2026,Ceyomur,None,OMP6_00064,46028.59277,Animal,Noah Sills,1,Pteronura brasiliensis,13:35.3
OMP1025-06,28/10/2025,30/01/2026,Ceyomur,None,OMP6_00062,46028.59134,Animal,Noah Sills,2,Pteronura brasiliensis,11:31.8
OMP1025-06,28/10/2025,30/01/2026,Ceyomur,None,OMP6_VD_00062,46028.59095,Animal,Noah Sills,7,Pteronura brasiliensis,10:58.1
OMP1025-06,28/10/2025,30/01/2026,Ceyomur,None,OMP6_00061,46028.59091,Animal,Noah Sills,2,Pteronura brasiliensis,10:54.6
OMP1025-06,28/10/2025,30/01/2026,Ceyomur,None,OMP6_VD_00061,46028.59025,Animal,Noah Sills,7,Pteronura brasiliensis,09:57.6
OMP1025-06,28/10/2025,30/01/2026,Ceyomur,None,OMP6_00060,46028.59023,Animal,Noah Sills,3,Pteronura brasiliensis,09:55.9
OMP1025-06,28/10/2025,30/01/2026,Ceyomur,None,OMP6_00059,46028.58969,Animal,Noah Sills,1,Pteronura brasiliensis,09:09.2
OMP1025-06,28/10/2025,30/01/2026,Ceyomur,None,OMP6_00058,46028.58933,Animal,Noah Sills,2,Pteronura brasiliensis,08:38.1
OMP1025-06,28/10/2025,30/01/2026,Ceyomur,None,OMP6_VD_00058,46028.58902,Animal,Noah Sills,1,Pteronura brasiliensis,08:11.3
OMP1025-06,28/10/2025,30/01/2026,Ceyomur,None,OMP6_00057,46028.58898,Animal,Noah Sills,1,Pteronura brasiliensis,08:07.9
OMP1025-16,28/10/2025,30/01/2026,Ceyomur,None,OMP16_00037,06/01/2026 3:10,Animal,Noah Sills,1,Leopardus pardalis,06/01/2026 3:10
OMP1025-16,28/10/2025,30/01/2026,Ceyomur,None,OMP16_VD_00035,06/01/2026 1:29,Animal,Noah Sills,1,Mazama americana,06/01/2026 1:29
OMP1025-07,28/10/2025,N/A,Ceyomur,None,OMP7_00072,05/01/2026 12:43,Animal,Noah Sills,1,Buteogallus aequinoctialis,05/01/2026 12:43
OMP1025-06,28/10/2025,30/01/2026,Ceyomur,None,OMP6_00056,46026.54726,Animal,Noah Sills,1,Dasyprocta leporina,08:03.3
OMP1025-06,28/10/2025,30/01/2026,Ceyomur,None,OMP6_00055,46026.54688,Animal,Noah Sills,1,Dasyprocta leporina,07:30.4
OMP1025-06,28/10/2025,30/01/2026,Ceyomur,None,OMP6_VD_00055,46026.54654,Animal,Noah Sills,1,Dasyprocta leporina,07:01.1
OMP1025-06,28/10/2025,30/01/2026,Ceyomur,None,OMP6_00054,46026.54652,Animal,Noah Sills,1,Dasyprocta leporina,06:59.3
OMP1025-12,28/10/2025,30/01/2026,Ceyomur,None,OMP12_00298,46026.40993,Animal,Noah Sills,3,Pteronura brasiliensis,50:18.0
OMP1025-12,28/10/2025,30/01/2026,Ceyomur,None,OMP12_00297,46026.4094,Animal,Noah Sills,3,Pteronura brasiliensis,49:32.2
OMP1025-14,28/10/2025,30/01/2026,Ceyomur,None,OMP14_00045,03/01/2026 9:34,Animal,Noah Sills,1,Leptotila verreauxi,03/01/2026 9:34
OMP1025-16,28/10/2025,30/01/2026,Ceyomur,None,OMP16_00033,03/01/2026 8:11,Animal,Noah Sills,1,Nasua nasua,03/01/2026 8:11
OMP1025-16,28/10/2025,30/01/2026,Ceyomur,None,OMP16_VD_00033,03/01/2026 8:11,Animal,Noah Sills,1,Nasua nasua,03/01/2026 8:11
OMP1025-16,28/10/2025,30/01/2026,Ceyomur,None,OMP16_00032,02/01/2026 20:33,Animal,Noah Sills,1,Leopardus pardalis,02/01/2026 20:33
OMP1025-16,28/10/2025,30/01/2026,Ceyomur,None,OMP16_VD_00032,02/01/2026 20:33,Animal,Noah Sills,1,Leopardus pardalis,02/01/2026 20:33
OMP1025-07,28/10/2025,N/A,Ceyomur,None,OMP7_00070,31/12/2025 21:23,Animal,Noah Sills,1,Procyon cancrivorus,31/12/2025 21:23
OMP1025-20,29/10/2025,30/01/2026,Izeeker,None,OMP20_00037,31/12/2025 20:54,Animal,Noah Sills,1,Mazama americana,31/12/2025 20:54
OMP1025-16,28/10/2025,30/01/2026,Ceyomur,None,OMP16_00031,31/12/2025 6:40,Animal,Noah Sills,1,Leopardus pardalis,31/12/2025 6:40
OMP1025-07,28/10/2025,N/A,Ceyomur,None,OMP7_00068,30/12/2025 23:57,Animal,Noah Sills,1,Procyon cancrivorus,30/12/2025 23:57
OMP1025-07,28/10/2025,N/A,Ceyomur,None,OMP7_00065,30/12/2025 18:41,Animal,Noah Sills,2,Procyon cancrivorus,30/12/2025 18:41
OMP1025-07,28/10/2025,N/A,Ceyomur,None,OMP7_00066,30/12/2025 12:16,Animal,Noah Sills,3,Eudocimus ruber,30/12/2025 12:16
OMP1025-07,28/10/2025,N/A,Ceyomur,None,OMP7_00064,30/12/2025 12:13,Animal,Noah Sills,5,Eudocimus ruber,30/12/2025 12:13
OMP1025-07,28/10/2025,N/A,Ceyomur,None,OMP7_00063,30/12/2025 12:11,Animal,Noah Sills,4,Eudocimus ruber,30/12/2025 12:11
OMP1025-07,28/10/2025,N/A,Ceyomur,None,OMP7_00069,30/12/2025 12:11,Animal,Noah Sills,3,Eudocimus ruber,30/12/2025 12:11
OMP1025-07,28/10/2025,N/A,Ceyomur,None,OMP7_00062,30/12/2025 12:10,Animal,Noah Sills,5,Eudocimus ruber,30/12/2025 12:10
OMP1025-07,28/10/2025,N/A,Ceyomur,None,OMP7_00059,30/12/2025 12:06,Animal,Noah Sills,5,Eudocimus ruber,30/12/2025 12:06
OMP1025-07,28/10/2025,N/A,Ceyomur,None,OMP7_00061,30/12/2025 12:06,Animal,Noah Sills,6,Eudocimus ruber,30/12/2025 12:06
OMP1025-07,28/10/2025,N/A,Ceyomur,None,OMP7_00056,30/12/2025 12:05,Animal,Noah Sills,5,Eudocimus ruber,30/12/2025 12:05
OMP1025-07,28/10/2025,N/A,Ceyomur,None,OMP7_00060,30/12/2025 12:05,Animal,Noah Sills,6,Eudocimus ruber,30/12/2025 12:05
OMP1025-07,28/10/2025,N/A,Ceyomur,None,OMP7_00058,30/12/2025 12:04,Animal,Noah Sills,5,Eudocimus ruber,30/12/2025 12:04
OMP1025-07,28/10/2025,N/A,Ceyomur,None,OMP7_00053,30/12/2025 12:03,Animal,Noah Sills,5,Eudocimus ruber,30/12/2025 12:03
OMP1025-07,28/10/2025,N/A,Ceyomur,None,OMP7_00057,30/12/2025 12:03,Animal,Noah Sills,5,Eudocimus ruber,30/12/2025 12:03
OMP1025-07,28/10/2025,N/A,Ceyomur,None,OMP7_00055,30/12/2025 12:02,Animal,Noah Sills,2,Eudocimus ruber,30/12/2025 12:02
OMP1025-14,28/10/2025,30/01/2026,Ceyomur,None,OMP14_00044,30/12/2025 7:04,Animal,Noah Sills,1,Nasua nasua,30/12/2025 7:04
OMP1025-09,28/10/2025,30/01/2026,Ceyomur,None,OMP9_00015,30/12/2025 7:03,Animal,Noah Sills,1,Nasua nasua,30/12/2025 7:03
OMP1025-09,28/10/2025,30/01/2026,Ceyomur,None,OMP9_VD_00015,30/12/2025 7:03,Animal,Noah Sills,1,Nasua nasua,30/12/2025 7:03
OMP1025-14,28/10/2025,30/01/2026,Ceyomur,None,OMP14_00043,30/12/2025 4:11,Animal,Noah Sills,1,Cuniculus paca,30/12/2025 4:11
OMP1025-09,28/10/2025,30/01/2026,Ceyomur,None,OMP9_00014,30/12/2025 4:10,Animal,Noah Sills,1,Cuniculus paca,30/12/2025 4:10
OMP1025-14,28/10/2025,30/01/2026,Ceyomur,None,OMP14_00042,30/12/2025 4:01,Animal,Noah Sills,1,Cuniculus paca,30/12/2025 4:01
OMP1025-14,28/10/2025,30/01/2026,Ceyomur,None,OMP14_VD_00042,30/12/2025 4:01,Animal,Noah Sills,1,Cuniculus paca,30/12/2025 4:01
OMP1025-09,28/10/2025,30/01/2026,Ceyomur,None,OMP9_00013,30/12/2025 4:01,Animal,Noah Sills,1,Cuniculus paca,30/12/2025 4:01
OMP1025-17,28/10/2025,30/01/2026,Izeeker,None,OMP17_VD_00200,28/12/2025 12:40,Animal,Noah Sills,1,Trochilidae sp.,28/12/2025 12:40
OMP1025-04,28/10/2025,30/01/2026,Ceyomur,None,OMP4_VD_00002,28/12/2025 5:39,Animal,Noah Sills,1,Leopardus pardalis,28/12/2025 5:39
OMP1025-07,28/10/2025,N/A,Ceyomur,None,OMP7_00054,28/12/2025 3:09,Animal,Noah Sills,1,Marmosa murina,28/12/2025 3:09
OMP1025-07,28/10/2025,N/A,Ceyomur,None,OMP7_00051,28/12/2025 1:07,Animal,Noah Sills,1,Marmosa murina,28/12/2025 1:07
OMP1025-07,28/10/2025,N/A,Ceyomur,None,OMP7_00050,46017.46913,Animal,Noah Sills,1,Buteogallus aequinoctialis,15:32.8
OMP1025-07,28/10/2025,N/A,Ceyomur,None,OMP7_00045,26/12/2025 3:56,Animal,Noah Sills,1,Procyon cancrivorus,26/12/2025 3:56
OMP1025-07,28/10/2025,N/A,Ceyomur,None,OMP7_00046,25/12/2025 22:52,Animal,Noah Sills,1,Procyon cancrivorus,25/12/2025 22:52
OMP1025-14,28/10/2025,30/01/2026,Ceyomur,None,OMP14_00041,25/12/2025 14:05,Animal,Noah Sills,1,Leptotila verreauxi,25/12/2025 14:05
OMP1025-16,28/10/2025,30/01/2026,Ceyomur,None,OMP16_00029,25/12/2025 9:44,Animal,Noah Sills,2,Pteronura brasiliensis,25/12/2025 9:44
OMP1025-16,28/10/2025,30/01/2026,Ceyomur,None,OMP16_VD_00029,25/12/2025 9:44,Animal,Noah Sills,2,Pteronura brasiliensis,25/12/2025 9:44
OMP1025-07,28/10/2025,N/A,Ceyomur,None,OMP7_00048,24/12/2025 22:48,Animal,Noah Sills,1,Procyon cancrivorus,24/12/2025 22:48
OMP1025-07,28/10/2025,N/A,Ceyomur,None,OMP7_00047,46015.74721,Animal,Noah Sills,1,Procyon cancrivorus,55:58.9
OMP1025-14,28/10/2025,30/01/2026,Ceyomur,None,OMP14_00040,24/12/2025 12:22,Animal,Noah Sills,1,Leptotila verreauxi,24/12/2025 12:22
OMP1025-01,28/10/2025,30/01/2026,Ceyomur,None,OMP1_00018,24/12/2025 4:13,Animal,Noah Sills,1,Rodentia sp.,24/12/2025 4:13
OMP1025-01,28/10/2025,30/01/2026,Ceyomur,None,OMP1_00017 (VD),24/12/2025 2:05,Animal,Noah Sills,1,Rodentia sp.,24/12/2025 2:05
OMP1025-06,28/10/2025,30/01/2026,Ceyomur,None,OMP6_00053,46014.6786,Animal,Noah Sills,1,Dasyprocta leporina,17:11.0
OMP1025-06,28/10/2025,30/01/2026,Ceyomur,None,OMP6_VD_00053,46014.67825,Animal,Noah Sills,1,Dasyprocta leporina,16:40.8
OMP1025-06,28/10/2025,30/01/2026,Ceyomur,None,OMP6_00052,46014.67824,Animal,Noah Sills,1,Dasyprocta leporina,16:39.9
OMP1025-06,28/10/2025,30/01/2026,Ceyomur,None,OMP6_VD_00052,46014.67628,Animal,Noah Sills,1,Dasyprocta leporina,13:50.6
OMP1025-06,28/10/2025,30/01/2026,Ceyomur,None,OMP6_00051,46014.67626,Animal,Noah Sills,1,Dasyprocta leporina,13:48.9
OMP1025-06,28/10/2025,30/01/2026,Ceyomur,None,OMP6_VD_00051,46014.67539,Animal,Noah Sills,1,Dasyprocta leporina,12:33.7
OMP1025-06,28/10/2025,30/01/2026,Ceyomur,None,OMP6_00050,46014.67537,Animal,Noah Sills,1,Dasyprocta leporina,12:32.0
OMP1025-16,28/10/2025,30/01/2026,Ceyomur,None,OMP16_VD_00027,23/12/2025 7:03,Animal,Noah Sills,1,Leopardus pardalis,23/12/2025 7:03
OMP1025-16,28/10/2025,30/01/2026,Ceyomur,None,OMP16_00025,23/12/2025 2:04,Animal,Noah Sills,1,Leopardus pardalis,23/12/2025 2:04
OMP1025-14,28/10/2025,30/01/2026,Ceyomur,None,OMP14_00039,21/12/2025 11:21,Animal,Noah Sills,1,Leptotila verreauxi,21/12/2025 11:21
OMP1025-07,28/10/2025,N/A,Ceyomur,None,OMP7_00042,21/12/2025 5:12,Animal,Noah Sills,1,Marmosa murina,21/12/2025 5:12
OMP1025-14,28/10/2025,30/01/2026,Ceyomur,None,OMP14_00038,20/12/2025 11:15,Animal,Noah Sills,1,Leptotila verreauxi,20/12/2025 11:15
OMP1025-07,28/10/2025,N/A,Ceyomur,None,OMP7_00038,20/12/2025 3:36,Animal,Noah Sills,1,Marmosa murina,20/12/2025 3:36
OMP1025-07,28/10/2025,N/A,Ceyomur,None,OMP7_00039,20/12/2025 2:39,Animal,Noah Sills,1,Procyon cancrivorus,20/12/2025 2:39
OMP1025-07,28/10/2025,N/A,Ceyomur,None,OMP7_00040,19/12/2025 21:43,Animal,Noah Sills,1,Marmosa murina,19/12/2025 21:43
OMP1025-14,28/10/2025,30/01/2026,Ceyomur,None,OMP14_00037,19/12/2025 8:34,Animal,Noah Sills,1,Leptotila verreauxi,19/12/2025 8:34
OMP1025-07,28/10/2025,N/A,Ceyomur,None,OMP7_00037,19/12/2025 5:36,Animal,Noah Sills,1,Procyon cancrivorus,19/12/2025 5:36
OMP1025-14,28/10/2025,30/01/2026,Ceyomur,None,OMP14_00036,18/12/2025 12:49,Animal,Noah Sills,1,Tupinambis teguixin,18/12/2025 12:49
OMP1025-14,28/10/2025,30/01/2026,Ceyomur,None,OMP14_00035,18/12/2025 12:35,Animal,Noah Sills,1,Tupinambis teguixin,18/12/2025 12:35
OMP1025-14,28/10/2025,30/01/2026,Ceyomur,None,OMP14_00034,18/12/2025 9:52,Animal,Noah Sills,1,Leptotila verreauxi,18/12/2025 9:52
OMP1025-06,28/10/2025,30/01/2026,Ceyomur,None,OMP6_VD_00049,46008.20882,Animal,Noah Sills,1,Marmosa murina,00:42.0
OMP1025-06,28/10/2025,30/01/2026,Ceyomur,None,OMP6_00048,46008.20881,Animal,Noah Sills,1,Marmosa murina,00:41.2
OMP1025-13,28/10/2025,30/01/2026,Ceyomur,None,OMP13_00064,16/12/2025 18:40,Animal,Noah Sills,1,Rodentia sp.,16/12/2025 18:40
OMP1025-14,28/10/2025,30/01/2026,Ceyomur,None,OMP14_00032,16/12/2025 1:14,Animal,Noah Sills,1,Cuniculus paca,16/12/2025 1:14
OMP1025-14,28/10/2025,30/01/2026,Ceyomur,None,OMP14_00033,16/12/2025 1:14,Animal,Noah Sills,1,Cuniculus paca,16/12/2025 1:14
OMP1025-09,28/10/2025,30/01/2026,Ceyomur,None,OMP9_00011,16/12/2025 1:14,Animal,Noah Sills,1,Cuniculus paca,16/12/2025 1:14
OMP1025-09,28/10/2025,30/01/2026,Ceyomur,None,OMP9_VD_00011,16/12/2025 1:14,Animal,Noah Sills,1,Cuniculus paca,16/12/2025 1:14
OMP1025-09,28/10/2025,30/01/2026,Ceyomur,None,OMP9_00012,16/12/2025 1:14,Animal,Noah Sills,1,Cuniculus paca,16/12/2025 1:14
OMP1025-14,28/10/2025,30/01/2026,Ceyomur,None,OMP14_00031,16/12/2025 1:13,Animal,Noah Sills,1,Cuniculus paca,16/12/2025 1:13
OMP1025-09,28/10/2025,30/01/2026,Ceyomur,None,OMP9_00010,16/12/2025 1:13,Animal,Noah Sills,1,Cuniculus paca,16/12/2025 1:13
OMP1025-19,29/10/2025,30/01/2026,Izeeker,None,OMP19_VD_00036,15/12/2025 22:20,Animal,Noah Sills,1,Marmosa murina,15/12/2025 22:20
OMP1025-14,28/10/2025,30/01/2026,Ceyomur,None,OMP14_00030,15/12/2025 12:59,Animal,Noah Sills,1,Leptotila verreauxi,15/12/2025 12:59
OMP1025-19,29/10/2025,30/01/2026,Izeeker,None,OMP19_VD_00034,15/12/2025 4:22,Animal,Noah Sills,1,Rodentia sp.,15/12/2025 4:22
OMP1025-14,28/10/2025,30/01/2026,Ceyomur,None,OMP14_00029,14/12/2025 7:35,Animal,Noah Sills,1,Leptotila verreauxi,14/12/2025 7:35
OMP1025-07,28/10/2025,N/A,Ceyomur,None,OMP7_00035,13/12/2025 23:01,Animal,Noah Sills,1,Marmosa murina,13/12/2025 23:01
OMP1025-14,28/10/2025,30/01/2026,Ceyomur,None,OMP14_00028,13/12/2025 8:02,Animal,Noah Sills,1,Leptotila verreauxi,13/12/2025 8:02
OMP1025-14,28/10/2025,30/01/2026,Ceyomur,None,OMP14_00027,12/12/2025 13:05,Animal,Noah Sills,1,Leptotila verreauxi,12/12/2025 13:05
OMP1025-14,28/10/2025,30/01/2026,Ceyomur,None,OMP14_00026,12/12/2025 12:59,Animal,Noah Sills,1,Leptotila verreauxi,12/12/2025 12:59
OMP1025-14,28/10/2025,30/01/2026,Ceyomur,None,OMP14_00025,12/12/2025 10:34,Animal,Noah Sills,1,Leptotila verreauxi,12/12/2025 10:34
OMP1025-14,28/10/2025,30/01/2026,Ceyomur,None,OMP14_00024,12/12/2025 10:21,Animal,Noah Sills,1,Leptotila verreauxi,12/12/2025 10:21
OMP1025-06,28/10/2025,30/01/2026,Ceyomur,None,OMP6_00046,46003.42269,Animal,Noah Sills,1,Busarellus nigricollis,08:40.4
OMP1025-06,28/10/2025,30/01/2026,Ceyomur,None,OMP6_00045,46003.40027,Animal,Noah Sills,1,Busarellus nigricollis,36:23.3
OMP1025-06,28/10/2025,30/01/2026,Ceyomur,None,OMP6_00044,46003.39669,Animal,Noah Sills,1,Busarellus nigricollis,31:14.0
OMP1025-06,28/10/2025,30/01/2026,Ceyomur,None,OMP6_00043,46003.39537,Animal,Noah Sills,1,Busarellus nigricollis,29:20.0
OMP1025-06,28/10/2025,30/01/2026,Ceyomur,None,OMP6_00042,46003.39464,Animal,Noah Sills,1,Busarellus nigricollis,28:16.9
OMP1025-06,28/10/2025,30/01/2026,Ceyomur,None,OMP6_VD_00042,46003.39177,Animal,Noah Sills,1,Busarellus nigricollis,24:08.9
OMP1025-06,28/10/2025,30/01/2026,Ceyomur,None,OMP6_00041,46003.39175,Animal,Noah Sills,1,Busarellus nigricollis,24:07.2
OMP1025-06,28/10/2025,30/01/2026,Ceyomur,None,OMP6_VD_00041,46003.38708,Animal,Noah Sills,1,Busarellus nigricollis,17:23.7
OMP1025-06,28/10/2025,30/01/2026,Ceyomur,None,OMP6_00040,46003.38706,Animal,Noah Sills,1,Busarellus nigricollis,17:22.0
OMP1025-07,28/10/2025,N/A,Ceyomur,None,OMP7_00034,12/12/2025 4:59,Animal,Noah Sills,1,Procyon cancrivorus,12/12/2025 4:59
OMP1025-06,28/10/2025,30/01/2026,Ceyomur,None,OMP6_00039,46002.68831,Animal,Noah Sills,1,Pteronura brasiliensis,31:10.0
OMP1025-14,28/10/2025,30/01/2026,Ceyomur,None,OMP14_00023,11/12/2025 12:10,Animal,Noah Sills,1,Leptotila verreauxi,11/12/2025 12:10
OMP1025-14,28/10/2025,30/01/2026,Ceyomur,None,OMP14_00022,11/12/2025 12:07,Animal,Noah Sills,1,Leptotila verreauxi,11/12/2025 12:07
OMP1025-17,28/10/2025,30/01/2026,Izeeker,None,OMP17_00171,11/12/2025 11:58,Animal,Noah Sills,1,Pteronura brasiliensis,11/12/2025 11:58
OMP1025-17,28/10/2025,30/01/2026,Izeeker,None,OMP17_VD_00172,11/12/2025 11:58,Animal,Noah Sills,1,Pteronura brasiliensis,11/12/2025 11:58
OMP1025-14,28/10/2025,30/01/2026,Ceyomur,None,OMP14_00021,11/12/2025 11:43,Animal,Noah Sills,1,Leptotila verreauxi,11/12/2025 11:43
OMP1025-10,29/10/2025,30/01/2026,Ceyomur,None,OMP10_VD_00007,10/12/2025 18:40,Animal,Noah Sills,1,Chiroptera sp.,10/12/2025 18:40
OMP1025-14,28/10/2025,30/01/2026,Ceyomur,None,OMP14_00020,10/12/2025 14:04,Animal,Noah Sills,1,Leptotila verreauxi,10/12/2025 14:04
OMP1025-14,28/10/2025,30/01/2026,Ceyomur,None,OMP14_00019,10/12/2025 14:02,Animal,Noah Sills,2,Leptotila verreauxi,10/12/2025 14:02
OMP1025-07,28/10/2025,N/A,Ceyomur,None,OMP7_00032,10/12/2025 5:01,Animal,Noah Sills,1,Procyon cancrivorus,10/12/2025 5:01
OMP1025-07,28/10/2025,N/A,Ceyomur,None,OMP7_00033,10/12/2025 5:00,Animal,Noah Sills,1,Procyon cancrivorus,10/12/2025 5:00
OMP1025-07,28/10/2025,N/A,Ceyomur,None,OMP7_00031,09/12/2025 3:48,Animal,Noah Sills,1,Marmosa murina,09/12/2025 3:48
OMP1025-07,28/10/2025,N/A,Ceyomur,None,OMP7_00030,08/12/2025 23:56,Animal,Noah Sills,1,Marmosa murina,08/12/2025 23:56
OMP1025-20,29/10/2025,30/01/2026,Izeeker,None,OMP20_00035,08/12/2025 22:28,Animal,Noah Sills,1,Puma concolor,08/12/2025 22:28
OMP1025-13,28/10/2025,30/01/2026,Ceyomur,None,OMP13_00040,06/12/2025 5:41,Animal,Noah Sills,1,Agamia agami,06/12/2025 5:41
OMP1025-13,28/10/2025,30/01/2026,Ceyomur,None,OMP13_VD_00040,06/12/2025 5:41,Animal,Noah Sills,1,Agamia agami,06/12/2025 5:41
OMP1025-13,28/10/2025,30/01/2026,Ceyomur,None,OMP13_00041,06/12/2025 5:41,Animal,Noah Sills,1,Agamia agami,06/12/2025 5:41
OMP1025-13,28/10/2025,30/01/2026,Ceyomur,None,OMP13_VD_00041,06/12/2025 5:41,Animal,Noah Sills,1,Agamia agami,06/12/2025 5:41
OMP1025-06,28/10/2025,30/01/2026,Ceyomur,None,OMP6_00038,45997.21323,Animal,Noah Sills,1,Rodentia sp.,07:03.1
OMP1025-06,28/10/2025,30/01/2026,Ceyomur,None,OMP6_VD_00038,45997.21288,Animal,Noah Sills,1,Rodentia sp.,06:32.8
OMP1025-06,28/10/2025,30/01/2026,Ceyomur,None,OMP6_00037,45997.21286,Animal,Noah Sills,1,Rodentia sp.,06:31.1
OMP1025-07,28/10/2025,N/A,Ceyomur,None,OMP7_00026,04/12/2025 2:04,Animal,Noah Sills,1,Procyon cancrivorus,04/12/2025 2:04
OMP1025-06,28/10/2025,30/01/2026,Ceyomur,None,OMP6_VD_00036,45994.42631,Animal,Noah Sills,1,Tupinambis teguixin,13:53.2
OMP1025-07,28/10/2025,N/A,Ceyomur,None,OMP7_00025,03/12/2025 1:25,Animal,Noah Sills,1,Procyon cancrivorus,03/12/2025 1:25
OMP1025-13,28/10/2025,30/01/2026,Ceyomur,None,OMP13_00038,02/12/2025 22:47,Animal,Noah Sills,1,Rodentia sp.,02/12/2025 22:47
OMP1025-13,28/10/2025,30/01/2026,Ceyomur,None,OMP13_00037,02/12/2025 22:39,Animal,Noah Sills,1,Rodentia sp.,02/12/2025 22:39
OMP1025-13,28/10/2025,30/01/2026,Ceyomur,None,OMP13_00036,02/12/2025 22:38,Animal,Noah Sills,1,Rodentia sp.,02/12/2025 22:38
OMP1025-06,28/10/2025,30/01/2026,Ceyomur,None,OMP6_VD_00035,45993.19847,Animal,Noah Sills,1,Rodentia sp.,45:47.8
OMP1025-01,28/10/2025,30/01/2026,Ceyomur,None,OMP1_00012,30/11/2025 16:16,Animal,Noah Sills,1,Ortalis motmot,30/11/2025 16:16
OMP1025-01,28/10/2025,30/01/2026,Ceyomur,None,OMP1_00012 (VD),30/11/2025 16:16,Animal,Noah Sills,2,Ortalis motmot,30/11/2025 16:16
OMP1025-12,28/10/2025,30/01/2026,Ceyomur,None,OMP12_00194,45991.36141,Animal,Noah Sills,1,Turdus leucomelas,40:25.8
OMP1025-12,28/10/2025,30/01/2026,Ceyomur,None,OMP12_00193,45991.33962,Animal,Noah Sills,1,Turdus leucomelas,09:03.2
OMP1025-12,28/10/2025,30/01/2026,Ceyomur,None,OMP12_00192,45991.33894,Animal,Noah Sills,1,Turdus leucomelas,08:04.4
OMP1025-13,28/10/2025,30/01/2026,Ceyomur,None,OMP13_00034,29/11/2025 19:42,Animal,Noah Sills,1,Rodentia sp.,29/11/2025 19:42
OMP1025-14,28/10/2025,30/01/2026,Ceyomur,None,OMP14_00018,29/11/2025 1:12,Animal,Noah Sills,1,Rodentia sp.,29/11/2025 1:12
OMP1025-13,28/10/2025,30/01/2026,Ceyomur,None,OMP13_00033,28/11/2025 18:35,Animal,Noah Sills,1,Rodentia sp.,28/11/2025 18:35
OMP1025-16,28/10/2025,30/01/2026,Ceyomur,None,OMP16_00020,28/11/2025 15:04,Animal,Noah Sills,1,Myrmecophaga tridactyla,28/11/2025 15:04
OMP1025-01,28/10/2025,30/01/2026,Ceyomur,None,OMP1_00011,28/11/2025 4:11,Animal,Noah Sills,1,Tamandua tetradactyla,28/11/2025 4:11
OMP1025-01,28/10/2025,30/01/2026,Ceyomur,None,OMP1_00011 (VD),28/11/2025 4:11,Animal,Noah Sills,1,Tamandua tetradactyla,28/11/2025 4:11
OMP1025-12,28/10/2025,30/01/2026,Ceyomur,None,OMP12_00188,45987.47834,Animal,Noah Sills,1,Pteronura brasiliensis,28:48.6
OMP1025-12,28/10/2025,30/01/2026,Ceyomur,None,OMP12_00187,45987.47757,Animal,Noah Sills,1,Pteronura brasiliensis,27:42.0
OMP1025-12,28/10/2025,30/01/2026,Ceyomur,None,OMP12_00186,45987.47709,Animal,Noah Sills,1,Pteronura brasiliensis,27:00.6
OMP1025-12,28/10/2025,30/01/2026,Ceyomur,None,OMP12_00185,45987.47637,Animal,Noah Sills,2,Pteronura brasiliensis,25:58.4
OMP1025-12,28/10/2025,30/01/2026,Ceyomur,None,OMP12_00184,45987.47602,Animal,Noah Sills,2,Pteronura brasiliensis,25:28.1
OMP1025-12,28/10/2025,30/01/2026,Ceyomur,None,OMP12_00183,45987.43638,Animal,Noah Sills,1,Pteronura brasiliensis,28:23.2
OMP1025-12,28/10/2025,30/01/2026,Ceyomur,None,OMP12_00182,45987.43597,Animal,Noah Sills,1,Pteronura brasiliensis,27:47.8
OMP1025-12,28/10/2025,30/01/2026,Ceyomur,None,OMP12_00181,45987.43464,Animal,Noah Sills,2,Pteronura brasiliensis,25:52.9
OMP1025-12,28/10/2025,30/01/2026,Ceyomur,None,OMP12_00180,45987.43429,Animal,Noah Sills,1,Pteronura brasiliensis,25:22.7
OMP1025-12,28/10/2025,30/01/2026,Ceyomur,None,OMP12_VD_00181,26/11/2025 10:25,Animal,Noah Sills,2,Pteronura brasiliensis,26/11/2025 10:25
OMP1025-12,28/10/2025,30/01/2026,Ceyomur,None,OMP12_00178,26/11/2025 10:24,Animal,Noah Sills,2,Pteronura brasiliensis,26/11/2025 10:24
OMP1025-12,28/10/2025,30/01/2026,Ceyomur,None,OMP12_00179,26/11/2025 10:24,Animal,Noah Sills,1,Pteronura brasiliensis,26/11/2025 10:24
OMP1025-12,28/10/2025,30/01/2026,Ceyomur,None,OMP12_00176,26/11/2025 10:23,Animal,Noah Sills,1,Pteronura brasiliensis,26/11/2025 10:23
OMP1025-12,28/10/2025,30/01/2026,Ceyomur,None,OMP12_00177,26/11/2025 10:23,Animal,Noah Sills,1,Pteronura brasiliensis,26/11/2025 10:23
OMP1025-12,28/10/2025,30/01/2026,Ceyomur,None,OMP12_00175,26/11/2025 10:22,Animal,Noah Sills,2,Pteronura brasiliensis,26/11/2025 10:22
OMP1025-12,28/10/2025,30/01/2026,Ceyomur,None,OMP12_00174,26/11/2025 10:21,Animal,Noah Sills,1,Pteronura brasiliensis,26/11/2025 10:21
OMP1025-12,28/10/2025,30/01/2026,Ceyomur,None,OMP12_00173,26/11/2025 10:20,Animal,Noah Sills,1,Pteronura brasiliensis,26/11/2025 10:20
OMP1025-17,28/10/2025,30/01/2026,Izeeker,None,OMP17_00103,26/11/2025 10:20,Animal,Noah Sills,3,Pteronura brasiliensis,26/11/2025 10:20
OMP1025-12,28/10/2025,30/01/2026,Ceyomur,None,OMP12_00171,26/11/2025 10:19,Animal,Noah Sills,1,Pteronura brasiliensis,26/11/2025 10:19
OMP1025-12,28/10/2025,30/01/2026,Ceyomur,None,OMP12_00172,26/11/2025 10:19,Animal,Noah Sills,2,Pteronura brasiliensis,26/11/2025 10:19
OMP1025-16,28/10/2025,30/01/2026,Ceyomur,None,OMP16_00019,26/11/2025 6:16,Animal,Noah Sills,1,Leopardus pardalis,26/11/2025 6:16
OMP1025-16,28/10/2025,30/01/2026,Ceyomur,None,OMP16_VD_00019,26/11/2025 6:16,Animal,Noah Sills,1,Leopardus pardalis,26/11/2025 6:16
OMP1025-14,28/10/2025,30/01/2026,Ceyomur,None,OMP14_00017,26/11/2025 5:42,Animal,Noah Sills,1,Leopardus pardalis,26/11/2025 5:42
OMP1025-14,28/10/2025,30/01/2026,Ceyomur,None,OMP14_VD_00017,26/11/2025 5:42,Animal,Noah Sills,1,Leopardus pardalis,26/11/2025 5:42
OMP1025-09,28/10/2025,30/01/2026,Ceyomur,None,OMP9_00008,26/11/2025 5:42,Animal,Noah Sills,1,Leopardus pardalis,26/11/2025 5:42
OMP1025-09,28/10/2025,30/01/2026,Ceyomur,None,OMP9_VD_00008,26/11/2025 5:42,Animal,Noah Sills,1,Leopardus pardalis,26/11/2025 5:42
OMP1025-12,28/10/2025,30/01/2026,Ceyomur,None,OMP12_00169,25/11/2025 13:42,Animal,Noah Sills,1,Pteronura brasiliensis,25/11/2025 13:42
OMP1025-12,28/10/2025,30/01/2026,Ceyomur,None,OMP12_00170,25/11/2025 13:42,Animal,Noah Sills,1,Pteronura brasiliensis,25/11/2025 13:42
OMP1025-12,28/10/2025,30/01/2026,Ceyomur,None,OMP12_00168,25/11/2025 13:41,Animal,Noah Sills,1,Pteronura brasiliensis,25/11/2025 13:41
OMP1025-12,28/10/2025,30/01/2026,Ceyomur,None,OMP12_00167,25/11/2025 13:40,Animal,Noah Sills,1,Pteronura brasiliensis,25/11/2025 13:40
OMP1025-12,28/10/2025,30/01/2026,Ceyomur,None,OMP12_00166,25/11/2025 13:39,Animal,Noah Sills,1,Pteronura brasiliensis,25/11/2025 13:39
OMP1025-12,28/10/2025,30/01/2026,Ceyomur,None,OMP12_00153,25/11/2025 12:12,Animal,Noah Sills,1,Pteronura brasiliensis,25/11/2025 12:12
OMP1025-12,28/10/2025,30/01/2026,Ceyomur,None,OMP12_00152,25/11/2025 12:11,Animal,Noah Sills,1,Pteronura brasiliensis,25/11/2025 12:11
OMP1025-12,28/10/2025,30/01/2026,Ceyomur,None,OMP12_00150,25/11/2025 12:10,Animal,Noah Sills,1,Pteronura brasiliensis,25/11/2025 12:10
OMP1025-12,28/10/2025,30/01/2026,Ceyomur,None,OMP12_00151,25/11/2025 12:10,Animal,Noah Sills,1,Pteronura brasiliensis,25/11/2025 12:10
OMP1025-12,28/10/2025,30/01/2026,Ceyomur,None,OMP12_00149,25/11/2025 12:09,Animal,Noah Sills,1,Pteronura brasiliensis,25/11/2025 12:09
OMP1025-12,28/10/2025,30/01/2026,Ceyomur,None,OMP12_00148,25/11/2025 12:08,Animal,Noah Sills,1,Pteronura brasiliensis,25/11/2025 12:08
OMP1025-12,28/10/2025,30/01/2026,Ceyomur,None,OMP12_00146,25/11/2025 10:58,Animal,Noah Sills,1,Pteronura brasiliensis,25/11/2025 10:58
OMP1025-12,28/10/2025,30/01/2026,Ceyomur,None,OMP12_00147,25/11/2025 10:58,Animal,Noah Sills,1,Pteronura brasiliensis,25/11/2025 10:58
OMP1025-12,28/10/2025,30/01/2026,Ceyomur,None,OMP12_00145,25/11/2025 10:57,Animal,Noah Sills,1,Pteronura brasiliensis,25/11/2025 10:57
OMP1025-12,28/10/2025,30/01/2026,Ceyomur,None,OMP12_00144,25/11/2025 10:56,Animal,Noah Sills,1,Pteronura brasiliensis,25/11/2025 10:56
OMP1025-12,28/10/2025,30/01/2026,Ceyomur,None,OMP12_00143,25/11/2025 10:54,Animal,Noah Sills,1,Pteronura brasiliensis,25/11/2025 10:54
OMP1025-12,28/10/2025,30/01/2026,Ceyomur,None,OMP12_00142,25/11/2025 10:53,Animal,Noah Sills,1,Pteronura brasiliensis,25/11/2025 10:53
OMP1025-12,28/10/2025,30/01/2026,Ceyomur,None,OMP12_00141,25/11/2025 10:52,Animal,Noah Sills,1,Pteronura brasiliensis,25/11/2025 10:52
OMP1025-12,28/10/2025,30/01/2026,Ceyomur,None,OMP12_00140,25/11/2025 10:51,Animal,Noah Sills,1,Pteronura brasiliensis,25/11/2025 10:51
OMP1025-12,28/10/2025,30/01/2026,Ceyomur,None,OMP12_00139,25/11/2025 10:50,Animal,Noah Sills,1,Pteronura brasiliensis,25/11/2025 10:50
OMP1025-12,28/10/2025,30/01/2026,Ceyomur,None,OMP12_00136,25/11/2025 9:18,Animal,Noah Sills,1,Pteronura brasiliensis,25/11/2025 9:18
OMP1025-12,28/10/2025,30/01/2026,Ceyomur,None,OMP12_00137,25/11/2025 9:18,Animal,Noah Sills,1,Pteronura brasiliensis,25/11/2025 9:18
OMP1025-12,28/10/2025,30/01/2026,Ceyomur,None,OMP12_00135,25/11/2025 9:17,Animal,Noah Sills,1,Pteronura brasiliensis,25/11/2025 9:17
OMP1025-12,28/10/2025,30/01/2026,Ceyomur,None,OMP12_VD_00134,25/11/2025 9:17,Animal,Noah Sills,3,Pteronura brasiliensis,25/11/2025 9:17
OMP1025-12,28/10/2025,30/01/2026,Ceyomur,None,OMP12_00133,25/11/2025 9:16,Animal,Noah Sills,1,Pteronura brasiliensis,25/11/2025 9:16
OMP1025-12,28/10/2025,30/01/2026,Ceyomur,None,OMP12_00134,25/11/2025 9:16,Animal,Noah Sills,1,Pteronura brasiliensis,25/11/2025 9:16
OMP1025-12,28/10/2025,30/01/2026,Ceyomur,None,OMP12_00132,25/11/2025 9:15,Animal,Noah Sills,1,Pteronura brasiliensis,25/11/2025 9:15
OMP1025-12,28/10/2025,30/01/2026,Ceyomur,None,OMP12_00131,25/11/2025 9:14,Animal,Noah Sills,1,Pteronura brasiliensis,25/11/2025 9:14
OMP1025-17,28/10/2025,30/01/2026,Izeeker,None,OMP17_00069,25/11/2025 9:14,Animal,Noah Sills,3,Pteronura brasiliensis,25/11/2025 9:14
OMP1025-12,28/10/2025,30/01/2026,Ceyomur,None,OMP12_00129,25/11/2025 9:13,Animal,Noah Sills,2,Pteronura brasiliensis,25/11/2025 9:13
OMP1025-12,28/10/2025,30/01/2026,Ceyomur,None,OMP12_00130,25/11/2025 9:13,Animal,Noah Sills,1,Pteronura brasiliensis,25/11/2025 9:13
OMP1025-17,28/10/2025,30/01/2026,Izeeker,None,OMP17_00067,25/11/2025 9:12,Animal,Noah Sills,2,Pteronura brasiliensis,25/11/2025 9:12
OMP1025-12,28/10/2025,30/01/2026,Ceyomur,None,OMP12_00128,25/11/2025 9:11,Animal,Noah Sills,1,Pteronura brasiliensis,25/11/2025 9:11
OMP1025-12,28/10/2025,30/01/2026,Ceyomur,None,OMP12_VD_00128,25/11/2025 9:11,Animal,Noah Sills,2,Pteronura brasiliensis,25/11/2025 9:11
OMP1025-12,28/10/2025,30/01/2026,Ceyomur,None,OMP12_00127,25/11/2025 9:10,Animal,Noah Sills,2,Pteronura brasiliensis,25/11/2025 9:10
OMP1025-12,28/10/2025,30/01/2026,Ceyomur,None,OMP12_00126,25/11/2025 9:09,Animal,Noah Sills,1,Pteronura brasiliensis,25/11/2025 9:09
OMP1025-16,28/10/2025,30/01/2026,Ceyomur,None,OMP16_00017,24/11/2025 21:41,Animal,Noah Sills,1,Mazama americana,24/11/2025 21:41
OMP1025-16,28/10/2025,30/01/2026,Ceyomur,None,OMP16_00018,24/11/2025 21:41,Animal,Noah Sills,1,Mazama americana,24/11/2025 21:41
OMP1025-16,28/10/2025,30/01/2026,Ceyomur,None,OMP16_00016,24/11/2025 21:40,Animal,Noah Sills,1,Mazama americana,24/11/2025 21:40
OMP1025-16,28/10/2025,30/01/2026,Ceyomur,None,OMP16_VD_00016,24/11/2025 21:40,Animal,Noah Sills,1,Mazama americana,24/11/2025 21:40
OMP1025-19,29/10/2025,30/01/2026,Izeeker,None,OMP19_VD_00030,24/11/2025 20:44,Animal,Noah Sills,1,Dasyprocta leporina,24/11/2025 20:44
OMP1025-12,28/10/2025,30/01/2026,Ceyomur,None,OMP12_00124,24/11/2025 15:43,Animal,Noah Sills,1,Pteronura brasiliensis,24/11/2025 15:43
OMP1025-12,28/10/2025,30/01/2026,Ceyomur,None,OMP12_00122,24/11/2025 15:42,Animal,Noah Sills,1,Pteronura brasiliensis,24/11/2025 15:42
OMP1025-12,28/10/2025,30/01/2026,Ceyomur,None,OMP12_00121,24/11/2025 15:41,Animal,Noah Sills,2,Pteronura brasiliensis,24/11/2025 15:41
OMP1025-12,28/10/2025,30/01/2026,Ceyomur,None,OMP12_00119,24/11/2025 15:39,Animal,Noah Sills,1,Pteronura brasiliensis,24/11/2025 15:39
OMP1025-12,28/10/2025,30/01/2026,Ceyomur,None,OMP12_00120,24/11/2025 15:39,Animal,Noah Sills,1,Pteronura brasiliensis,24/11/2025 15:39
OMP1025-12,28/10/2025,30/01/2026,Ceyomur,None,OMP12_00118,24/11/2025 15:38,Animal,Noah Sills,2,Pteronura brasiliensis,24/11/2025 15:38
OMP1025-12,28/10/2025,30/01/2026,Ceyomur,None,OMP12_00116,24/11/2025 15:37,Animal,Noah Sills,1,Pteronura brasiliensis,24/11/2025 15:37
OMP1025-12,28/10/2025,30/01/2026,Ceyomur,None,OMP12_00117,24/11/2025 15:37,Animal,Noah Sills,1,Pteronura brasiliensis,24/11/2025 15:37
OMP1025-12,28/10/2025,30/01/2026,Ceyomur,None,OMP12_00114,24/11/2025 15:36,Animal,Noah Sills,1,Pteronura brasiliensis,24/11/2025 15:36
OMP1025-12,28/10/2025,30/01/2026,Ceyomur,None,OMP12_00115,24/11/2025 15:36,Animal,Noah Sills,2,Pteronura brasiliensis,24/11/2025 15:36
OMP1025-12,28/10/2025,30/01/2026,Ceyomur,None,OMP12_00111,24/11/2025 7:46,Animal,Noah Sills,1,Pteronura brasiliensis,24/11/2025 7:46
OMP1025-12,28/10/2025,30/01/2026,Ceyomur,None,OMP12_00110,24/11/2025 7:45,Animal,Noah Sills,1,Pteronura brasiliensis,24/11/2025 7:45
OMP1025-12,28/10/2025,30/01/2026,Ceyomur,None,OMP12_00107,24/11/2025 7:42,Animal,Noah Sills,1,Pteronura brasiliensis,24/11/2025 7:42
OMP1025-12,28/10/2025,30/01/2026,Ceyomur,None,OMP12_00108,24/11/2025 7:42,Animal,Noah Sills,1,Pteronura brasiliensis,24/11/2025 7:42
OMP1025-12,28/10/2025,30/01/2026,Ceyomur,None,OMP12_00109,24/11/2025 7:42,Animal,Noah Sills,1,Pteronura brasiliensis,24/11/2025 7:42
OMP1025-12,28/10/2025,30/01/2026,Ceyomur,None,OMP12_00106,24/11/2025 7:41,Animal,Noah Sills,1,Pteronura brasiliensis,24/11/2025 7:41
OMP1025-12,28/10/2025,30/01/2026,Ceyomur,None,OMP12_00104,24/11/2025 7:40,Animal,Noah Sills,1,Pteronura brasiliensis,24/11/2025 7:40
OMP1025-12,28/10/2025,30/01/2026,Ceyomur,None,OMP12_00105,24/11/2025 7:40,Animal,Noah Sills,1,Pteronura brasiliensis,24/11/2025 7:40
OMP1025-12,28/10/2025,30/01/2026,Ceyomur,None,OMP12_00102,24/11/2025 7:39,Animal,Noah Sills,3,Pteronura brasiliensis,24/11/2025 7:39
OMP1025-12,28/10/2025,30/01/2026,Ceyomur,None,OMP12_00103,24/11/2025 7:39,Animal,Noah Sills,1,Pteronura brasiliensis,24/11/2025 7:39
OMP1025-12,28/10/2025,30/01/2026,Ceyomur,None,OMP12_00100,24/11/2025 7:38,Animal,Noah Sills,3,Pteronura brasiliensis,24/11/2025 7:38
OMP1025-12,28/10/2025,30/01/2026,Ceyomur,None,OMP12_00101,24/11/2025 7:38,Animal,Noah Sills,3,Pteronura brasiliensis,24/11/2025 7:38
OMP1025-12,28/10/2025,30/01/2026,Ceyomur,None,OMP12_00098,24/11/2025 7:37,Animal,Noah Sills,2,Pteronura brasiliensis,24/11/2025 7:37
OMP1025-12,28/10/2025,30/01/2026,Ceyomur,None,OMP12_00099,24/11/2025 7:37,Animal,Noah Sills,2,Pteronura brasiliensis,24/11/2025 7:37
OMP1025-17,28/10/2025,30/01/2026,Izeeker,None,OMP17_00029,24/11/2025 7:37,Animal,Noah Sills,3,Pteronura brasiliensis,24/11/2025 7:37
OMP1025-12,28/10/2025,30/01/2026,Ceyomur,None,OMP12_00096,24/11/2025 7:36,Animal,Noah Sills,3,Pteronura brasiliensis,24/11/2025 7:36
OMP1025-12,28/10/2025,30/01/2026,Ceyomur,None,OMP12_00097,24/11/2025 7:36,Animal,Noah Sills,2,Pteronura brasiliensis,24/11/2025 7:36
OMP1025-17,28/10/2025,30/01/2026,Izeeker,None,OMP17_VD_00027,24/11/2025 7:36,Animal,Noah Sills,3,Pteronura brasiliensis,24/11/2025 7:36
OMP1025-12,28/10/2025,30/01/2026,Ceyomur,None,OMP12_00095,24/11/2025 7:35,Animal,Noah Sills,1,Pteronura brasiliensis,24/11/2025 7:35
OMP1025-12,28/10/2025,30/01/2026,Ceyomur,None,OMP12_VD_00095,24/11/2025 7:35,Animal,Noah Sills,3,Pteronura brasiliensis,24/11/2025 7:35
OMP1025-17,28/10/2025,30/01/2026,Izeeker,None,OMP17_00027,24/11/2025 7:35,Animal,Noah Sills,3,Pteronura brasiliensis,24/11/2025 7:35
OMP1025-07,28/10/2025,N/A,Ceyomur,None,OMP7_00022,24/11/2025 4:58,Animal,Noah Sills,1,Procyon cancrivorus,24/11/2025 4:58
OMP1025-10,29/10/2025,30/01/2026,Ceyomur,None,OMP10_VD_00006,23/11/2025 7:53,Animal,Noah Sills,1,Buteogallus urubitinga,23/11/2025 7:53
OMP1025-10,29/10/2025,30/01/2026,Ceyomur,None,OMP10_00006,23/11/2025 7:52,Animal,Noah Sills,1,Buteogallus urubitinga,23/11/2025 7:52
OMP1025-14,28/10/2025,30/01/2026,Ceyomur,None,OMP14_00016,22/11/2025 10:52,Animal,Noah Sills,1,Leptotila verreauxi,22/11/2025 10:52
OMP1025-20,29/10/2025,30/01/2026,Izeeker,None,OMP20_00015,21/11/2025 22:56,Animal,Noah Sills,1,Puma concolor,21/11/2025 22:56
OMP1025-07,28/10/2025,N/A,Ceyomur,None,OMP7_00021,21/11/2025 18:55,Animal,Noah Sills,1,Marmosa murina,21/11/2025 18:55
OMP1025-07,28/10/2025,N/A,Ceyomur,None,OMP7_00020,21/11/2025 4:08,Animal,Noah Sills,1,Procyon cancrivorus,21/11/2025 4:08
OMP1025-12,28/10/2025,30/01/2026,Ceyomur,None,OMP12_00089,20/11/2025 21:47,Animal,Noah Sills,1,Hydrochoerus hydrochaeris,20/11/2025 21:47
OMP1025-12,28/10/2025,30/01/2026,Ceyomur,None,OMP12_VD_00089,20/11/2025 21:47,Animal,Noah Sills,1,Hydrochoerus hydrochaeris,20/11/2025 21:47
OMP1025-16,28/10/2025,30/01/2026,Ceyomur,None,OMP16_00015,20/11/2025 10:56,Animal,Noah Sills,1,Nasua nasua,20/11/2025 10:56
OMP1025-16,28/10/2025,30/01/2026,Ceyomur,None,OMP16_VD_00015,20/11/2025 10:56,Animal,Noah Sills,1,Nasua nasua,20/11/2025 10:56
OMP1025-14,28/10/2025,30/01/2026,Ceyomur,None,OMP14_00015,18/11/2025 19:14,Animal,Noah Sills,1,Sciurus aestuans,18/11/2025 19:14
OMP1025-12,28/10/2025,30/01/2026,Ceyomur,None,OMP12_00083,17/11/2025 15:03,Animal,Noah Sills,1,Leptotila verreauxi,17/11/2025 15:03
OMP1025-12,28/10/2025,30/01/2026,Ceyomur,None,OMP12_VD_00083,17/11/2025 15:03,Animal,Noah Sills,1,Leptotila verreauxi,17/11/2025 15:03
OMP1025-12,28/10/2025,30/01/2026,Ceyomur,None,OMP12_00082,17/11/2025 15:00,Animal,Noah Sills,1,Leptotila verreauxi,17/11/2025 15:00
OMP1025-12,28/10/2025,30/01/2026,Ceyomur,None,OMP12_00081,17/11/2025 14:59,Animal,Noah Sills,1,Leptotila verreauxi,17/11/2025 14:59
OMP1025-12,28/10/2025,30/01/2026,Ceyomur,None,OMP12_00080,17/11/2025 14:55,Animal,Noah Sills,1,Leptotila verreauxi,17/11/2025 14:55
OMP1025-12,28/10/2025,30/01/2026,Ceyomur,None,OMP12_VD_00079,17/11/2025 12:57,Animal,Noah Sills,1,Ramphocelus carbo,17/11/2025 12:57
OMP1025-14,28/10/2025,30/01/2026,Ceyomur,None,OMP14_00014,17/11/2025 10:59,Animal,Noah Sills,1,Leptotila verreauxi,17/11/2025 10:59
OMP1025-06,28/10/2025,30/01/2026,Ceyomur,None,OMP6_VD_00034,45978.3625,Animal,Noah Sills,2,Mesembrinibis cayennensis,17/11/2025 4:42
OMP1025-06,28/10/2025,30/01/2026,Ceyomur,None,OMP6_00033,45978.36247,Animal,Noah Sills,2,Mesembrinibis cayennensis,41:57.4
OMP1025-15,28/10/2025,30/01/2026,Ceyomur,None,OMP15_00026,17/11/2025 8:41,Animal,Noah Sills,1,Mesembrinibis cayennensis,17/11/2025 8:41
OMP1025-12,28/10/2025,30/01/2026,Ceyomur,None,OMP12_00077,16/11/2025 14:23,Animal,Noah Sills,1,Ramphocelus carbo,16/11/2025 14:23
OMP1025-06,28/10/2025,30/01/2026,Ceyomur,None,OMP6_VD_00033,45977.51101,Animal,Noah Sills,2,Leptotila verreauxi,15:51.3
OMP1025-06,28/10/2025,30/01/2026,Ceyomur,None,OMP6_00032,45977.511,Animal,Noah Sills,1,Leptotila verreauxi,15:50.4
OMP1025-14,28/10/2025,30/01/2026,Ceyomur,None,OMP14_VD_00013,16/11/2025 11:14,Animal,Noah Sills,1,Tupinambis teguixin,16/11/2025 11:14
OMP1025-12,28/10/2025,30/01/2026,Ceyomur,None,OMP12_00076,15/11/2025 14:23,Animal,Noah Sills,1,Ramphocelus carbo,15/11/2025 14:23
OMP1025-14,28/10/2025,30/01/2026,Ceyomur,None,OMP14_00012,15/11/2025 11:19,Animal,Noah Sills,1,Leptotila verreauxi,15/11/2025 11:19
OMP1025-09,28/10/2025,30/01/2026,Ceyomur,None,OMP9_00007,13/11/2025 7:44,Animal,Noah Sills,1,Tigrisoma lineatum,13/11/2025 7:44
OMP1025-09,28/10/2025,30/01/2026,Ceyomur,None,OMP9_VD_00006,13/11/2025 7:43,Animal,Noah Sills,1,Tigrisoma lineatum,13/11/2025 7:43
OMP1025-09,28/10/2025,30/01/2026,Ceyomur,None,OMP9_00006,13/11/2025 7:42,Animal,Noah Sills,1,Tigrisoma lineatum,13/11/2025 7:42
OMP1025-12,28/10/2025,30/01/2026,Ceyomur,None,OMP12_00072,13/11/2025 0:47,Animal,Noah Sills,1,Caiman crocodilus,13/11/2025 0:47
OMP1025-12,28/10/2025,30/01/2026,Ceyomur,None,OMP12_VD_00072,13/11/2025 0:47,Animal,Noah Sills,1,Caiman crocodilus,13/11/2025 0:47
OMP1025-12,28/10/2025,30/01/2026,Ceyomur,None,OMP12_00071,13/11/2025 0:44,Animal,Noah Sills,1,Caiman crocodilus,13/11/2025 0:44
OMP1025-06,28/10/2025,30/01/2026,Ceyomur,None,OMP6_VD_00032,45973.69314,Animal,Noah Sills,2,Leptotila verreauxi,38:07.3
OMP1025-06,28/10/2025,30/01/2026,Ceyomur,None,OMP6_00031,45973.69311,Animal,Noah Sills,2,Leptotila verreauxi,38:04.7
OMP1025-12,28/10/2025,30/01/2026,Ceyomur,None,OMP12_00070,12/11/2025 9:47,Animal,Noah Sills,1,Pteronura brasiliensis,12/11/2025 9:47
OMP1025-06,28/10/2025,30/01/2026,Ceyomur,None,OMP6_VD_00031,45972.63995,Animal,Noah Sills,1,Leptotila verreauxi,21:31.7
OMP1025-06,28/10/2025,30/01/2026,Ceyomur,None,OMP6_00030,45972.63993,Animal,Noah Sills,1,Leptotila verreauxi,21:30.0
OMP1025-12,28/10/2025,30/01/2026,Ceyomur,None,OMP12_VD_00068,11/11/2025 13:19,Animal,Noah Sills,1,Crotophaga ani,11/11/2025 13:19
OMP1025-14,28/10/2025,30/01/2026,Ceyomur,None,OMP14_00011,10/11/2025 10:51,Animal,Noah Sills,1,Leptotila verreauxi,10/11/2025 10:51
OMP1025-13,28/10/2025,30/01/2026,Ceyomur,None,OMP13_00007,08/11/2025 17:56,Animal,Noah Sills,1,Marmosa murina,08/11/2025 17:56
OMP1025-06,28/10/2025,30/01/2026,Ceyomur,None,OMP6_00029,45969.03655,Animal,Noah Sills,1,Cochlearius cochlearius,52:37.9
OMP1025-06,28/10/2025,30/01/2026,Ceyomur,None,OMP6_00028,45969.03117,Animal,Noah Sills,1,Cochlearius cochlearius,44:53.1
OMP1025-06,28/10/2025,30/01/2026,Ceyomur,None,OMP6_VD_00028,45969.02854,Animal,Noah Sills,1,Cochlearius cochlearius,41:05.9
OMP1025-06,28/10/2025,30/01/2026,Ceyomur,None,OMP6_00027,45969.02852,Animal,Noah Sills,1,Cochlearius cochlearius,41:04.1
OMP1025-06,28/10/2025,30/01/2026,Ceyomur,None,OMP6_00026,45968.98361,Animal,Noah Sills,1,Cochlearius cochlearius,36:23.9
OMP1025-06,28/10/2025,30/01/2026,Ceyomur,None,OMP6_00025,45968.98258,Animal,Noah Sills,1,Cochlearius cochlearius,34:54.9
OMP1025-14,28/10/2025,30/01/2026,Ceyomur,None,OMP14_00009,07/11/2025 12:56,Animal,Noah Sills,1,Leptotila verreauxi,07/11/2025 12:56
OMP1025-14,28/10/2025,30/01/2026,Ceyomur,None,OMP14_00008,07/11/2025 12:28,Animal,Noah Sills,1,Leptotila verreauxi,07/11/2025 12:28
OMP1025-14,28/10/2025,30/01/2026,Ceyomur,None,OMP14_00007,06/11/2025 3:21,Animal,Noah Sills,1,Rodentia sp.,06/11/2025 3:21
OMP1025-14,28/10/2025,30/01/2026,Ceyomur,None,OMP14_00006,06/11/2025 1:06,Animal,Noah Sills,1,Rodentia sp.,06/11/2025 1:06
OMP1025-14,28/10/2025,30/01/2026,Ceyomur,None,OMP14_00005,05/11/2025 10:49,Animal,Noah Sills,1,Leptotila verreauxi,05/11/2025 10:49
OMP1025-06,28/10/2025,30/01/2026,Ceyomur,None,OMP6_00024,45966.34744,Animal,Noah Sills,1,Pteronura brasiliensis,20:18.8
OMP1025-06,28/10/2025,30/01/2026,Ceyomur,None,OMP6_VD_00024,45966.30013,Animal,Noah Sills,1,Mesembrinibis cayennensis,12:11.2
OMP1025-06,28/10/2025,30/01/2026,Ceyomur,None,OMP6_00023,45966.3001,Animal,Noah Sills,1,Mesembrinibis cayennensis,12:08.6
OMP1025-06,28/10/2025,30/01/2026,Ceyomur,None,OMP6_VD_00023,45966.29628,Animal,Noah Sills,1,Mesembrinibis cayennensis,06:38.6
OMP1025-06,28/10/2025,30/01/2026,Ceyomur,None,OMP6_00022,45966.29626,Animal,Noah Sills,1,Mesembrinibis cayennensis,06:36.9
OMP1025-15,28/10/2025,30/01/2026,Ceyomur,None,OMP15_00011,05/11/2025 7:06,Animal,Noah Sills,1,Mesembrinibis cayennensis,05/11/2025 7:06
OMP1025-15,28/10/2025,30/01/2026,Ceyomur,None,OMP15_VD_00013,05/11/2025 7:06,Animal,Noah Sills,1,Mesembrinibis cayennensis,05/11/2025 7:06
OMP1025-06,28/10/2025,30/01/2026,Ceyomur,None,OMP6_VD_00022,45966.21708,Animal,Noah Sills,1,Rodentia sp.,12:35.7
OMP1025-06,28/10/2025,30/01/2026,Ceyomur,None,OMP6_00021,45966.21706,Animal,Noah Sills,1,Rodentia sp.,12:34.0
OMP1025-06,28/10/2025,30/01/2026,Ceyomur,None,OMP6_VD_00021,45966.11199,Animal,Noah Sills,1,Cochlearius cochlearius,41:15.9
OMP1025-06,28/10/2025,30/01/2026,Ceyomur,None,OMP6_00020,45966.11197,Animal,Noah Sills,1,Cochlearius cochlearius,41:14.2
OMP1025-06,28/10/2025,30/01/2026,Ceyomur,None,OMP6_VD_00020,45966.09895,Animal,Noah Sills,1,Cochlearius cochlearius,22:29.3
OMP1025-06,28/10/2025,30/01/2026,Ceyomur,None,OMP6_00019,45966.09894,Animal,Noah Sills,1,Cochlearius cochlearius,22:28.4
OMP1025-06,28/10/2025,30/01/2026,Ceyomur,None,OMP6_VD_00019,45966.09499,Animal,Noah Sills,1,Cochlearius cochlearius,16:47.1
OMP1025-06,28/10/2025,30/01/2026,Ceyomur,None,OMP6_00018,45966.09497,Animal,Noah Sills,1,Cochlearius cochlearius,16:45.4
OMP1025-12,28/10/2025,30/01/2026,Ceyomur,None,OMP12_00039,04/11/2025 13:00,Animal,Noah Sills,1,Columbina talpacoti,04/11/2025 13:00
OMP1025-12,28/10/2025,30/01/2026,Ceyomur,None,OMP12_VD_00039,04/11/2025 13:00,Animal,Noah Sills,1,Columbina talpacoti,04/11/2025 13:00
OMP1025-06,28/10/2025,30/01/2026,Ceyomur,None,OMP6_VD_00018,45965.10104,Animal,Noah Sills,1,Cochlearius cochlearius,25:29.9
OMP1025-06,28/10/2025,30/01/2026,Ceyomur,None,OMP6_00017,45965.10103,Animal,Noah Sills,1,Cochlearius cochlearius,25:29.0
OMP1025-13,28/10/2025,30/01/2026,Ceyomur,None,OMP13_00006,04/11/2025 0:38,Animal,Noah Sills,1,Rodentia sp.,04/11/2025 0:38
OMP1025-13,28/10/2025,30/01/2026,Ceyomur,None,OMP13_VD_00006,04/11/2025 0:38,Animal,Noah Sills,1,Rodentia sp.,04/11/2025 0:38
OMP1025-16,28/10/2025,30/01/2026,Ceyomur,None,OMP16_00013,04/11/2025 0:00,Animal,Noah Sills,1,Leopardus pardalis,04/11/2025
OMP1025-16,28/10/2025,30/01/2026,Ceyomur,None,OMP16_VD_00012,04/11/2025 0:00,Animal,Noah Sills,1,Leopardus pardalis,04/11/2025
OMP1025-06,28/10/2025,30/01/2026,Ceyomur,None,OMP6_VD_00017,45964.93894,Animal,Noah Sills,1,Cochlearius cochlearius,32:04.4
OMP1025-06,28/10/2025,30/01/2026,Ceyomur,None,OMP6_00016,45964.93891,Animal,Noah Sills,1,Cochlearius cochlearius,32:01.8
OMP1025-13,28/10/2025,30/01/2026,Ceyomur,None,OMP13_00005,03/11/2025 21:20,Animal,Noah Sills,1,Rodentia sp.,03/11/2025 21:20
OMP1025-13,28/10/2025,30/01/2026,Ceyomur,None,OMP13_VD_00005,03/11/2025 21:20,Animal,Noah Sills,2,Rodentia sp.,03/11/2025 21:20
OMP1025-12,28/10/2025,30/01/2026,Ceyomur,None,OMP12_00035,03/11/2025 13:29,Animal,Noah Sills,1,Butorides striata,03/11/2025 13:29
OMP1025-12,28/10/2025,30/01/2026,Ceyomur,None,OMP12_VD_00035,03/11/2025 13:29,Animal,Noah Sills,1,Butorides striata,03/11/2025 13:29
OMP1025-12,28/10/2025,30/01/2026,Ceyomur,None,OMP12_VD_00034,03/11/2025 7:12,Animal,Noah Sills,1,Turdus leucomelas,03/11/2025 7:12
OMP1025-12,28/10/2025,30/01/2026,Ceyomur,None,OMP12_00033,03/11/2025 7:09,Animal,Noah Sills,1,Turdus leucomelas,03/11/2025 7:09
OMP1025-09,28/10/2025,30/01/2026,Ceyomur,None,OMP9_00005,03/11/2025 5:47,Animal,Noah Sills,1,Tigrisoma lineatum,03/11/2025 5:47
OMP1025-09,28/10/2025,30/01/2026,Ceyomur,None,OMP9_VD_00005,03/11/2025 5:47,Animal,Noah Sills,1,Tigrisoma lineatum,03/11/2025 5:47
OMP1025-16,28/10/2025,30/01/2026,Ceyomur,None,OMP16_00011,02/11/2025 19:46,Animal,Noah Sills,1,Mazama americana,02/11/2025 19:46
OMP1025-16,28/10/2025,30/01/2026,Ceyomur,None,OMP16_VD_00011,02/11/2025 19:46,Animal,Noah Sills,1,Mazama americana,02/11/2025 19:46
OMP1025-12,28/10/2025,30/01/2026,Ceyomur,None,OMP12_00032,02/11/2025 15:38,Animal,Noah Sills,1,Butorides striata,02/11/2025 15:38
OMP1025-12,28/10/2025,30/01/2026,Ceyomur,None,OMP12_VD_00032,02/11/2025 15:38,Animal,Noah Sills,1,Butorides striata,02/11/2025 15:38
OMP1025-13,28/10/2025,30/01/2026,Ceyomur,None,OMP13_00004,02/11/2025 5:22,Animal,Noah Sills,1,Rodentia sp.,02/11/2025 5:22
OMP1025-13,28/10/2025,30/01/2026,Ceyomur,None,OMP13_00003,02/11/2025 2:52,Animal,Noah Sills,1,Rodentia sp.,02/11/2025 2:52
OMP1025-06,28/10/2025,30/01/2026,Ceyomur,None,OMP6_VD_00016,45962.80214,Animal,Noah Sills,1,Cochlearius cochlearius,15:04.9
OMP1025-06,28/10/2025,30/01/2026,Ceyomur,None,OMP6_00015,45962.80212,Animal,Noah Sills,1,Cochlearius cochlearius,15:03.2
OMP1025-06,28/10/2025,30/01/2026,Ceyomur,None,OMP6_VD_00015,45962.80177,Animal,Noah Sills,1,Cochlearius cochlearius,14:32.9
OMP1025-06,28/10/2025,30/01/2026,Ceyomur,None,OMP6_00014,45962.80176,Animal,Noah Sills,1,Cochlearius cochlearius,14:32.1
OMP1025-12,28/10/2025,30/01/2026,Ceyomur,None,OMP12_00030,01/11/2025 17:01,Animal,Noah Sills,1,Turdus leucomelas,01/11/2025 17:01
OMP1025-14,28/10/2025,30/01/2026,Ceyomur,None,OMP14_00004,01/11/2025 13:36,Animal,Noah Sills,1,Cebus olivaceus,01/11/2025 13:36
OMP1025-09,28/10/2025,30/01/2026,Ceyomur,None,OMP9_00004,01/11/2025 13:36,Animal,Noah Sills,1,Cebus olivaceus,01/11/2025 13:36
OMP1025-09,28/10/2025,30/01/2026,Ceyomur,None,OMP9_VD_00004,01/11/2025 13:36,Animal,Noah Sills,1,Cebus olivaceus,01/11/2025 13:36
OMP1025-12,28/10/2025,30/01/2026,Ceyomur,None,OMP12_00026,01/11/2025 7:51,Animal,Noah Sills,1,Turdus leucomelas,01/11/2025 7:51
OMP1025-03,29/10/2025,30/01/2026,Ceyomur,None,OMP3_00014,31/10/2025 23:34,Animal,Noah Sills,1,Rodentia sp.,31/10/2025 23:34
OMP1025-03,29/10/2025,30/01/2026,Ceyomur,None,OMP3_00014,31/10/2025 23:34,Animal,Noah Sills,1,Rodentia sp.,31/10/2025 23:34
OMP1025-03,29/10/2025,30/01/2026,Ceyomur,None,OMP3_00014,31/10/2025 23:34,Animal,Noah Sills,1,Rodentia sp.,31/10/2025 23:34
OMP1025-03,29/10/2025,30/01/2026,Ceyomur,None,OMP3_00014,31/10/2025 23:34,Animal,Noah Sills,1,Rodentia sp.,31/10/2025 23:34
OMP1025-03,29/10/2025,30/01/2026,Ceyomur,None,OMP3_00014,31/10/2025 23:34,Animal,Noah Sills,1,Rodentia sp.,31/10/2025 23:34
OMP1025-03,29/10/2025,30/01/2026,Ceyomur,None,OMP3_00014,31/10/2025 23:34,Animal,Noah Sills,1,Rodentia sp.,31/10/2025 23:34
OMP1025-03,29/10/2025,30/01/2026,Ceyomur,None,OMP3_00014,31/10/2025 23:34,Animal,Noah Sills,1,Rodentia sp.,31/10/2025 23:34
OMP1025-03,29/10/2025,30/01/2026,Ceyomur,None,OMP3_00014,31/10/2025 23:34,Animal,Noah Sills,1,Rodentia sp.,31/10/2025 23:34
OMP1025-03,29/10/2025,30/01/2026,Ceyomur,None,OMP3_00014,31/10/2025 23:34,Animal,Noah Sills,1,Rodentia sp.,31/10/2025 23:34
OMP1025-03,29/10/2025,30/01/2026,Ceyomur,None,OMP3_00014,31/10/2025 23:34,Animal,Noah Sills,1,Rodentia sp.,31/10/2025 23:34
OMP1025-03,29/10/2025,30/01/2026,Ceyomur,None,OMP3_00014,31/10/2025 23:34,Animal,Noah Sills,1,Rodentia sp.,31/10/2025 23:34
OMP1025-03,29/10/2025,30/01/2026,Ceyomur,None,OMP3_00014,31/10/2025 23:34,Animal,Noah Sills,1,Rodentia sp.,31/10/2025 23:34
OMP1025-03,29/10/2025,30/01/2026,Ceyomur,None,OMP3_00014,31/10/2025 23:34,Animal,Noah Sills,1,Rodentia sp.,31/10/2025 23:34
OMP1025-03,29/10/2025,30/01/2026,Ceyomur,None,OMP3_00014,31/10/2025 23:34,Animal,Noah Sills,1,Rodentia sp.,31/10/2025 23:34
OMP1025-03,29/10/2025,30/01/2026,Ceyomur,None,OMP3_00014,31/10/2025 23:34,Animal,Noah Sills,1,Rodentia sp.,31/10/2025 23:34
OMP1025-03,29/10/2025,30/01/2026,Ceyomur,None,OMP3_00014,31/10/2025 23:34,Animal,Noah Sills,1,Rodentia sp.,31/10/2025 23:34
OMP1025-03,29/10/2025,30/01/2026,Ceyomur,None,OMP3_00014,31/10/2025 23:34,Animal,Noah Sills,1,Rodentia sp.,31/10/2025 23:34
OMP1025-03,29/10/2025,30/01/2026,Ceyomur,None,OMP3_00014,31/10/2025 23:34,Animal,Noah Sills,1,Rodentia sp.,31/10/2025 23:34
OMP1025-03,29/10/2025,30/01/2026,Ceyomur,None,OMP3_00014,31/10/2025 23:34,Animal,Noah Sills,1,Rodentia sp.,31/10/2025 23:34
OMP1025-03,29/10/2025,30/01/2026,Ceyomur,None,OMP3_00014,31/10/2025 23:34,Animal,Noah Sills,1,Rodentia sp.,31/10/2025 23:34
OMP1025-03,29/10/2025,30/01/2026,Ceyomur,None,OMP3_00014,31/10/2025 23:34,Animal,Noah Sills,1,Rodentia sp.,31/10/2025 23:34
OMP1025-03,29/10/2025,30/01/2026,Ceyomur,None,OMP3_00014,31/10/2025 23:34,Animal,Noah Sills,1,Rodentia sp.,31/10/2025 23:34
OMP1025-03,29/10/2025,30/01/2026,Ceyomur,None,OMP3_00014,31/10/2025 23:34,Animal,Noah Sills,1,Rodentia sp.,31/10/2025 23:34
OMP1025-03,29/10/2025,30/01/2026,Ceyomur,None,OMP3_00014,31/10/2025 23:34,Animal,Noah Sills,1,Rodentia sp.,31/10/2025 23:34
OMP1025-03,29/10/2025,30/01/2026,Ceyomur,None,OMP3_00014,31/10/2025 23:34,Animal,Noah Sills,1,Rodentia sp.,31/10/2025 23:34
OMP1025-03,29/10/2025,30/01/2026,Ceyomur,None,OMP3_00014,31/10/2025 23:34,Animal,Noah Sills,1,Rodentia sp.,31/10/2025 23:34
OMP1025-03,29/10/2025,30/01/2026,Ceyomur,None,OMP3_00014,31/10/2025 23:34,Animal,Noah Sills,1,Rodentia sp.,31/10/2025 23:34
OMP1025-03,29/10/2025,30/01/2026,Ceyomur,None,OMP3_00014,31/10/2025 23:34,Animal,Noah Sills,1,Rodentia sp.,31/10/2025 23:34
OMP1025-03,29/10/2025,30/01/2026,Ceyomur,None,OMP3_00014,31/10/2025 23:34,Animal,Noah Sills,1,Rodentia sp.,31/10/2025 23:34
OMP1025-03,29/10/2025,30/01/2026,Ceyomur,None,OMP3_00014,31/10/2025 23:34,Animal,Noah Sills,1,Rodentia sp.,31/10/2025 23:34
OMP1025-03,29/10/2025,30/01/2026,Ceyomur,None,OMP3_00014,31/10/2025 23:34,Animal,Noah Sills,1,Rodentia sp.,31/10/2025 23:34
OMP1025-03,29/10/2025,30/01/2026,Ceyomur,None,OMP3_00014,31/10/2025 23:34,Animal,Noah Sills,1,Rodentia sp.,31/10/2025 23:34
OMP1025-03,29/10/2025,30/01/2026,Ceyomur,None,OMP3_00014,31/10/2025 23:34,Animal,Noah Sills,1,Rodentia sp.,31/10/2025 23:34
OMP1025-03,29/10/2025,30/01/2026,Ceyomur,None,OMP3_00014,31/10/2025 23:34,Animal,Noah Sills,1,Rodentia sp.,31/10/2025 23:34
OMP1025-03,29/10/2025,30/01/2026,Ceyomur,None,OMP3_00014,31/10/2025 23:34,Animal,Noah Sills,1,Rodentia sp.,31/10/2025 23:34
OMP1025-03,29/10/2025,30/01/2026,Ceyomur,None,OMP3_00014,31/10/2025 23:34,Animal,Noah Sills,1,Rodentia sp.,31/10/2025 23:34
OMP1025-03,29/10/2025,30/01/2026,Ceyomur,None,OMP3_00014,31/10/2025 23:34,Animal,Noah Sills,1,Rodentia sp.,31/10/2025 23:34
OMP1025-03,29/10/2025,30/01/2026,Ceyomur,None,OMP3_00014,31/10/2025 23:34,Animal,Noah Sills,1,Rodentia sp.,31/10/2025 23:34
OMP1025-03,29/10/2025,30/01/2026,Ceyomur,None,OMP3_00014,31/10/2025 23:34,Animal,Noah Sills,1,Rodentia sp.,31/10/2025 23:34
OMP1025-03,29/10/2025,30/01/2026,Ceyomur,None,OMP3_00014,31/10/2025 23:34,Animal,Noah Sills,1,Rodentia sp.,31/10/2025 23:34
OMP1025-03,29/10/2025,30/01/2026,Ceyomur,None,OMP3_00014,31/10/2025 23:34,Animal,Noah Sills,1,Rodentia sp.,31/10/2025 23:34
OMP1025-03,29/10/2025,30/01/2026,Ceyomur,None,OMP3_00014,31/10/2025 23:34,Animal,Noah Sills,1,Rodentia sp.,31/10/2025 23:34
OMP1025-03,29/10/2025,30/01/2026,Ceyomur,None,OMP3_00014,31/10/2025 23:34,Animal,Noah Sills,1,Rodentia sp.,31/10/2025 23:34
OMP1025-03,29/10/2025,30/01/2026,Ceyomur,None,OMP3_00014,31/10/2025 23:34,Animal,Noah Sills,1,Rodentia sp.,31/10/2025 23:34
OMP1025-03,29/10/2025,30/01/2026,Ceyomur,None,OMP3_00014,31/10/2025 23:34,Animal,Noah Sills,1,Rodentia sp.,31/10/2025 23:34
OMP1025-03,29/10/2025,30/01/2026,Ceyomur,None,OMP3_00014,31/10/2025 23:34,Animal,Noah Sills,1,Rodentia sp.,31/10/2025 23:34
OMP1025-03,29/10/2025,30/01/2026,Ceyomur,None,OMP3_00014,31/10/2025 23:34,Animal,Noah Sills,1,Rodentia sp.,31/10/2025 23:34
OMP1025-03,29/10/2025,30/01/2026,Ceyomur,None,OMP3_00014,31/10/2025 23:34,Animal,Noah Sills,1,Rodentia sp.,31/10/2025 23:34
OMP1025-03,29/10/2025,30/01/2026,Ceyomur,None,OMP3_00014,31/10/2025 23:34,Animal,Noah Sills,1,Rodentia sp.,31/10/2025 23:34
OMP1025-03,29/10/2025,30/01/2026,Ceyomur,None,OMP3_00014,31/10/2025 23:34,Animal,Noah Sills,1,Rodentia sp.,31/10/2025 23:34
OMP1025-03,29/10/2025,30/01/2026,Ceyomur,None,OMP3_00014,31/10/2025 23:34,Animal,Noah Sills,1,Rodentia sp.,31/10/2025 23:34
OMP1025-03,29/10/2025,30/01/2026,Ceyomur,None,OMP3_00014,31/10/2025 23:34,Animal,Noah Sills,1,Rodentia sp.,31/10/2025 23:34
OMP1025-03,29/10/2025,30/01/2026,Ceyomur,None,OMP3_00014,31/10/2025 23:34,Animal,Noah Sills,1,Rodentia sp.,31/10/2025 23:34
OMP1025-03,29/10/2025,30/01/2026,Ceyomur,None,OMP3_00014,31/10/2025 23:34,Animal,Noah Sills,1,Rodentia sp.,31/10/2025 23:34
OMP1025-03,29/10/2025,30/01/2026,Ceyomur,None,OMP3_00014,31/10/2025 23:34,Animal,Noah Sills,1,Rodentia sp.,31/10/2025 23:34
OMP1025-03,29/10/2025,30/01/2026,Ceyomur,None,OMP3_00014,31/10/2025 23:34,Animal,Noah Sills,1,Rodentia sp.,31/10/2025 23:34
OMP1025-03,29/10/2025,30/01/2026,Ceyomur,None,OMP3_00014,31/10/2025 23:34,Animal,Noah Sills,1,Rodentia sp.,31/10/2025 23:34
OMP1025-03,29/10/2025,30/01/2026,Ceyomur,None,OMP3_00014,31/10/2025 23:34,Animal,Noah Sills,1,Rodentia sp.,31/10/2025 23:34
OMP1025-03,29/10/2025,30/01/2026,Ceyomur,None,OMP3_00014,31/10/2025 23:34,Animal,Noah Sills,1,Rodentia sp.,31/10/2025 23:34
OMP1025-03,29/10/2025,30/01/2026,Ceyomur,None,OMP3_00014,31/10/2025 23:34,Animal,Noah Sills,1,Rodentia sp.,31/10/2025 23:34
OMP1025-03,29/10/2025,30/01/2026,Ceyomur,None,OMP3_00014,31/10/2025 23:34,Animal,Noah Sills,1,Rodentia sp.,31/10/2025 23:34
OMP1025-03,29/10/2025,30/01/2026,Ceyomur,None,OMP3_00014,31/10/2025 23:34,Animal,Noah Sills,1,Rodentia sp.,31/10/2025 23:34
OMP1025-03,29/10/2025,30/01/2026,Ceyomur,None,OMP3_00014,31/10/2025 23:34,Animal,Noah Sills,1,Rodentia sp.,31/10/2025 23:34
OMP1025-03,29/10/2025,30/01/2026,Ceyomur,None,OMP3_00014,31/10/2025 23:34,Animal,Noah Sills,1,Rodentia sp.,31/10/2025 23:34
OMP1025-03,29/10/2025,30/01/2026,Ceyomur,None,OMP3_00014,31/10/2025 23:34,Animal,Noah Sills,1,Rodentia sp.,31/10/2025 23:34
OMP1025-03,29/10/2025,30/01/2026,Ceyomur,None,OMP3_00014,31/10/2025 23:34,Animal,Noah Sills,1,Rodentia sp.,31/10/2025 23:34
OMP1025-03,29/10/2025,30/01/2026,Ceyomur,None,OMP3_00014,31/10/2025 23:34,Animal,Noah Sills,1,Rodentia sp.,31/10/2025 23:34
OMP1025-03,29/10/2025,30/01/2026,Ceyomur,None,OMP3_00014,31/10/2025 23:34,Animal,Noah Sills,1,Rodentia sp.,31/10/2025 23:34
OMP1025-03,29/10/2025,30/01/2026,Ceyomur,None,OMP3_00014,31/10/2025 23:34,Animal,Noah Sills,1,Rodentia sp.,31/10/2025 23:34
OMP1025-03,29/10/2025,30/01/2026,Ceyomur,None,OMP3_00014,31/10/2025 23:34,Animal,Noah Sills,1,Rodentia sp.,31/10/2025 23:34
OMP1025-03,29/10/2025,30/01/2026,Ceyomur,None,OMP3_00014,31/10/2025 23:34,Animal,Noah Sills,1,Rodentia sp.,31/10/2025 23:34
OMP1025-03,29/10/2025,30/01/2026,Ceyomur,None,OMP3_00014,31/10/2025 23:34,Animal,Noah Sills,1,Rodentia sp.,31/10/2025 23:34
OMP1025-03,29/10/2025,30/01/2026,Ceyomur,None,OMP3_00014,31/10/2025 23:34,Animal,Noah Sills,1,Rodentia sp.,31/10/2025 23:34
OMP1025-03,29/10/2025,30/01/2026,Ceyomur,None,OMP3_00014,31/10/2025 23:34,Animal,Noah Sills,1,Rodentia sp.,31/10/2025 23:34
OMP1025-12,28/10/2025,30/01/2026,Ceyomur,None,OMP12_00025,31/10/2025 16:37,Animal,Noah Sills,1,Columbina talpacoti,31/10/2025 16:37
OMP1025-12,28/10/2025,30/01/2026,Ceyomur,None,OMP12_00024,31/10/2025 16:29,Animal,Noah Sills,1,Ramphocelus carbo,31/10/2025 16:29
OMP1025-06,28/10/2025,30/01/2026,Ceyomur,None,OMP6_VD_00014,45961.65743,Animal,Noah Sills,1,Dasyprocta leporina,46:42.0
OMP1025-06,f,30/01/2026,Ceyomur,None,OMP6_00013,45961.65741,Animal,Noah Sills,1,Dasyprocta leporina,46:40.2
OMP1025-06,28/10/2025,30/01/2026,Ceyomur,None,OMP6_VD_00013,45961.65666,Animal,Noah Sills,1,Dasyprocta leporina,45:35.4
OMP1025-06,28/10/2025,30/01/2026,Ceyomur,None,OMP6_00012,45961.65663,Animal,Noah Sills,1,Dasyprocta leporina,45:32.8
OMP1025-12,28/10/2025,30/01/2026,Ceyomur,None,OMP12_00023,31/10/2025 15:03,Animal,Noah Sills,1,Leptotila verreauxi,31/10/2025 15:03
OMP1025-12,28/10/2025,30/01/2026,Ceyomur,None,OMP12_00022,31/10/2025 15:01,Animal,Noah Sills,1,Leptotila verreauxi,31/10/2025 15:01
OMP1025-09,28/10/2025,30/01/2026,Ceyomur,None,OMP9_00003,31/10/2025 9:47,Animal,Noah Sills,1,Tigrisoma lineatum,31/10/2025 9:47
OMP1025-12,28/10/2025,30/01/2026,Ceyomur,None,OMP12_00016,31/10/2025 6:20,Animal,Noah Sills,1,Turdus leucomelas,31/10/2025 6:20
OMP1025-12,28/10/2025,30/01/2026,Ceyomur,None,OMP12_00015,31/10/2025 3:31,Animal,Noah Sills,1,Rodent sp.,31/10/2025 3:31
OMP1025-12,28/10/2025,30/01/2026,Ceyomur,None,OMP12_VD_00015,31/10/2025 3:31,Animal,Noah Sills,1,Rodent sp.,31/10/2025 3:31
OMP1025-01,28/10/2025,30/01/2026,Ceyomur,None,OMP1_00010,30/10/2025 23:47,Animal,Noah Sills,1,Marmosa murina,30/10/2025 23:47
OMP1025-01,28/10/2025,30/01/2026,Ceyomur,None,OMP1_00010 (VD),30/10/2025 23:47,Animal,Noah Sills,1,Marmosa murina,30/10/2025 23:47
OMP1025-12,28/10/2025,30/01/2026,Ceyomur,None,OMP12_00013,30/10/2025 10:42,Animal,Noah Sills,1,Tupinambis teguixin,30/10/2025 10:42
OMP1025-12,28/10/2025,30/01/2026,Ceyomur,None,OMP12_00012,30/10/2025 10:05,Animal,Noah Sills,1,Leptotila verreauxi,30/10/2025 10:05
OMP1025-12,28/10/2025,30/01/2026,Ceyomur,None,OMP12_00011,30/10/2025 10:03,Animal,Noah Sills,1,Leptotila verreauxi,30/10/2025 10:03
OMP1025-01,28/10/2025,30/01/2026,Ceyomur,None,OMP1_00006,29/10/2025 22:51,Animal,Noah Sills,1,Chiroptera sp.,29/10/2025 22:51
OMP1025-01,28/10/2025,30/01/2026,Ceyomur,None,OMP1_00006 (VD),29/10/2025 22:51,Animal,Noah Sills,1,Chiroptera sp.,29/10/2025 22:51
OMP1025-01,28/10/2025,30/01/2026,Ceyomur,None,OMP1_00005,29/10/2025 22:43,Animal,Noah Sills,1,Chiroptera sp.,29/10/2025 22:43
OMP1025-01,28/10/2025,30/01/2026,Ceyomur,None,OMP1_00005 (VD),29/10/2025 22:43,Animal,Noah Sills,1,Chiroptera sp.,29/10/2025 22:43
OMP1025-20,29/10/2025,30/01/2026,Izeeker,None,OMP20_00007,29/10/2025 22:40,Animal,Noah Sills,1,Puma concolor,29/10/2025 22:40
OMP1025-12,28/10/2025,30/01/2026,Ceyomur,None,OMP12_00010,29/10/2025 17:01,Animal,Noah Sills,11,"Leptotila verreauxi, Columbina talpacoti",29/10/2025 17:01
OMP1025-14,28/10/2025,30/01/2026,Ceyomur,None,OMP14_00003,29/10/2025 13:24,Animal,Noah Sills,1,Leptotila verreauxi,29/10/2025 13:24
OMP1025-15,28/10/2025,30/01/2026,Ceyomur,None,OMP15_VD_00011,28/10/2025 20:49,Animal,Noah Sills,1,Chiroptera sp.,28/10/2025 20:49
OMP1025-13,28/10/2025,30/01/2026,Ceyomur,None,OMP13_00002,28/10/2025 15:20,Animal,Noah Sills,1,Dendroplex picus,28/10/2025 15:20
MC-23,14/05/2025,15/08/2025,Ceymour,None,MC23_00088,12/08/2025 11:58,Animal,NoahSills,1,Dasyprocta leporina,12/08/2025 11:58
MC-23,14/05/2025,15/08/2025,Ceymour,None,MC23_00087,10/08/2025 17:39,Animal,NoahSills,1,Dasyprocta leporina,10/08/2025 17:39
MC-23,14/05/2025,15/08/2025,Ceymour,None,MC23_00086,08/08/2025 8:47,Animal,NoahSills,1,Dasyprocta leporina,08/08/2025 8:47
MC-34,15/05/2025,09/09/2025,Ceymour,None,IM_00166,06/08/2025 9:03,Animal,NoahSills,1,Amazilia fimbriata,06/08/2025 9:03
MC-29,14/05/2025,15/08/2025,Ceymour,None,IM_00019,05/08/2025 9:05,Animal,NoahSills,2,Cebus olivaceus,05/08/2025 9:05
MC-29,14/05/2025,15/08/2025,Ceymour,None,IM_00018,05/08/2025 9:03,Animal,NoahSills,1,Cebus olivaceus,05/08/2025 9:03
MC-29,14/05/2025,15/08/2025,Ceymour,None,IM_00017,05/08/2025 9:02,Animal,NoahSills,3,Cebus olivaceus,05/08/2025 9:02
MC-29,14/05/2025,15/08/2025,Ceymour,None,IM_00016,05/08/2025 9:00,Animal,NoahSills,5,Cebus olivaceus,05/08/2025 9:00
MC-29,14/05/2025,15/08/2025,Ceymour,None,IM_00015,05/08/2025 8:59,Animal,NoahSills,5,Cebus olivaceus,05/08/2025 8:59
MC-29,14/05/2025,15/08/2025,Ceymour,None,IM_00014,05/08/2025 8:58,Animal,NoahSills,2,Cebus olivaceus,05/08/2025 8:58
MC-29,14/05/2025,15/08/2025,Ceymour,None,IM_00013,05/08/2025 8:45,Animal,NoahSills,1,Dasyprocta leporina,05/08/2025 8:45
MC-23,14/05/2025,15/08/2025,Ceymour,None,MC23_00085,02/08/2025 18:13,Animal,NoahSills,1,Dasyprocta leporina,02/08/2025 18:13
MC-23,14/05/2025,15/08/2025,Ceymour,None,MC23_00081,27/07/2025 8:18,Animal,NoahSills,1,Dasyprocta leporina,27/07/2025 8:18
MC-23,14/05/2025,15/08/2025,Ceymour,None,MC23_00080,27/07/2025 0:01,Animal,NoahSills,1,Cuniculus paca,27/07/2025 0:01
MC-23,14/05/2025,15/08/2025,Ceymour,None,MC23_00078,25/07/2025 8:36,Animal,NoahSills,1,Dasyprocta leporina,25/07/2025 8:36
MC-23,14/05/2025,15/08/2025,Ceymour,None,MC23_00077,24/07/2025 9:15,Animal,NoahSills,1,Dasyprocta leporina,24/07/2025 9:15
MC-26,14/05/2025,15/08/2025,Ceymour,None,MC26_00028,22/07/2025 4:42,Animal,NoahSills,1,Tapirus terrestris,22/07/2025 4:42
MC-25,14/05/2025,15/08/2025,Ceymour,None,MC25_00024,22/07/2025 4:30,Animal,NoahSills,1,Tapirus terrestris,22/07/2025 4:30
MC-25,14/05/2025,15/08/2025,Ceymour,None,MC25_00023,22/07/2025 4:25,Animal,NoahSills,1,Tapirus terrestris,22/07/2025 4:25
MC-23,14/05/2025,15/08/2025,Ceymour,None,MC23_00073,16/07/2025 19:48,Animal,NoahSills,1,Cuniculus paca,16/07/2025 19:48
MC-26,14/05/2025,15/08/2025,Ceymour,None,MC26_00025,13/07/2025 11:44,Animal,NoahSills,7,Nasua nasua,13/07/2025 11:44
MC-23,14/05/2025,15/08/2025,Ceymour,None,MC23_00063,05/07/2025 23:33,Animal,NoahSills,1,Cuniculus paca,05/07/2025 23:33
MC-32,15/05/2025,09/09/2025,Ceymour,None,IM_00439,03/07/2025 6:50,Animal,NoahSills,1,Anthracothorax nigricollis,03/07/2025 6:50
MC-31,15/05/2025,09/09/2025,Ceymour,None,IM_00005,29/06/2025 14:45,Animal,NoahSills,20,Nasua nasua,29/06/2025 14:45
MC-29,14/05/2025,15/08/2025,Ceymour,None,IM_00012,28/06/2025 14:44,Animal,NoahSills,1,Nasua nasua,28/06/2025 14:44
MC-29,14/05/2025,15/08/2025,Ceymour,None,IM_00011,24/06/2025 17:27,Animal,NoahSills,1,Myrmecophaga tridactyla,24/06/2025 17:27
MC-29,14/05/2025,15/08/2025,Ceymour,None,IM_00010,24/06/2025 17:24,Animal,NoahSills,1,Myrmecophaga tridactyla,24/06/2025 17:24
MC-23,14/05/2025,15/08/2025,Ceymour,None,MC23_00049,21/06/2025 15:08,Animal,NoahSills,1,Dasyprocta leporina,21/06/2025 15:08
MC-23,14/05/2025,15/08/2025,Ceymour,None,MC23_00044,19/06/2025 12:55,Animal,NoahSills,1,Dasyprocta leporina,19/06/2025 12:55
MC-29,14/05/2025,15/08/2025,Ceymour,None,IM_00009,18/06/2025 8:37,Animal,NoahSills,1,Nasua nasua,18/06/2025 8:37
MC-25,14/05/2025,15/08/2025,Ceymour,None,MC25_00022,15/06/2025 3:58,Animal,NoahSills,1,Tapirus terrestris,15/06/2025 3:58
MC-23,14/05/2025,15/08/2025,Ceymour,None,MC23_00040,11/06/2025 16:28,Animal,NoahSills,1,Eira barbara,11/06/2025 16:28
MC-23,14/05/2025,15/08/2025,Ceymour,None,MC23_00039,11/06/2025 15:34,Animal,NoahSills,1,Dasyprocta leporina,11/06/2025 15:34
MC-34,15/05/2025,09/09/2025,Ceymour,None,IM_00160,08/06/2025 9:51,Animal,NoahSills,1,Amazilia fimbriata,08/06/2025 9:51
MC-34,15/05/2025,09/09/2025,Ceymour,None,IM_00159,07/06/2025 8:18,Animal,NoahSills,1,Amazilia fimbriata,07/06/2025 8:18
MC-23,14/05/2025,15/08/2025,Ceymour,None,MC23_00036,06/06/2025 9:25,Animal,NoahSills,1,Dasyprocta leporina,06/06/2025 9:25
MC-26,14/05/2025,15/08/2025,Ceymour,None,MC26_00021,03/06/2025 13:12,Animal,NoahSills,1,Pecari tajacu,03/06/2025 13:12
MC-26,14/05/2025,15/08/2025,Ceymour,None,MC26_00022,03/06/2025 13:12,Animal,NoahSills,1,Pecari tajacu,03/06/2025 13:12
MC-26,14/05/2025,15/08/2025,Ceymour,None,MC26_00019,02/06/2025 14:26,Animal,NoahSills,2,Pecari tajacu,02/06/2025 14:26
MC-26,14/05/2025,15/08/2025,Ceymour,None,MC26_00020,02/06/2025 14:26,Animal,NoahSills,2,Pecari tajacu,02/06/2025 14:26
MC-23,14/05/2025,15/08/2025,Ceymour,None,MC23_00034,01/06/2025 7:59,Animal,NoahSills,1,Dasyprocta leporina,01/06/2025 7:59
MC-23,14/05/2025,15/08/2025,Ceymour,None,MC23_00033,30/05/2025 7:48,Animal,NoahSills,1,Dasyprocta leporina,30/05/2025 7:48
MC-23,14/05/2025,15/08/2025,Ceymour,None,MC23_00032,29/05/2025 19:16,Animal,NoahSills,1,Cuniculus paca,29/05/2025 19:16
MC-23,14/05/2025,15/08/2025,Ceymour,None,MC23_00031,28/05/2025 19:24,Animal,NoahSills,1,Cuniculus paca,28/05/2025 19:24
MC-23,14/05/2025,15/08/2025,Ceymour,None,MC23_00030,28/05/2025 10:31,Animal,NoahSills,1,Dasyprocta leporina,28/05/2025 10:31
MC-23,14/05/2025,15/08/2025,Ceymour,None,MC23_00029,26/05/2025 19:11,Animal,NoahSills,1,Cuniculus paca,26/05/2025 19:11
MC-23,14/05/2025,15/08/2025,Ceymour,None,MC23_00027,26/05/2025 15:06,Animal,NoahSills,1,Dasyprocta leporina,26/05/2025 15:06
MC-23,14/05/2025,15/08/2025,Ceymour,None,MC23_00028,26/05/2025 15:06,Animal,NoahSills,1,Dasyprocta leporina,26/05/2025 15:06
MC-34,15/05/2025,09/09/2025,Ceymour,None,IM_00157,26/05/2025 6:26,Animal,NoahSills,1,Amazilia fimbriata,26/05/2025 6:26
MC-23,14/05/2025,15/08/2025,Ceymour,None,MC23_00026,25/05/2025 21:27,Animal,NoahSills,1,Cuniculus paca,25/05/2025 21:27
MC-23,14/05/2025,15/08/2025,Ceymour,None,MC23_00025,25/05/2025 15:51,Animal,NoahSills,1,Dasyprocta leporina,25/05/2025 15:51
MC-23,14/05/2025,15/08/2025,Ceymour,None,MC23_00024,25/05/2025 7:50,Animal,NoahSills,1,Dasyprocta leporina,25/05/2025 7:50
MC-24,14/05/2025,15/08/2025,Ceymour,None,MC24_00003,24/05/2025 11:05,Animal,NoahSills,1,Dasyprocta leporina,24/05/2025 11:05
MC-23,14/05/2025,15/08/2025,Ceymour,None,MC23_00022,24/05/2025 9:13,Animal,NoahSills,1,Dasyprocta leporina,24/05/2025 9:13
MC-23,14/05/2025,15/08/2025,Ceymour,None,IM_00021,23/05/2025 19:22,Animal,NoahSills,1,Cuniculus paca,23/05/2025 19:22
MC-23,14/05/2025,15/08/2025,Ceymour,None,IM_00020,22/05/2025 17:29,Animal,NoahSills,1,Dasyprocta leporina,22/05/2025 17:29
MC-23,14/05/2025,15/08/2025,Ceymour,None,IM_00019,22/05/2025 16:25,Animal,NoahSills,1,Dasyprocta leporina,22/05/2025 16:25
MC-23,14/05/2025,15/08/2025,Ceymour,None,IM_00018,22/05/2025 14:50,Animal,NoahSills,1,Dasyprocta leporina,22/05/2025 14:50
MC-23,14/05/2025,15/08/2025,Ceymour,None,IM_00017,21/05/2025 17:56,Animal,NoahSills,1,Dasyprocta leporina,21/05/2025 17:56
MC-23,14/05/2025,15/08/2025,Ceymour,None,IM_00015,20/05/2025 15:14,Animal,NoahSills,1,Dasyprocta leporina,20/05/2025 15:14
MC-29,14/05/2025,15/08/2025,Ceymour,None,IM_00006,20/05/2025 12:44,Animal,NoahSills,1,Myrmecophaga tridactyla,20/05/2025 12:44
MC-29,14/05/2025,15/08/2025,Ceymour,None,IM_00004,20/05/2025 12:43,Animal,NoahSills,1,Myrmecophaga tridactyla,20/05/2025 12:43
MC-29,14/05/2025,15/08/2025,Ceymour,None,IM_00005,20/05/2025 12:43,Animal,NoahSills,1,Myrmecophaga tridactyla,20/05/2025 12:43
MC-29,14/05/2025,15/08/2025,Ceymour,None,IM_00003,20/05/2025 12:42,Animal,NoahSills,1,Myrmecophaga tridactyla,20/05/2025 12:42
MC-26,14/05/2025,15/08/2025,Ceymour,None,MC26_00018,14/05/2025 21:41,Animal,NoahSills,1,Cuniculus paca,14/05/2025 21:41
MC-18,12/02/2025,08/05/2025,Ceymour,None,MC18_00074,45788.60486,Animal,NoahSills,1,Dasyprocta leporina,30:59.9
MC-18,12/02/2025,08/05/2025,Ceymour,None,MC18_00073,45788.60139,Animal,NoahSills,1,Dasyprocta leporina,26:00.1
MC-21,12/02/2025,08/05/2025,Ceymour,None,MC21_00136,45788.29583,Animal,NoahSills,1,Dasyprocta leporina,05:59.7
MC-21,12/02/2025,08/05/2025,Ceymour,None,MC21_00135,45788.26667,Animal,NoahSills,1,Dasyprocta leporina,24:00.3
MC-18,12/02/2025,08/05/2025,Ceymour,None,MC18_00072,45788.24931,Animal,NoahSills,1,Dasyprocta leporina,59:00.4
MC-21,12/02/2025,08/05/2025,Ceymour,None,MC21_00134,45785.69375,Animal,NoahSills,1,Dasyprocta leporina,08/05/2025 12:39
MC-8,11/02/2025,08/05/2025,Ceymour,None,MC8_00071,45784.58056,Animal,NoahSills,1,Buteogallus meridionalis,56:00.4
MC-8,11/02/2025,08/05/2025,Ceymour,None,MC8_00071,45784.58056,Animal,NoahSills,1,Buteogallus meridionalis,56:00.4
MC-21,12/02/2025,08/05/2025,Ceymour,None,MC21_00133,45784.32083,Animal,NoahSills,1,Dasyprocta leporina,41:59.7
MC-21,12/02/2025,08/05/2025,Ceymour,None,MC21_00132,45783.67986,Animal,NoahSills,1,Dasyprocta leporina,18:59.9
MC-21,12/02/2025,08/05/2025,Ceymour,None,MC21_00131,45783.67917,Animal,NoahSills,1,Dasyprocta leporina,18:00.3
MC-18,12/02/2025,08/05/2025,Ceymour,None,MC18_00071,45783.61042,Animal,NoahSills,1,Dasyprocta leporina,39:00.3
MC-7,11/02/2025,08/05/2025,Ceymour,None,MC7_00036,45782.47708,Animal,NoahSills,1,Cebus olivaceus,26:59.7
MC-7,11/02/2025,08/05/2025,Ceymour,None,MC7_00036,45782.47708,Animal,NoahSills,1,Cebus olivaceus,26:59.7
MC-5,11/02/2025,08/05/2025,Ceymour,None,MC5_00335,45782.47014,Animal,NoahSills,1,Cebus olivaceus,17:00.1
MC-5,11/02/2025,08/05/2025,Ceymour,None,MC5_00335,45782.47014,Animal,NoahSills,1,Cebus olivaceus,17:00.1
MC-5,11/02/2025,08/05/2025,Ceymour,None,MC5_00336,45782.47014,Animal,NoahSills,1,Cebus olivaceus,17:00.1
MC-5,11/02/2025,08/05/2025,Ceymour,None,MC5_00336,45782.47014,Animal,NoahSills,1,Cebus olivaceus,17:00.1
MC-5,11/02/2025,08/05/2025,Ceymour,None,MC5_00337,45782.47014,Animal,NoahSills,1,Cebus olivaceus,17:00.1
MC-5,11/02/2025,08/05/2025,Ceymour,None,MC5_00337,45782.47014,Animal,NoahSills,1,Cebus olivaceus,17:00.1
MC-5,11/02/2025,08/05/2025,Ceymour,None,MC5_00332,45782.325,Animal,NoahSills,1,Dasyprocta leporina,45782.15833
MC-5,11/02/2025,08/05/2025,Ceymour,None,MC5_00332,45782.325,Animal,NoahSills,1,Dasyprocta leporina,45782.15833
MC-5,11/02/2025,08/05/2025,Ceymour,None,MC5_00333,45782.325,Animal,NoahSills,1,Dasyprocta leporina,45782.15833
MC-5,11/02/2025,08/05/2025,Ceymour,None,MC5_00333,45782.325,Animal,NoahSills,1,Dasyprocta leporina,45782.15833
MC-5,11/02/2025,08/05/2025,Ceymour,None,MC5_00334,45782.325,Animal,NoahSills,1,Dasyprocta leporina,45782.15833
MC-5,11/02/2025,08/05/2025,Ceymour,None,MC5_00334,45782.325,Animal,NoahSills,1,Dasyprocta leporina,45782.15833
MC-5,11/02/2025,08/05/2025,Ceymour,None,MC5_00330,45782.29861,Animal,NoahSills,1,Dasyprocta leporina,09:59.9
MC-5,11/02/2025,08/05/2025,Ceymour,None,MC5_00330,45782.29861,Animal,NoahSills,1,Dasyprocta leporina,09:59.9
MC-5,11/02/2025,08/05/2025,Ceymour,None,MC5_00331,45782.29861,Animal,NoahSills,1,Dasyprocta leporina,09:59.9
MC-5,11/02/2025,08/05/2025,Ceymour,None,MC5_00331,45782.29861,Animal,NoahSills,1,Dasyprocta leporina,09:59.9
MC-5,11/02/2025,08/05/2025,Ceymour,None,MC5_00329,45782.28681,Animal,NoahSills,1,Dasyprocta leporina,53:00.4
MC-5,11/02/2025,08/05/2025,Ceymour,None,MC5_00329,45782.28681,Animal,NoahSills,1,Dasyprocta leporina,53:00.4
MC-21,12/02/2025,08/05/2025,Ceymour,None,MC21_00130,45781.25278,Animal,NoahSills,1,Dasyprocta leporina,04:00.2
MC-7,11/02/2025,08/05/2025,Ceymour,None,MC7_00035,45781.10486,Animal,NoahSills,1,Mesomys hispidus,30:59.9
MC-7,11/02/2025,08/05/2025,Ceymour,None,MC7_00035,45781.10486,Animal,NoahSills,1,Mesomys hispidus,30:59.9
MC-11,11/02/2025,08/05/2025,Ceymour,None,MC11_00001,45780.00139,Animal,NoahSills,1,Mazama americana,02:00.1
MC-5,11/02/2025,08/05/2025,Ceymour,None,MC5_00326,45779.55069,Animal,NoahSills,1,Dasyprocta leporina,12:59.6
MC-5,11/02/2025,08/05/2025,Ceymour,None,MC5_00326,45779.55069,Animal,NoahSills,1,Dasyprocta leporina,12:59.6
MC-5,11/02/2025,08/05/2025,Ceymour,None,MC5_00327,45779.55069,Animal,NoahSills,1,Dasyprocta leporina,12:59.6
MC-5,11/02/2025,08/05/2025,Ceymour,None,MC5_00327,45779.55069,Animal,NoahSills,1,Dasyprocta leporina,12:59.6
MC-5,11/02/2025,08/05/2025,Ceymour,None,MC5_00328,45779.55069,Animal,NoahSills,1,Dasyprocta leporina,12:59.6
MC-5,11/02/2025,08/05/2025,Ceymour,None,MC5_00328,45779.55069,Animal,NoahSills,1,Dasyprocta leporina,12:59.6
MC-21,12/02/2025,08/05/2025,Ceymour,None,MC21_00129,45778.73611,Animal,NoahSills,2,Dasyprocta leporina,39:59.9
MC-7,11/02/2025,08/05/2025,Ceymour,None,MC7_00034,45778.54583,Animal,NoahSills,1,Rupornis magnirostris,05:59.7
MC-7,11/02/2025,08/05/2025,Ceymour,None,MC7_00034,45778.54583,Animal,NoahSills,1,Rupornis magnirostris,05:59.7
MC-13,11/02/2025,08/05/2025,Ceymour,None,M13_00086,45778.29514,Animal,NoahSills,1,Jacana jacana,05:00.1
MC-5,11/02/2025,08/05/2025,Ceymour,None,MC5_00323,45777.47708,Animal,NoahSills,1,Dasyprocta leporina,26:59.7
MC-5,11/02/2025,08/05/2025,Ceymour,None,MC5_00323,45777.47708,Animal,NoahSills,1,Dasyprocta leporina,26:59.7
MC-5,11/02/2025,08/05/2025,Ceymour,None,MC5_00324,45777.47708,Animal,NoahSills,1,Dasyprocta leporina,26:59.7
MC-5,11/02/2025,08/05/2025,Ceymour,None,MC5_00324,45777.47708,Animal,NoahSills,1,Dasyprocta leporina,26:59.7
MC-5,11/02/2025,08/05/2025,Ceymour,None,MC5_00325,45777.47708,Animal,NoahSills,1,Dasyprocta leporina,26:59.7
MC-5,11/02/2025,08/05/2025,Ceymour,None,MC5_00325,45777.47708,Animal,NoahSills,1,Dasyprocta leporina,26:59.7
MC-5,11/02/2025,08/05/2025,Ceymour,None,MC5_00321,45777.47639,Animal,NoahSills,1,Dasyprocta leporina,26:00.1
MC-5,11/02/2025,08/05/2025,Ceymour,None,MC5_00321,45777.47639,Animal,NoahSills,1,Dasyprocta leporina,26:00.1
MC-5,11/02/2025,08/05/2025,Ceymour,None,MC5_00322,45777.47639,Animal,NoahSills,1,Dasyprocta leporina,26:00.1
MC-5,11/02/2025,08/05/2025,Ceymour,None,MC5_00322,45777.47639,Animal,NoahSills,1,Dasyprocta leporina,26:00.1
MC-5,11/02/2025,08/05/2025,Ceymour,None,MC5_00320,45777.47569,Animal,NoahSills,1,Dasyprocta leporina,24:59.6
MC-5,11/02/2025,08/05/2025,Ceymour,None,MC5_00320,45777.47569,Animal,NoahSills,1,Dasyprocta leporina,24:59.6
MC-18,12/02/2025,08/05/2025,Ceymour,None,MC18_00070,45776.98056,Animal,NoahSills,1,Tapirus terrestris,32:00.4
MC-18,12/02/2025,08/05/2025,Ceymour,None,MC18_00069,45776.97986,Animal,NoahSills,1,Tapirus terrestris,30:59.9
MC-5,11/02/2025,08/05/2025,Ceymour,None,MC5_00317,45776.55208,Animal,NoahSills,1,Cebus olivaceus,14:59.7
MC-5,11/02/2025,08/05/2025,Ceymour,None,MC5_00317,45776.55208,Animal,NoahSills,1,Cebus olivaceus,14:59.7
MC-5,11/02/2025,08/05/2025,Ceymour,None,MC5_00318,45776.55208,Animal,NoahSills,1,Cebus olivaceus,14:59.7
MC-5,11/02/2025,08/05/2025,Ceymour,None,MC5_00318,45776.55208,Animal,NoahSills,1,Cebus olivaceus,14:59.7
MC-5,11/02/2025,08/05/2025,Ceymour,None,MC5_00319,45776.55208,Animal,NoahSills,1,Cebus olivaceus,14:59.7
MC-5,11/02/2025,08/05/2025,Ceymour,None,MC5_00319,45776.55208,Animal,NoahSills,1,Cebus olivaceus,14:59.7
MC-5,11/02/2025,08/05/2025,Ceymour,None,MC5_00314,45776.55139,Animal,NoahSills,2,Cebus olivaceus,14:00.1
MC-5,11/02/2025,08/05/2025,Ceymour,None,MC5_00314,45776.55139,Animal,NoahSills,2,Cebus olivaceus,14:00.1
MC-5,11/02/2025,08/05/2025,Ceymour,None,MC5_00315,45776.55139,Animal,NoahSills,2,Cebus olivaceus,14:00.1
MC-5,11/02/2025,08/05/2025,Ceymour,None,MC5_00315,45776.55139,Animal,NoahSills,2,Cebus olivaceus,14:00.1
MC-5,11/02/2025,08/05/2025,Ceymour,None,MC5_00316,45776.55139,Animal,NoahSills,2,Cebus olivaceus,14:00.1
MC-5,11/02/2025,08/05/2025,Ceymour,None,MC5_00316,45776.55139,Animal,NoahSills,2,Cebus olivaceus,14:00.1
MC-5,11/02/2025,08/05/2025,Ceymour,None,MC5_00312,45776.55069,Animal,NoahSills,2,Cebus olivaceus,12:59.6
MC-5,11/02/2025,08/05/2025,Ceymour,None,MC5_00312,45776.55069,Animal,NoahSills,2,Cebus olivaceus,12:59.6
MC-5,11/02/2025,08/05/2025,Ceymour,None,MC5_00313,45776.55069,Animal,NoahSills,2,Cebus olivaceus,12:59.6
MC-5,11/02/2025,08/05/2025,Ceymour,None,MC5_00313,45776.55069,Animal,NoahSills,2,Cebus olivaceus,12:59.6
MC-5,11/02/2025,08/05/2025,Ceymour,None,MC5_00309,45776.55,Animal,NoahSills,1,Cebus olivaceus,29/04/2025 9:12
MC-5,11/02/2025,08/05/2025,Ceymour,None,MC5_00309,45776.55,Animal,NoahSills,1,Cebus olivaceus,29/04/2025 9:12
MC-5,11/02/2025,08/05/2025,Ceymour,None,MC5_00310,45776.55,Animal,NoahSills,1,Cebus olivaceus,29/04/2025 9:12
MC-5,11/02/2025,08/05/2025,Ceymour,None,MC5_00310,45776.55,Animal,NoahSills,1,Cebus olivaceus,29/04/2025 9:12
MC-5,11/02/2025,08/05/2025,Ceymour,None,MC5_00311,45776.55,Animal,NoahSills,1,Cebus olivaceus,29/04/2025 9:12
MC-5,11/02/2025,08/05/2025,Ceymour,None,MC5_00311,45776.55,Animal,NoahSills,1,Cebus olivaceus,29/04/2025 9:12
MC-5,11/02/2025,08/05/2025,Ceymour,None,MC5_00306,45776.54861,Animal,NoahSills,1,Cebus olivaceus,09:59.9
MC-5,11/02/2025,08/05/2025,Ceymour,None,MC5_00306,45776.54861,Animal,NoahSills,1,Cebus olivaceus,09:59.9
MC-5,11/02/2025,08/05/2025,Ceymour,None,MC5_00307,45776.54861,Animal,NoahSills,1,Cebus olivaceus,09:59.9
MC-5,11/02/2025,08/05/2025,Ceymour,None,MC5_00307,45776.54861,Animal,NoahSills,1,Cebus olivaceus,09:59.9
MC-5,11/02/2025,08/05/2025,Ceymour,None,MC5_00308,45776.54861,Animal,NoahSills,1,Cebus olivaceus,09:59.9
MC-5,11/02/2025,08/05/2025,Ceymour,None,MC5_00308,45776.54861,Animal,NoahSills,1,Cebus olivaceus,09:59.9
MC-5,11/02/2025,08/05/2025,Ceymour,None,MC5_00303,45776.54722,Animal,NoahSills,2,Cebus olivaceus,07:59.8
MC-5,11/02/2025,08/05/2025,Ceymour,None,MC5_00303,45776.54722,Animal,NoahSills,2,Cebus olivaceus,07:59.8
MC-5,11/02/2025,08/05/2025,Ceymour,None,MC5_00304,45776.54722,Animal,NoahSills,2,Cebus olivaceus,07:59.8
MC-5,11/02/2025,08/05/2025,Ceymour,None,MC5_00304,45776.54722,Animal,NoahSills,2,Cebus olivaceus,07:59.8
MC-5,11/02/2025,08/05/2025,Ceymour,None,MC5_00305,45776.54722,Animal,NoahSills,2,Cebus olivaceus,07:59.8
MC-5,11/02/2025,08/05/2025,Ceymour,None,MC5_00305,45776.54722,Animal,NoahSills,2,Cebus olivaceus,07:59.8
MC-6,11/02/2025,08/05/2025,Ceymour,None,MC6_00007,45776.54097,Animal,NoahSills,2,Cebus olivaceus,58:59.8
MC-6,11/02/2025,08/05/2025,Ceymour,None,MC6_00007,45776.54097,Animal,NoahSills,2,Cebus olivaceus,58:59.8
MC-6,11/02/2025,08/05/2025,Ceymour,None,MC6_00006,45776.53958,Animal,NoahSills,1,Cebus olivaceus,56:59.7
MC-6,11/02/2025,08/05/2025,Ceymour,None,MC6_00006,45776.53958,Animal,NoahSills,1,Cebus olivaceus,56:59.7
MC-6,11/02/2025,08/05/2025,Ceymour,None,MC6_00005,45776.53194,Animal,NoahSills,1,Cebus olivaceus,45:59.6
MC-6,11/02/2025,08/05/2025,Ceymour,None,MC6_00005,45776.53194,Animal,NoahSills,1,Cebus olivaceus,45:59.6
MC-6,11/02/2025,08/05/2025,Ceymour,None,MC6_00004,45776.53125,Animal,NoahSills,3,Cebus olivaceus,29/04/2025 8:45
MC-6,11/02/2025,08/05/2025,Ceymour,None,MC6_00004,45776.53125,Animal,NoahSills,3,Cebus olivaceus,29/04/2025 8:45
MC-13,11/02/2025,08/05/2025,Ceymour,None,M13_00085,45776.32431,Animal,NoahSills,1,Pteronura brasiliensis,47:00.4
MC-21,12/02/2025,08/05/2025,Ceymour,None,MC21_00128,45776.31736,Animal,NoahSills,1,Dasyprocta leporina,36:59.9
MC-5,11/02/2025,08/05/2025,Ceymour,None,MC5_00300,45775.97292,Animal,NoahSills,2,Cuniculus paca,21:00.3
MC-5,11/02/2025,08/05/2025,Ceymour,None,MC5_00300,45775.97292,Animal,NoahSills,2,Cuniculus paca,21:00.3
MC-5,11/02/2025,08/05/2025,Ceymour,None,MC5_00301,45775.97292,Animal,NoahSills,2,Cuniculus paca,21:00.3
MC-5,11/02/2025,08/05/2025,Ceymour,None,MC5_00301,45775.97292,Animal,NoahSills,2,Cuniculus paca,21:00.3
MC-5,11/02/2025,08/05/2025,Ceymour,None,MC5_00302,45775.97292,Animal,NoahSills,2,Cuniculus paca,21:00.3
MC-5,11/02/2025,08/05/2025,Ceymour,None,MC5_00302,45775.97292,Animal,NoahSills,2,Cuniculus paca,21:00.3
MC-7,11/02/2025,08/05/2025,Ceymour,None,MC7_00033,45775.00556,Animal,NoahSills,1,Marmosa murina,08:00.4
MC-7,11/02/2025,08/05/2025,Ceymour,None,MC7_00033,45775.00556,Animal,NoahSills,1,Marmosa murina,08:00.4
MC-13,11/02/2025,08/05/2025,Ceymour,None,M13_00084,45774.60347,Animal,NoahSills,1,Pteronura brasiliensis,28:59.8
MC-13,11/02/2025,08/05/2025,Ceymour,None,M13_00083,45774.60208,Animal,NoahSills,1,Pteronura brasiliensis,26:59.7
MC-13,11/02/2025,08/05/2025,Ceymour,None,M13_00082,45774.54653,Animal,NoahSills,2,Pteronura brasiliensis,07:00.2
MC-13,11/02/2025,08/05/2025,Ceymour,None,M13_00081,45774.54514,Animal,NoahSills,3,Pteronura brasiliensis,05:00.1
MC-7,11/02/2025,08/05/2025,Ceymour,None,MC7_00032,45774.52847,Animal,NoahSills,1,Dendroplex picus,40:59.8
MC-7,11/02/2025,08/05/2025,Ceymour,None,MC7_00032,45774.52847,Animal,NoahSills,1,Dendroplex picus,40:59.8
MC-7,11/02/2025,08/05/2025,Ceymour,None,MC7_00031,45774.20972,Animal,NoahSills,1,Mesomys hispidus,01:59.8
MC-7,11/02/2025,08/05/2025,Ceymour,None,MC7_00031,45774.20972,Animal,NoahSills,1,Mesomys hispidus,01:59.8
MC-4,11/02/2025,08/05/2025,Ceymour,None,MC4_00021,45773.57083,Animal,NoahSills,1,Butorides striata,41:59.7
MC-4,11/02/2025,08/05/2025,Ceymour,None,MC4_00021,45773.57083,Animal,NoahSills,1,Butorides striata,41:59.7
MC-13,11/02/2025,08/05/2025,Ceymour,None,M13_00080,45773.47708,Animal,NoahSills,1,Pteronura brasiliensis,26:59.7
MC-13,11/02/2025,08/05/2025,Ceymour,None,M13_00079,45773.47639,Animal,NoahSills,2,Pteronura brasiliensis,26:00.1
MC-13,11/02/2025,08/05/2025,Ceymour,None,M13_00077,45773.46875,Animal,NoahSills,1,Pteronura brasiliensis,26/04/2025 7:15
MC-13,11/02/2025,08/05/2025,Ceymour,None,M13_00078,45773.46875,Animal,NoahSills,1,Pteronura brasiliensis,26/04/2025 7:15
MC-13,11/02/2025,08/05/2025,Ceymour,None,M13_00076,45773.46806,Animal,NoahSills,1,Pteronura brasiliensis,14:00.4
MC-13,11/02/2025,08/05/2025,Ceymour,None,M13_00075,45773.46528,Animal,NoahSills,1,Pteronura brasiliensis,10:00.2
MC-13,11/02/2025,08/05/2025,Ceymour,None,M13_00074,45773.45208,Animal,NoahSills,1,Pteronura brasiliensis,50:59.7
MC-21,12/02/2025,08/05/2025,Ceymour,None,MC21_00127,45772.76319,Animal,NoahSills,1,Dasyprocta leporina,18:59.6
MC-21,12/02/2025,08/05/2025,Ceymour,None,MC21_00126,45772.76181,Animal,NoahSills,1,Dasyprocta leporina,17:00.4
MC-5,11/02/2025,08/05/2025,Ceymour,None,MC5_00297,45772.40417,Animal,NoahSills,1,Dasyprocta leporina,42:00.3
MC-5,11/02/2025,08/05/2025,Ceymour,None,MC5_00297,45772.40417,Animal,NoahSills,1,Dasyprocta leporina,42:00.3
MC-5,11/02/2025,08/05/2025,Ceymour,None,MC5_00298,45772.40417,Animal,NoahSills,1,Dasyprocta leporina,42:00.3
MC-5,11/02/2025,08/05/2025,Ceymour,None,MC5_00298,45772.40417,Animal,NoahSills,1,Dasyprocta leporina,42:00.3
MC-5,11/02/2025,08/05/2025,Ceymour,None,MC5_00299,45772.40417,Animal,NoahSills,1,Dasyprocta leporina,42:00.3
MC-5,11/02/2025,08/05/2025,Ceymour,None,MC5_00299,45772.40417,Animal,NoahSills,1,Dasyprocta leporina,42:00.3
MC-21,12/02/2025,08/05/2025,Ceymour,None,MC21_00125,45772.24306,Animal,NoahSills,1,Dasyprocta leporina,50:00.4
MC-18,12/02/2025,08/05/2025,Ceymour,None,MC18_00068,45771.89028,Animal,NoahSills,1,Cuniculus paca,22:00.2
MC-18,12/02/2025,08/05/2025,Ceymour,None,MC18_00066,45771.88889,Animal,NoahSills,1,Cuniculus paca,20:00.1
MC-18,12/02/2025,08/05/2025,Ceymour,None,MC18_00067,45771.88889,Animal,NoahSills,1,Cuniculus paca,20:00.1
MC-7,11/02/2025,08/05/2025,Ceymour,None,MC7_00030,45770.85278,Animal,NoahSills,1,Mesomys hispidus,28:00.2
MC-7,11/02/2025,08/05/2025,Ceymour,None,MC7_00030,45770.85278,Animal,NoahSills,1,Mesomys hispidus,28:00.2
MC-7,11/02/2025,08/05/2025,Ceymour,None,MC7_00029,45770.85139,Animal,NoahSills,1,Mesomys hispidus,26:00.1
MC-7,11/02/2025,08/05/2025,Ceymour,None,MC7_00029,45770.85139,Animal,NoahSills,1,Mesomys hispidus,26:00.1
MC-18,12/02/2025,08/05/2025,Ceymour,None,MC18_00065,45770.79097,Animal,NoahSills,1,Cuniculus paca,58:59.8
MC-21,12/02/2025,08/05/2025,Ceymour,None,MC21_00124,45768.76181,Animal,NoahSills,1,Dasyprocta leporina,17:00.4
MC-10,11/02/2025,08/05/2025,Ceymour,None,MC10_00005,45768.09861,Animal,NoahSills,1,Mazama americana,21:59.9
MC-3,11/02/2025,08/05/2025,Ceymour,None,IM_00043,20/04/2025 22:04,Animal,NoahSills,1,Procyon cancrivorus,20/04/2025 22:04
MC-3,11/02/2025,08/05/2025,Ceymour,None,IM_00043,20/04/2025 22:04,Animal,NoahSills,1,Procyon cancrivorus,20/04/2025 22:04
MC-13,11/02/2025,08/05/2025,Ceymour,None,M13_00073,45767.575,Animal,NoahSills,1,Pteronura brasiliensis,45767.40833
MC-13,11/02/2025,08/05/2025,Ceymour,None,M13_00072,45767.57222,Animal,NoahSills,1,Pteronura brasiliensis,43:59.8
MC-3,11/02/2025,08/05/2025,Ceymour,None,IM_00042,20/04/2025 12:34,Animal,NoahSills,1,Sarcoramphus papa,20/04/2025 12:34
MC-3,11/02/2025,08/05/2025,Ceymour,None,IM_00042,20/04/2025 12:34,Animal,NoahSills,1,Sarcoramphus papa,20/04/2025 12:34
MC-4,11/02/2025,08/05/2025,Ceymour,None,MC4_00020,45766.76667,Animal,NoahSills,1,Marmosa murina,24:00.3
MC-4,11/02/2025,08/05/2025,Ceymour,None,MC4_00020,45766.76667,Animal,NoahSills,1,Marmosa murina,24:00.3
MC-21,12/02/2025,08/05/2025,Ceymour,None,MC21_00123,45766.75833,Animal,NoahSills,1,Dasyprocta leporina,11:59.7
MC-21,12/02/2025,08/05/2025,Ceymour,None,MC21_00122,45766.63472,Animal,NoahSills,2,Dasyprocta leporina,13:59.8
MC-5,11/02/2025,08/05/2025,Ceymour,None,MC5_00295,45766.33681,Animal,NoahSills,1,Mesembrinibis cayennensis,05:00.4
MC-5,11/02/2025,08/05/2025,Ceymour,None,MC5_00295,45766.33681,Animal,NoahSills,1,Mesembrinibis cayennensis,05:00.4
MC-5,11/02/2025,08/05/2025,Ceymour,None,MC5_00296,45766.33681,Animal,NoahSills,1,Mesembrinibis cayennensis,05:00.4
MC-5,11/02/2025,08/05/2025,Ceymour,None,MC5_00296,45766.33681,Animal,NoahSills,1,Mesembrinibis cayennensis,05:00.4
MC-4,11/02/2025,08/05/2025,Ceymour,None,MC4_00019,45765.82431,Animal,NoahSills,1,Marmosa murina,47:00.4
MC-4,11/02/2025,08/05/2025,Ceymour,None,MC4_00019,45765.82431,Animal,NoahSills,1,Marmosa murina,47:00.4
MC-13,11/02/2025,08/05/2025,Ceymour,None,M13_00071,45765.71944,Animal,NoahSills,1,Pteronura brasiliensis,15:59.6
MC-21,12/02/2025,08/05/2025,Ceymour,None,MC21_00121,45765.70486,Animal,NoahSills,1,Dasyprocta leporina,54:59.9
MC-13,11/02/2025,08/05/2025,Ceymour,None,M13_00070,45765.64722,Animal,NoahSills,1,Pteronura brasiliensis,31:59.8
MC-13,11/02/2025,08/05/2025,Ceymour,None,M13_00069,45765.64028,Animal,NoahSills,1,Pteronura brasiliensis,22:00.2
MC-21,12/02/2025,08/05/2025,Ceymour,None,MC21_00120,45764.28125,Animal,NoahSills,1,Dasyprocta leporina,17/04/2025 2:45
MC-3,11/02/2025,08/05/2025,Ceymour,None,IM_00040,17/04/2025 5:56,Animal,NoahSills,1,Dasyprocta leporina,17/04/2025 5:56
MC-3,11/02/2025,08/05/2025,Ceymour,None,IM_00040,17/04/2025 5:56,Animal,NoahSills,1,Dasyprocta leporina,17/04/2025 5:56
MC-18,12/02/2025,08/05/2025,Ceymour,None,MC18_00064,45763.75,Animal,NoahSills,1,Dasyprocta leporina,16/04/2025 14:00
MC-21,12/02/2025,08/05/2025,Ceymour,None,MC21_00119,45763.65278,Animal,NoahSills,1,Dasyprocta leporina,40:00.2
MC-21,12/02/2025,08/05/2025,Ceymour,None,MC21_00117,45763.31806,Animal,NoahSills,1,Dasyprocta leporina,38:00.4
MC-21,12/02/2025,08/05/2025,Ceymour,None,MC21_00118,45763.31806,Animal,NoahSills,1,Dasyprocta leporina,38:00.4
MC-21,12/02/2025,08/05/2025,Ceymour,None,MC21_00116,45763.28889,Animal,NoahSills,1,Dasyprocta leporina,56:00.1
MC-21,12/02/2025,08/05/2025,Ceymour,None,MC21_00115,45763.28819,Animal,NoahSills,1,Dasyprocta leporina,54:59.6
MC-21,12/02/2025,08/05/2025,Ceymour,None,MC21_00114,45763.28333,Animal,NoahSills,1,Dasyprocta leporina,47:59.7
MC-21,12/02/2025,08/05/2025,Ceymour,None,MC21_00113,45763.28194,Animal,NoahSills,1,Dasyprocta leporina,45:59.6
MC-13,11/02/2025,08/05/2025,Ceymour,None,M13_00068,45763.26875,Animal,NoahSills,2,Jacana jacana,16/04/2025 2:27
MC-8,11/02/2025,08/05/2025,Ceymour,None,MC8_00070,45763.24167,Animal,NoahSills,1,Mazama americana,48:00.3
MC-8,11/02/2025,08/05/2025,Ceymour,None,MC8_00070,45763.24167,Animal,NoahSills,1,Mazama americana,48:00.3
MC-18,12/02/2025,08/05/2025,Ceymour,None,MC18_00063,45762.54097,Animal,NoahSills,1,Dasyprocta leporina,58:59.8
MC-21,12/02/2025,08/05/2025,Ceymour,None,MC21_00112,45762.28194,Animal,NoahSills,1,Dasyprocta leporina,45:59.6
MC-21,12/02/2025,08/05/2025,Ceymour,None,MC21_00110,45762.25347,Animal,NoahSills,1,Dasyprocta leporina,04:59.8
MC-21,12/02/2025,08/05/2025,Ceymour,None,MC21_00111,45762.25347,Animal,NoahSills,1,Dasyprocta leporina,04:59.8
MC-21,12/02/2025,08/05/2025,Ceymour,None,MC21_00109,45762.24792,Animal,NoahSills,1,Dasyprocta leporina,57:00.3
MC-10,11/02/2025,08/05/2025,Ceymour,None,MC10_00004,45761.76667,Animal,NoahSills,1,Mazama americana,24:00.3
MC-21,12/02/2025,08/05/2025,Ceymour,None,MC21_00108,45761.72083,Animal,NoahSills,1,Dasyprocta leporina,17:59.7
MC-18,12/02/2025,08/05/2025,Ceymour,None,MC18_00062,45760.98958,Animal,NoahSills,1,Cuniculus paca,44:59.7
MC-7,11/02/2025,08/05/2025,Ceymour,None,MC7_00028,45760.85069,Animal,NoahSills,1,Marmosa murina,24:59.6
MC-7,11/02/2025,08/05/2025,Ceymour,None,MC7_00028,45760.85069,Animal,NoahSills,1,Marmosa murina,24:59.6
MC-3,11/02/2025,08/05/2025,Ceymour,None,IM_00037,13/04/2025 18:16,Animal,NoahSills,1,Nyctidromus albicollis,13/04/2025 18:16
MC-3,11/02/2025,08/05/2025,Ceymour,None,IM_00037,13/04/2025 18:16,Animal,NoahSills,1,Nyctidromus albicollis,13/04/2025 18:16
MC-21,12/02/2025,08/05/2025,Ceymour,None,MC21_00107,45760.72778,Animal,NoahSills,1,Dasyprocta leporina,28:00.2
MC-21,12/02/2025,08/05/2025,Ceymour,None,MC21_00106,45760.71458,Animal,NoahSills,1,Dasyprocta leporina,08:59.7
MC-21,12/02/2025,08/05/2025,Ceymour,None,MC21_00105,45760.70625,Animal,NoahSills,1,Dasyprocta leporina,13/04/2025 12:57
MC-21,12/02/2025,08/05/2025,Ceymour,None,MC21_00104,45760.69722,Animal,NoahSills,1,Dasyprocta leporina,43:59.8
MC-5,11/02/2025,08/05/2025,Ceymour,None,MC5_00292,45760.69653,Animal,NoahSills,1,Mesembrinibis cayennensis,43:00.2
MC-5,11/02/2025,08/05/2025,Ceymour,None,MC5_00292,45760.69653,Animal,NoahSills,1,Mesembrinibis cayennensis,43:00.2
MC-5,11/02/2025,08/05/2025,Ceymour,None,MC5_00293,45760.69653,Animal,NoahSills,1,Mesembrinibis cayennensis,43:00.2
MC-5,11/02/2025,08/05/2025,Ceymour,None,MC5_00293,45760.69653,Animal,NoahSills,1,Mesembrinibis cayennensis,43:00.2
MC-5,11/02/2025,08/05/2025,Ceymour,None,MC5_00294,45760.69653,Animal,NoahSills,1,Mesembrinibis cayennensis,43:00.2
MC-5,11/02/2025,08/05/2025,Ceymour,None,MC5_00294,45760.69653,Animal,NoahSills,1,Mesembrinibis cayennensis,43:00.2
MC-10,11/02/2025,08/05/2025,Ceymour,None,MC10_00003,45760.65417,Animal,NoahSills,1,Tayassu pecari,42:00.3
MC-3,11/02/2025,08/05/2025,Ceymour,None,IM_00035,13/04/2025 5:25,Animal,NoahSills,1,Nyctidromus albicollis,13/04/2025 5:25
MC-3,11/02/2025,08/05/2025,Ceymour,None,IM_00035,13/04/2025 5:25,Animal,NoahSills,1,Nyctidromus albicollis,13/04/2025 5:25
MC-21,12/02/2025,08/05/2025,Ceymour,None,MC21_00103,45759.48542,Animal,NoahSills,1,Dasyprocta leporina,39:00.3
MC-18,12/02/2025,08/05/2025,Ceymour,None,MC18_00061,45759.12639,Animal,NoahSills,1,Cuniculus paca,02:00.1
MC-4,11/02/2025,08/05/2025,Ceymour,None,MC4_00017,45758.84306,Animal,NoahSills,1,Leptotila rufaxilla,14:00.4
MC-4,11/02/2025,08/05/2025,Ceymour,None,MC4_00017,45758.84306,Animal,NoahSills,1,Leptotila rufaxilla,14:00.4
MC-21,12/02/2025,08/05/2025,Ceymour,None,MC21_00102,45758.60972,Animal,NoahSills,1,Dasyprocta leporina,37:59.8
MC-4,11/02/2025,08/05/2025,Ceymour,None,MC4_00018,45758.59514,Animal,NoahSills,1,Piaya cayana,17:00.1
MC-4,11/02/2025,08/05/2025,Ceymour,None,MC4_00018,45758.59514,Animal,NoahSills,1,Piaya cayana,17:00.1
MC-18,12/02/2025,08/05/2025,Ceymour,None,MC18_00060,45758.15139,Animal,NoahSills,1,Cuniculus paca,38:00.1
MC-21,12/02/2025,08/05/2025,Ceymour,None,MC21_00101,45757.69583,Animal,NoahSills,1,Dasyprocta leporina,41:59.7
MC-18,12/02/2025,08/05/2025,Ceymour,None,MC18_00059,45757.67847,Animal,NoahSills,1,Dasyprocta leporina,16:59.8
MC-8,11/02/2025,08/05/2025,Ceymour,None,MC8_00069,45757.65208,Animal,NoahSills,3,Pteronura brasiliensis,38:59.7
MC-8,11/02/2025,08/05/2025,Ceymour,None,MC8_00069,45757.65208,Animal,NoahSills,3,Pteronura brasiliensis,38:59.7
MC-5,11/02/2025,08/05/2025,Ceymour,None,MC5_00286,45757.51181,Animal,NoahSills,1,Dasyprocta leporina,17:00.4
MC-5,11/02/2025,08/05/2025,Ceymour,None,MC5_00286,45757.51181,Animal,NoahSills,1,Dasyprocta leporina,17:00.4
MC-5,11/02/2025,08/05/2025,Ceymour,None,MC5_00287,45757.51181,Animal,NoahSills,1,Dasyprocta leporina,17:00.4
MC-5,11/02/2025,08/05/2025,Ceymour,None,MC5_00287,45757.51181,Animal,NoahSills,1,Dasyprocta leporina,17:00.4
MC-5,11/02/2025,08/05/2025,Ceymour,None,MC5_00288,45757.51181,Animal,NoahSills,1,Dasyprocta leporina,17:00.4
MC-5,11/02/2025,08/05/2025,Ceymour,None,MC5_00288,45757.51181,Animal,NoahSills,1,Dasyprocta leporina,17:00.4
MC-5,11/02/2025,08/05/2025,Ceymour,None,MC5_00289,45757.51181,Animal,NoahSills,1,Dasyprocta leporina,17:00.4
MC-5,11/02/2025,08/05/2025,Ceymour,None,MC5_00289,45757.51181,Animal,NoahSills,1,Dasyprocta leporina,17:00.4
MC-5,11/02/2025,08/05/2025,Ceymour,None,MC5_00290,45757.51181,Animal,NoahSills,1,Dasyprocta leporina,17:00.4
MC-5,11/02/2025,08/05/2025,Ceymour,None,MC5_00290,45757.51181,Animal,NoahSills,1,Dasyprocta leporina,17:00.4
MC-5,11/02/2025,08/05/2025,Ceymour,None,MC5_00291,45757.51181,Animal,NoahSills,1,Dasyprocta leporina,17:00.4
MC-5,11/02/2025,08/05/2025,Ceymour,None,MC5_00291,45757.51181,Animal,NoahSills,1,Dasyprocta leporina,17:00.4
MC-5,11/02/2025,08/05/2025,Ceymour,None,MC5_00283,45757.51111,Animal,NoahSills,1,Dasyprocta leporina,15:59.9
MC-5,11/02/2025,08/05/2025,Ceymour,None,MC5_00283,45757.51111,Animal,NoahSills,1,Dasyprocta leporina,15:59.9
MC-5,11/02/2025,08/05/2025,Ceymour,None,MC5_00284,45757.51111,Animal,NoahSills,1,Dasyprocta leporina,15:59.9
MC-5,11/02/2025,08/05/2025,Ceymour,None,MC5_00284,45757.51111,Animal,NoahSills,1,Dasyprocta leporina,15:59.9
MC-5,11/02/2025,08/05/2025,Ceymour,None,MC5_00285,45757.51111,Animal,NoahSills,1,Dasyprocta leporina,15:59.9
MC-5,11/02/2025,08/05/2025,Ceymour,None,MC5_00285,45757.51111,Animal,NoahSills,1,Dasyprocta leporina,15:59.9
MC-7,11/02/2025,08/05/2025,Ceymour,None,MC7_00027,45757.49792,Animal,NoahSills,1,Cebus olivaceus,57:00.3
MC-7,11/02/2025,08/05/2025,Ceymour,None,MC7_00027,45757.49792,Animal,NoahSills,1,Cebus olivaceus,57:00.3
MC-7,11/02/2025,08/05/2025,Ceymour,None,MC7_00026,45757.49722,Animal,NoahSills,1,Cebus olivaceus,55:59.8
MC-7,11/02/2025,08/05/2025,Ceymour,None,MC7_00026,45757.49722,Animal,NoahSills,1,Cebus olivaceus,55:59.8
MC-21,12/02/2025,08/05/2025,Ceymour,None,MC21_00100,45756.26597,Animal,NoahSills,1,Dasyprocta leporina,22:59.8
MC-18,12/02/2025,08/05/2025,Ceymour,None,MC18_00058,45756.14931,Animal,NoahSills,1,Cuniculus paca,35:00.4
MC-18,12/02/2025,08/05/2025,Ceymour,None,MC18_00057,45756.14861,Animal,NoahSills,1,Cuniculus paca,33:59.9
MC-5,11/02/2025,08/05/2025,Ceymour,None,MC5_00280,45755.52292,Animal,NoahSills,3,Tayassu pecari,33:00.3
MC-5,11/02/2025,08/05/2025,Ceymour,None,MC5_00280,45755.52292,Animal,NoahSills,3,Tayassu pecari,33:00.3
MC-5,11/02/2025,08/05/2025,Ceymour,None,MC5_00281,45755.52292,Animal,NoahSills,3,Tayassu pecari,33:00.3
MC-5,11/02/2025,08/05/2025,Ceymour,None,MC5_00281,45755.52292,Animal,NoahSills,3,Tayassu pecari,33:00.3
MC-5,11/02/2025,08/05/2025,Ceymour,None,MC5_00282,45755.52292,Animal,NoahSills,3,Tayassu pecari,33:00.3
MC-5,11/02/2025,08/05/2025,Ceymour,None,MC5_00282,45755.52292,Animal,NoahSills,3,Tayassu pecari,33:00.3
MC-5,11/02/2025,08/05/2025,Ceymour,None,MC5_00274,45755.52222,Animal,NoahSills,3,Tayassu pecari,31:59.8
MC-5,11/02/2025,08/05/2025,Ceymour,None,MC5_00274,45755.52222,Animal,NoahSills,3,Tayassu pecari,31:59.8
MC-5,11/02/2025,08/05/2025,Ceymour,None,MC5_00275,45755.52222,Animal,NoahSills,3,Tayassu pecari,31:59.8
MC-5,11/02/2025,08/05/2025,Ceymour,None,MC5_00275,45755.52222,Animal,NoahSills,3,Tayassu pecari,31:59.8
MC-5,11/02/2025,08/05/2025,Ceymour,None,MC5_00276,45755.52222,Animal,NoahSills,3,Tayassu pecari,31:59.8
MC-5,11/02/2025,08/05/2025,Ceymour,None,MC5_00276,45755.52222,Animal,NoahSills,3,Tayassu pecari,31:59.8
MC-5,11/02/2025,08/05/2025,Ceymour,None,MC5_00277,45755.52222,Animal,NoahSills,5,Tayassu pecari,31:59.8
MC-5,11/02/2025,08/05/2025,Ceymour,None,MC5_00277,45755.52222,Animal,NoahSills,5,Tayassu pecari,31:59.8
MC-5,11/02/2025,08/05/2025,Ceymour,None,MC5_00278,45755.52222,Animal,NoahSills,5,Tayassu pecari,31:59.8
MC-5,11/02/2025,08/05/2025,Ceymour,None,MC5_00278,45755.52222,Animal,NoahSills,5,Tayassu pecari,31:59.8
MC-5,11/02/2025,08/05/2025,Ceymour,None,MC5_00279,45755.52222,Animal,NoahSills,5,Tayassu pecari,31:59.8
MC-5,11/02/2025,08/05/2025,Ceymour,None,MC5_00279,45755.52222,Animal,NoahSills,5,Tayassu pecari,31:59.8
MC-7,11/02/2025,08/05/2025,Ceymour,None,MC7_00025,45755.41944,Animal,NoahSills,1,Saimiri sciureus,03:59.6
MC-7,11/02/2025,08/05/2025,Ceymour,None,MC7_00025,45755.41944,Animal,NoahSills,1,Saimiri sciureus,03:59.6
MC-7,11/02/2025,08/05/2025,Ceymour,None,MC7_00024,45755.37361,Animal,NoahSills,1,Cebus olivaceus,57:59.9
MC-7,11/02/2025,08/05/2025,Ceymour,None,MC7_00024,45755.37361,Animal,NoahSills,1,Cebus olivaceus,57:59.9
MC-4,11/02/2025,08/05/2025,Ceymour,None,MC4_00016,45754.77917,Animal,NoahSills,1,Marmosa murina,42:00.3
MC-4,11/02/2025,08/05/2025,Ceymour,None,MC4_00016,45754.77917,Animal,NoahSills,1,Marmosa murina,42:00.3
MC-21,12/02/2025,08/05/2025,Ceymour,None,MC21_00099,45754.61389,Animal,NoahSills,1,Dasyprocta leporina,44:00.1
MC-18,12/02/2025,08/05/2025,Ceymour,None,MC18_00056,45753.96319,Animal,NoahSills,1,Cuniculus paca,06:59.6
MC-3,11/02/2025,08/05/2025,Ceymour,None,IM_00029,06/04/2025 20:34,Animal,NoahSills,1,Tamandua tetradactyla,06/04/2025 20:34
MC-3,11/02/2025,08/05/2025,Ceymour,None,IM_00029,06/04/2025 20:34,Animal,NoahSills,1,Tamandua tetradactyla,06/04/2025 20:34
MC-7,11/02/2025,08/05/2025,Ceymour,None,MC7_00023,45753.62778,Animal,NoahSills,1,Dendroplex picus,04:00.2
MC-7,11/02/2025,08/05/2025,Ceymour,None,MC7_00023,45753.62778,Animal,NoahSills,1,Dendroplex picus,04:00.2
MC-21,12/02/2025,08/05/2025,Ceymour,None,MC21_00098,45753.57917,Animal,NoahSills,1,Dasyprocta leporina,54:00.3
MC-7,11/02/2025,08/05/2025,Ceymour,None,MC7_00022,45752.48819,Animal,NoahSills,1,Cebus olivaceus,42:59.6
MC-7,11/02/2025,08/05/2025,Ceymour,None,MC7_00022,45752.48819,Animal,NoahSills,1,Cebus olivaceus,42:59.6
MC-10,11/02/2025,08/05/2025,Ceymour,None,MC10_00002,45752.40625,Animal,NoahSills,1,Tayassu pecari,05/04/2025 5:45
MC-10,11/02/2025,08/05/2025,Ceymour,None,MC10_00001,45752.40556,Animal,NoahSills,8,Tayassu pecari,44:00.4
MC-3,11/02/2025,08/05/2025,Ceymour,None,IM_00024,04/04/2025 19:24,Animal,NoahSills,1,Mazama americana,04/04/2025 19:24
MC-3,11/02/2025,08/05/2025,Ceymour,None,IM_00024,04/04/2025 19:24,Animal,NoahSills,1,Mazama americana,04/04/2025 19:24
MC-5,11/02/2025,08/05/2025,Ceymour,None,MC5_00271,45751.44722,Animal,NoahSills,1,Dasyprocta leporina,43:59.8
MC-5,11/02/2025,08/05/2025,Ceymour,None,MC5_00271,45751.44722,Animal,NoahSills,1,Dasyprocta leporina,43:59.8
MC-5,11/02/2025,08/05/2025,Ceymour,None,MC5_00272,45751.44722,Animal,NoahSills,1,Dasyprocta leporina,43:59.8
MC-5,11/02/2025,08/05/2025,Ceymour,None,MC5_00272,45751.44722,Animal,NoahSills,1,Dasyprocta leporina,43:59.8
MC-5,11/02/2025,08/05/2025,Ceymour,None,MC5_00273,45751.44722,Animal,NoahSills,1,Dasyprocta leporina,43:59.8
MC-5,11/02/2025,08/05/2025,Ceymour,None,MC5_00273,45751.44722,Animal,NoahSills,1,Dasyprocta leporina,43:59.8
MC-5,11/02/2025,08/05/2025,Ceymour,None,MC5_00268,45751.44653,Animal,NoahSills,1,Dasyprocta leporina,43:00.2
MC-5,11/02/2025,08/05/2025,Ceymour,None,MC5_00268,45751.44653,Animal,NoahSills,1,Dasyprocta leporina,43:00.2
MC-5,11/02/2025,08/05/2025,Ceymour,None,MC5_00269,45751.44653,Animal,NoahSills,1,Dasyprocta leporina,43:00.2
MC-5,11/02/2025,08/05/2025,Ceymour,None,MC5_00269,45751.44653,Animal,NoahSills,1,Dasyprocta leporina,43:00.2
MC-5,11/02/2025,08/05/2025,Ceymour,None,MC5_00270,45751.44653,Animal,NoahSills,1,Dasyprocta leporina,43:00.2
MC-5,11/02/2025,08/05/2025,Ceymour,None,MC5_00270,45751.44653,Animal,NoahSills,1,Dasyprocta leporina,43:00.2
MC-5,11/02/2025,08/05/2025,Ceymour,None,MC5_00262,45751.44514,Animal,NoahSills,1,Dasyprocta leporina,41:00.1
MC-5,11/02/2025,08/05/2025,Ceymour,None,MC5_00262,45751.44514,Animal,NoahSills,1,Dasyprocta leporina,41:00.1
MC-5,11/02/2025,08/05/2025,Ceymour,None,MC5_00263,45751.44514,Animal,NoahSills,1,Dasyprocta leporina,41:00.1
MC-5,11/02/2025,08/05/2025,Ceymour,None,MC5_00263,45751.44514,Animal,NoahSills,1,Dasyprocta leporina,41:00.1
MC-5,11/02/2025,08/05/2025,Ceymour,None,MC5_00264,45751.44514,Animal,NoahSills,1,Dasyprocta leporina,41:00.1
MC-5,11/02/2025,08/05/2025,Ceymour,None,MC5_00264,45751.44514,Animal,NoahSills,1,Dasyprocta leporina,41:00.1
MC-5,11/02/2025,08/05/2025,Ceymour,None,MC5_00265,45751.44514,Animal,NoahSills,1,Dasyprocta leporina,41:00.1
MC-5,11/02/2025,08/05/2025,Ceymour,None,MC5_00265,45751.44514,Animal,NoahSills,1,Dasyprocta leporina,41:00.1
MC-5,11/02/2025,08/05/2025,Ceymour,None,MC5_00266,45751.44514,Animal,NoahSills,1,Dasyprocta leporina,41:00.1
MC-5,11/02/2025,08/05/2025,Ceymour,None,MC5_00266,45751.44514,Animal,NoahSills,1,Dasyprocta leporina,41:00.1
MC-5,11/02/2025,08/05/2025,Ceymour,None,MC5_00267,45751.44514,Animal,NoahSills,1,Dasyprocta leporina,41:00.1
MC-5,11/02/2025,08/05/2025,Ceymour,None,MC5_00267,45751.44514,Animal,NoahSills,1,Dasyprocta leporina,41:00.1
MC-5,11/02/2025,08/05/2025,Ceymour,None,MC5_00259,45751.44444,Animal,NoahSills,1,Dasyprocta leporina,39:59.6
MC-5,11/02/2025,08/05/2025,Ceymour,None,MC5_00259,45751.44444,Animal,NoahSills,1,Dasyprocta leporina,39:59.6
MC-5,11/02/2025,08/05/2025,Ceymour,None,MC5_00260,45751.44444,Animal,NoahSills,1,Dasyprocta leporina,39:59.6
MC-5,11/02/2025,08/05/2025,Ceymour,None,MC5_00260,45751.44444,Animal,NoahSills,1,Dasyprocta leporina,39:59.6
MC-5,11/02/2025,08/05/2025,Ceymour,None,MC5_00261,45751.44444,Animal,NoahSills,1,Dasyprocta leporina,39:59.6
MC-5,11/02/2025,08/05/2025,Ceymour,None,MC5_00261,45751.44444,Animal,NoahSills,1,Dasyprocta leporina,39:59.6
MC-13,11/02/2025,08/05/2025,Ceymour,None,M13_00067,45750.69167,Animal,NoahSills,1,Nasua nasua,36:00.3
MC-5,11/02/2025,08/05/2025,Ceymour,None,MC5_00256,45750.58333,Animal,NoahSills,1,Dasyprocta leporina,59:59.7
MC-5,11/02/2025,08/05/2025,Ceymour,None,MC5_00256,45750.58333,Animal,NoahSills,1,Dasyprocta leporina,59:59.7
MC-5,11/02/2025,08/05/2025,Ceymour,None,MC5_00257,45750.58333,Animal,NoahSills,1,Dasyprocta leporina,59:59.7
MC-5,11/02/2025,08/05/2025,Ceymour,None,MC5_00257,45750.58333,Animal,NoahSills,1,Dasyprocta leporina,59:59.7
MC-5,11/02/2025,08/05/2025,Ceymour,None,MC5_00258,45750.58333,Animal,NoahSills,1,Dasyprocta leporina,59:59.7
MC-5,11/02/2025,08/05/2025,Ceymour,None,MC5_00258,45750.58333,Animal,NoahSills,1,Dasyprocta leporina,59:59.7
MC-5,11/02/2025,08/05/2025,Ceymour,None,MC5_00250,45750.55278,Animal,NoahSills,6,Tayassu pecari,16:00.2
MC-5,11/02/2025,08/05/2025,Ceymour,None,MC5_00250,45750.55278,Animal,NoahSills,6,Tayassu pecari,16:00.2
MC-5,11/02/2025,08/05/2025,Ceymour,None,MC5_00251,45750.55278,Animal,NoahSills,6,Tayassu pecari,16:00.2
MC-5,11/02/2025,08/05/2025,Ceymour,None,MC5_00251,45750.55278,Animal,NoahSills,6,Tayassu pecari,16:00.2
MC-5,11/02/2025,08/05/2025,Ceymour,None,MC5_00252,45750.55278,Animal,NoahSills,7,Tayassu pecari,16:00.2
MC-5,11/02/2025,08/05/2025,Ceymour,None,MC5_00252,45750.55278,Animal,NoahSills,7,Tayassu pecari,16:00.2
MC-5,11/02/2025,08/05/2025,Ceymour,None,MC5_00253,45750.55278,Animal,NoahSills,10,Tayassu pecari,16:00.2
MC-5,11/02/2025,08/05/2025,Ceymour,None,MC5_00253,45750.55278,Animal,NoahSills,10,Tayassu pecari,16:00.2
MC-5,11/02/2025,08/05/2025,Ceymour,None,MC5_00254,45750.55278,Animal,NoahSills,10,Tayassu pecari,16:00.2
MC-5,11/02/2025,08/05/2025,Ceymour,None,MC5_00254,45750.55278,Animal,NoahSills,10,Tayassu pecari,16:00.2
MC-5,11/02/2025,08/05/2025,Ceymour,None,MC5_00255,45750.55278,Animal,NoahSills,10,Tayassu pecari,16:00.2
MC-5,11/02/2025,08/05/2025,Ceymour,None,MC5_00255,45750.55278,Animal,NoahSills,10,Tayassu pecari,16:00.2
MC-21,12/02/2025,08/05/2025,Ceymour,None,MC21_00097,45750.26667,Animal,NoahSills,1,Dasyprocta leporina,24:00.3
MC-14,11/02/2025,08/05/2025,Ceymour,None,MC14_00002,45749.61944,Animal,NoahSills,2,Tayassu pecari,51:59.6
MC-5,11/02/2025,08/05/2025,Ceymour,None,MC5_00247,45749.44375,Animal,NoahSills,1,Dasyprocta leporina,02/04/2025 6:39
MC-5,11/02/2025,08/05/2025,Ceymour,None,MC5_00247,45749.44375,Animal,NoahSills,1,Dasyprocta leporina,02/04/2025 6:39
MC-5,11/02/2025,08/05/2025,Ceymour,None,MC5_00248,45749.44375,Animal,NoahSills,1,Dasyprocta leporina,02/04/2025 6:39
MC-5,11/02/2025,08/05/2025,Ceymour,None,MC5_00248,45749.44375,Animal,NoahSills,1,Dasyprocta leporina,02/04/2025 6:39
MC-5,11/02/2025,08/05/2025,Ceymour,None,MC5_00249,45749.44375,Animal,NoahSills,1,Dasyprocta leporina,02/04/2025 6:39
MC-5,11/02/2025,08/05/2025,Ceymour,None,MC5_00249,45749.44375,Animal,NoahSills,1,Dasyprocta leporina,02/04/2025 6:39
MC-3,11/02/2025,08/05/2025,Ceymour,None,IM_00022,02/04/2025 5:34,Animal,NoahSills,1,Nyctidromus albicollis,02/04/2025 5:34
MC-3,11/02/2025,08/05/2025,Ceymour,None,IM_00022,02/04/2025 5:34,Animal,NoahSills,1,Nyctidromus albicollis,02/04/2025 5:34
MC-5,11/02/2025,08/05/2025,Ceymour,None,MC5_00244,45749.11528,Animal,NoahSills,1,Rattus rattus,46:00.2
MC-5,11/02/2025,08/05/2025,Ceymour,None,MC5_00244,45749.11528,Animal,NoahSills,1,Rattus rattus,46:00.2
MC-5,11/02/2025,08/05/2025,Ceymour,None,MC5_00245,45749.11528,Animal,NoahSills,1,Rattus rattus,46:00.2
MC-5,11/02/2025,08/05/2025,Ceymour,None,MC5_00245,45749.11528,Animal,NoahSills,1,Rattus rattus,46:00.2
MC-5,11/02/2025,08/05/2025,Ceymour,None,MC5_00246,45749.11528,Animal,NoahSills,1,Rattus rattus,46:00.2
MC-5,11/02/2025,08/05/2025,Ceymour,None,MC5_00246,45749.11528,Animal,NoahSills,1,Rattus rattus,46:00.2
MC-5,11/02/2025,08/05/2025,Ceymour,None,MC5_00241,45749.10208,Animal,NoahSills,1,Rattus rattus,26:59.7
MC-5,11/02/2025,08/05/2025,Ceymour,None,MC5_00241,45749.10208,Animal,NoahSills,1,Rattus rattus,26:59.7
MC-5,11/02/2025,08/05/2025,Ceymour,None,MC5_00242,45749.10208,Animal,NoahSills,1,Rattus rattus,26:59.7
MC-5,11/02/2025,08/05/2025,Ceymour,None,MC5_00242,45749.10208,Animal,NoahSills,1,Rattus rattus,26:59.7
MC-5,11/02/2025,08/05/2025,Ceymour,None,MC5_00243,45749.10208,Animal,NoahSills,1,Rattus rattus,26:59.7
MC-5,11/02/2025,08/05/2025,Ceymour,None,MC5_00243,45749.10208,Animal,NoahSills,1,Rattus rattus,26:59.7
MC-5,11/02/2025,08/05/2025,Ceymour,None,MC5_00238,45748.71528,Animal,NoahSills,1,Mesembrinibis cayennensis,10:00.2
MC-5,11/02/2025,08/05/2025,Ceymour,None,MC5_00238,45748.71528,Animal,NoahSills,1,Mesembrinibis cayennensis,10:00.2
MC-5,11/02/2025,08/05/2025,Ceymour,None,MC5_00239,45748.71528,Animal,NoahSills,1,Mesembrinibis cayennensis,10:00.2
MC-5,11/02/2025,08/05/2025,Ceymour,None,MC5_00239,45748.71528,Animal,NoahSills,1,Mesembrinibis cayennensis,10:00.2
MC-5,11/02/2025,08/05/2025,Ceymour,None,MC5_00240,45748.71528,Animal,NoahSills,1,Mesembrinibis cayennensis,10:00.2
MC-5,11/02/2025,08/05/2025,Ceymour,None,MC5_00240,45748.71528,Animal,NoahSills,1,Mesembrinibis cayennensis,10:00.2
MC-5,11/02/2025,08/05/2025,Ceymour,None,MC5_00235,45748.71389,Animal,NoahSills,1,Mesembrinibis cayennensis,08:00.1
MC-5,11/02/2025,08/05/2025,Ceymour,None,MC5_00235,45748.71389,Animal,NoahSills,1,Mesembrinibis cayennensis,08:00.1
MC-5,11/02/2025,08/05/2025,Ceymour,None,MC5_00236,45748.71389,Animal,NoahSills,1,Mesembrinibis cayennensis,08:00.1
MC-5,11/02/2025,08/05/2025,Ceymour,None,MC5_00236,45748.71389,Animal,NoahSills,1,Mesembrinibis cayennensis,08:00.1
MC-5,11/02/2025,08/05/2025,Ceymour,None,MC5_00237,45748.71389,Animal,NoahSills,1,Mesembrinibis cayennensis,08:00.1
MC-5,11/02/2025,08/05/2025,Ceymour,None,MC5_00237,45748.71389,Animal,NoahSills,1,Mesembrinibis cayennensis,08:00.1
MC-6,11/02/2025,08/05/2025,Ceymour,None,MC6_00003,45748.58403,Animal,NoahSills,1,Ortalis motmot,01:00.2
MC-6,11/02/2025,08/05/2025,Ceymour,None,MC6_00003,45748.58403,Animal,NoahSills,1,Ortalis motmot,01:00.2
MC-12,11/02/2025,08/05/2025,Ceymour,None,MC12_00056,45748.50278,Animal,NoahSills,1,Nasua nasua,04:00.2
MC-12,11/02/2025,08/05/2025,Ceymour,None,MC12_00057,45748.50278,Animal,NoahSills,3,Nasua nasua,04:00.2
MC-21,12/02/2025,08/05/2025,Ceymour,None,MC21_00096,45748.28542,Animal,NoahSills,1,Dasyprocta leporina,51:00.3
MC-18,12/02/2025,08/05/2025,Ceymour,None,MC18_00055,45747.90417,Animal,NoahSills,1,Cuniculus paca,42:00.3
MC-18,12/02/2025,08/05/2025,Ceymour,None,MC18_00054,45747.90347,Animal,NoahSills,2,Cuniculus paca,40:59.8
MC-18,12/02/2025,08/05/2025,Ceymour,None,MC18_00053,45747.90278,Animal,NoahSills,1,Cuniculus paca,40:00.2
MC-12,11/02/2025,08/05/2025,Ceymour,None,MC12_00055,45747.74722,Animal,NoahSills,2,Nasua nasua,55:59.8
MC-12,11/02/2025,08/05/2025,Ceymour,None,MC12_00054,45747.74653,Animal,NoahSills,1,Nasua nasua,55:00.2
MC-12,11/02/2025,08/05/2025,Ceymour,None,MC12_00053,45747.7375,Animal,NoahSills,1,Nasua nasua,31/03/2025 13:42
MC-12,11/02/2025,08/05/2025,Ceymour,None,MC12_00052,45747.73472,Animal,NoahSills,1,Nasua nasua,37:59.8
MC-3,11/02/2025,08/05/2025,Ceymour,None,IM_00020,31/03/2025 5:30,Animal,NoahSills,1,Nyctidromus albicollis,31/03/2025 5:30
MC-3,11/02/2025,08/05/2025,Ceymour,None,IM_00020,31/03/2025 5:30,Animal,NoahSills,1,Nyctidromus albicollis,31/03/2025 5:30
MC-18,12/02/2025,08/05/2025,Ceymour,None,MC18_00052,45747.04097,Animal,NoahSills,1,Cuniculus paca,58:59.8
MC-21,12/02/2025,08/05/2025,Ceymour,None,MC21_00095,45746.51458,Animal,NoahSills,1,Dasyprocta leporina,20:59.7
MC-18,12/02/2025,08/05/2025,Ceymour,None,MC18_00051,45745.85556,Animal,NoahSills,1,Cuniculus paca,32:00.4
MC-18,12/02/2025,08/05/2025,Ceymour,None,MC18_00050,45745.85347,Animal,NoahSills,1,Cuniculus paca,28:59.8
MC-18,12/02/2025,08/05/2025,Ceymour,None,MC18_00049,45745.85069,Animal,NoahSills,1,Cuniculus paca,24:59.6
MC-18,12/02/2025,08/05/2025,Ceymour,None,MC18_00048,45745.84722,Animal,NoahSills,1,Cuniculus paca,19:59.8
MC-12,11/02/2025,08/05/2025,Ceymour,None,MC12_00051,45745.23194,Animal,NoahSills,1,Tamandua tetradactyla,33:59.6
MC-18,12/02/2025,08/05/2025,Ceymour,None,MC18_00047,45745.02014,Animal,NoahSills,1,Cuniculus paca,29:00.1
MC-18,12/02/2025,08/05/2025,Ceymour,None,MC18_00046,45744.99028,Animal,NoahSills,1,Cuniculus paca,46:00.2
MC-18,12/02/2025,08/05/2025,Ceymour,None,MC18_00045,45744.98889,Animal,NoahSills,1,Cuniculus paca,44:00.1
MC-18,12/02/2025,08/05/2025,Ceymour,None,MC18_00044,45744.98819,Animal,NoahSills,1,Cuniculus paca,42:59.6
MC-14,11/02/2025,08/05/2025,Ceymour,None,MC14_00001,45744.76319,Animal,NoahSills,1,Mazama americana,18:59.6
MC-12,11/02/2025,08/05/2025,Ceymour,None,MC12_00050,45744.36736,Animal,NoahSills,1,Leptotila rufaxilla,48:59.9
MC-19,12/02/2025,08/05/2025,Ceymour,None,MC19_00002,45744.02847,Animal,NoahSills,2,Panthera onca,40:59.8
MC-3,11/02/2025,08/05/2025,Ceymour,None,IM_00018,27/03/2025 19:12,Animal,NoahSills,1,Mazama americana,27/03/2025 19:12
MC-3,11/02/2025,08/05/2025,Ceymour,None,IM_00018,27/03/2025 19:12,Animal,NoahSills,1,Mazama americana,27/03/2025 19:12
MC-3,11/02/2025,08/05/2025,Ceymour,None,IM_00017,27/03/2025 18:23,Animal,NoahSills,1,Pecari tajacu,27/03/2025 18:23
MC-3,11/02/2025,08/05/2025,Ceymour,None,IM_00017,27/03/2025 18:23,Animal,NoahSills,1,Pecari tajacu,27/03/2025 18:23
MC-13,11/02/2025,08/05/2025,Ceymour,None,M13_00066,45743.57847,Animal,NoahSills,1,Pteronura brasiliensis,52:59.8
MC-12,11/02/2025,08/05/2025,Ceymour,None,MC12_00049,45743.45278,Animal,NoahSills,1,Leptotila rufaxilla,52:00.2
MC-21,12/02/2025,08/05/2025,Ceymour,None,MC21_00094,45742.35625,Animal,NoahSills,1,Dasyprocta leporina,45742.18958
MC-6,11/02/2025,08/05/2025,Ceymour,None,MC6_00002,45741.54306,Animal,NoahSills,2,Saimiri sciureus,02:00.4
MC-6,11/02/2025,08/05/2025,Ceymour,None,MC6_00002,45741.54306,Animal,NoahSills,2,Saimiri sciureus,02:00.4
MC-18,12/02/2025,08/05/2025,Ceymour,None,MC18_00043,45741.44236,Animal,NoahSills,1,Eira barbara,36:59.9
MC-4,11/02/2025,08/05/2025,Ceymour,None,MC4_00015,45741.21806,Animal,NoahSills,1,Marmosa murina,14:00.4
MC-4,11/02/2025,08/05/2025,Ceymour,None,MC4_00015,45741.21806,Animal,NoahSills,1,Marmosa murina,14:00.4
MC-21,12/02/2025,08/05/2025,Ceymour,None,MC21_00093,45740.72431,Animal,NoahSills,1,Dasyprocta leporina,23:00.4
MC-12,11/02/2025,08/05/2025,Ceymour,None,MC12_00048,45740.63125,Animal,NoahSills,1,Leptotila rufaxilla,24/03/2025 11:09
MC-4,11/02/2025,08/05/2025,Ceymour,None,MC4_00014,45740.16528,Animal,NoahSills,1,Marmosa murina,58:00.2
MC-4,11/02/2025,08/05/2025,Ceymour,None,MC4_00014,45740.16528,Animal,NoahSills,1,Marmosa murina,58:00.2
MC-7,11/02/2025,08/05/2025,Ceymour,None,MC7_00021,45739.87917,Animal,NoahSills,1,Marmosa murina,06:00.3
MC-7,11/02/2025,08/05/2025,Ceymour,None,MC7_00021,45739.87917,Animal,NoahSills,1,Marmosa murina,06:00.3
MC-13,11/02/2025,08/05/2025,Ceymour,None,M13_00065,45739.50417,Animal,NoahSills,1,Hydrochoerus hydrochaeris,06:00.3
MC-13,11/02/2025,08/05/2025,Ceymour,None,M13_00064,45739.50278,Animal,NoahSills,1,Hydrochoerus hydrochaeris,04:00.2
MC-21,12/02/2025,08/05/2025,Ceymour,None,MC21_00092,45739.27708,Animal,NoahSills,1,Dasyprocta leporina,38:59.7
MC-3,11/02/2025,08/05/2025,Ceymour,None,IM_00016,23/03/2025 1:15,Animal,NoahSills,1,Mazama americana,23/03/2025 1:15
MC-3,11/02/2025,08/05/2025,Ceymour,None,IM_00016,23/03/2025 1:15,Animal,NoahSills,1,Mazama americana,23/03/2025 1:15
MC-13,11/02/2025,08/05/2025,Ceymour,None,M13_00063,45738.82153,Animal,NoahSills,1,Hydrochoerus hydrochaeris,43:00.2
MC-13,11/02/2025,08/05/2025,Ceymour,None,M13_00061,45738.82083,Animal,NoahSills,1,Hydrochoerus hydrochaeris,41:59.7
MC-13,11/02/2025,08/05/2025,Ceymour,None,M13_00062,45738.82083,Animal,NoahSills,1,Hydrochoerus hydrochaeris,41:59.7
MC-5,11/02/2025,08/05/2025,Ceymour,None,MC5_00232,45738.55972,Animal,NoahSills,1,Myiarchus tyrannulus,25:59.8
MC-5,11/02/2025,08/05/2025,Ceymour,None,MC5_00232,45738.55972,Animal,NoahSills,1,Myiarchus tyrannulus,25:59.8
MC-5,11/02/2025,08/05/2025,Ceymour,None,MC5_00233,45738.55972,Animal,NoahSills,1,Myiarchus tyrannulus,25:59.8
MC-5,11/02/2025,08/05/2025,Ceymour,None,MC5_00233,45738.55972,Animal,NoahSills,1,Myiarchus tyrannulus,25:59.8
MC-5,11/02/2025,08/05/2025,Ceymour,None,MC5_00234,45738.55972,Animal,NoahSills,1,Myiarchus tyrannulus,25:59.8
MC-5,11/02/2025,08/05/2025,Ceymour,None,MC5_00234,45738.55972,Animal,NoahSills,1,Myiarchus tyrannulus,25:59.8
MC-12,11/02/2025,08/05/2025,Ceymour,None,MC12_00047,45738.35764,Animal,NoahSills,1,Leptotila rufaxilla,35:00.1
MC-12,11/02/2025,08/05/2025,Ceymour,None,MC12_00046,45738.10347,Animal,NoahSills,1,Cuniculus paca,28:59.8
MC-8,11/02/2025,08/05/2025,Ceymour,None,MC8_00067,45737.68889,Animal,NoahSills,1,Pteronura brasiliensis,32:00.1
MC-8,11/02/2025,08/05/2025,Ceymour,None,MC8_00067,45737.68889,Animal,NoahSills,1,Pteronura brasiliensis,32:00.1
MC-8,11/02/2025,08/05/2025,Ceymour,None,MC8_00068,45737.68889,Animal,NoahSills,1,Pteronura brasiliensis,32:00.1
MC-8,11/02/2025,08/05/2025,Ceymour,None,MC8_00068,45737.68889,Animal,NoahSills,1,Pteronura brasiliensis,32:00.1
MC-8,11/02/2025,08/05/2025,Ceymour,None,MC8_00066,45737.67083,Animal,NoahSills,1,Pteronura brasiliensis,05:59.7
MC-8,11/02/2025,08/05/2025,Ceymour,None,MC8_00066,45737.67083,Animal,NoahSills,1,Pteronura brasiliensis,05:59.7
MC-8,11/02/2025,08/05/2025,Ceymour,None,MC8_00065,45737.67014,Animal,NoahSills,1,Pteronura brasiliensis,05:00.1
MC-8,11/02/2025,08/05/2025,Ceymour,None,MC8_00065,45737.67014,Animal,NoahSills,1,Pteronura brasiliensis,05:00.1
MC-8,11/02/2025,08/05/2025,Ceymour,None,MC8_00064,45737.66944,Animal,NoahSills,1,Pteronura brasiliensis,03:59.6
MC-8,11/02/2025,08/05/2025,Ceymour,None,MC8_00064,45737.66944,Animal,NoahSills,1,Pteronura brasiliensis,03:59.6
MC-8,11/02/2025,08/05/2025,Ceymour,None,MC8_00062,45737.65903,Animal,NoahSills,1,Pteronura brasiliensis,49:00.2
MC-8,11/02/2025,08/05/2025,Ceymour,None,MC8_00062,45737.65903,Animal,NoahSills,1,Pteronura brasiliensis,49:00.2
MC-8,11/02/2025,08/05/2025,Ceymour,None,MC8_00063,45737.65903,Animal,NoahSills,1,Pteronura brasiliensis,49:00.2
MC-8,11/02/2025,08/05/2025,Ceymour,None,MC8_00063,45737.65903,Animal,NoahSills,1,Pteronura brasiliensis,49:00.2
MC-8,11/02/2025,08/05/2025,Ceymour,None,MC8_00061,45737.65833,Animal,NoahSills,1,Pteronura brasiliensis,47:59.7
MC-8,11/02/2025,08/05/2025,Ceymour,None,MC8_00061,45737.65833,Animal,NoahSills,1,Pteronura brasiliensis,47:59.7
MC-8,11/02/2025,08/05/2025,Ceymour,None,MC8_00060,45737.65764,Animal,NoahSills,2,Pteronura brasiliensis,47:00.1
MC-8,11/02/2025,08/05/2025,Ceymour,None,MC8_00060,45737.65764,Animal,NoahSills,2,Pteronura brasiliensis,47:00.1
MC-18,12/02/2025,08/05/2025,Ceymour,None,MC18_00042,45737.52569,Animal,NoahSills,1,Dasyprocta leporina,36:59.6
MC-8,11/02/2025,08/05/2025,Ceymour,None,MC8_00059,45737.52292,Animal,NoahSills,1,Pteronura brasiliensis,33:00.3
MC-8,11/02/2025,08/05/2025,Ceymour,None,MC8_00059,45737.52292,Animal,NoahSills,1,Pteronura brasiliensis,33:00.3
MC-18,12/02/2025,08/05/2025,Ceymour,None,MC18_00041,45737.51806,Animal,NoahSills,1,Dasyprocta leporina,26:00.4
MC-8,11/02/2025,08/05/2025,Ceymour,None,MC8_00058,45737.45278,Animal,NoahSills,1,Pteronura brasiliensis,52:00.2
MC-8,11/02/2025,08/05/2025,Ceymour,None,MC8_00058,45737.45278,Animal,NoahSills,1,Pteronura brasiliensis,52:00.2
MC-8,11/02/2025,08/05/2025,Ceymour,None,MC8_00057,45737.44514,Animal,NoahSills,1,Pteronura brasiliensis,41:00.1
MC-8,11/02/2025,08/05/2025,Ceymour,None,MC8_00057,45737.44514,Animal,NoahSills,1,Pteronura brasiliensis,41:00.1
MC-8,11/02/2025,08/05/2025,Ceymour,None,MC8_00056,45737.41458,Animal,NoahSills,1,Pteronura brasiliensis,56:59.7
MC-8,11/02/2025,08/05/2025,Ceymour,None,MC8_00056,45737.41458,Animal,NoahSills,1,Pteronura brasiliensis,56:59.7
MC-8,11/02/2025,08/05/2025,Ceymour,None,MC8_00055,45737.41389,Animal,NoahSills,1,Pteronura brasiliensis,56:00.1
MC-8,11/02/2025,08/05/2025,Ceymour,None,MC8_00055,45737.41389,Animal,NoahSills,1,Pteronura brasiliensis,56:00.1
MC-8,11/02/2025,08/05/2025,Ceymour,None,MC8_00054,45737.40972,Animal,NoahSills,1,Pteronura brasiliensis,49:59.8
MC-8,11/02/2025,08/05/2025,Ceymour,None,MC8_00054,45737.40972,Animal,NoahSills,1,Pteronura brasiliensis,49:59.8
MC-8,11/02/2025,08/05/2025,Ceymour,None,MC8_00053,45737.40833,Animal,NoahSills,1,Pteronura brasiliensis,47:59.7
MC-8,11/02/2025,08/05/2025,Ceymour,None,MC8_00053,45737.40833,Animal,NoahSills,1,Pteronura brasiliensis,47:59.7
MC-18,12/02/2025,08/05/2025,Ceymour,None,MC18_00040,45737.23681,Animal,NoahSills,1,Dasyprocta leporina,41:00.4
MC-18,12/02/2025,08/05/2025,Ceymour,None,MC18_00039,45737.22431,Animal,NoahSills,1,Dasyprocta leporina,23:00.4
MC-7,11/02/2025,08/05/2025,Ceymour,None,MC7_00020,45736.96875,Animal,NoahSills,1,Marmosa murina,20/03/2025 19:15
MC-7,11/02/2025,08/05/2025,Ceymour,None,MC7_00020,45736.96875,Animal,NoahSills,1,Marmosa murina,20/03/2025 19:15
MC-18,12/02/2025,08/05/2025,Ceymour,None,MC18_00038,45736.73472,Animal,NoahSills,1,Dasyprocta leporina,37:59.8
MC-8,11/02/2025,08/05/2025,Ceymour,None,MC8_00052,45736.69306,Animal,NoahSills,1,Pteronura brasiliensis,38:00.4
MC-8,11/02/2025,08/05/2025,Ceymour,None,MC8_00052,45736.69306,Animal,NoahSills,1,Pteronura brasiliensis,38:00.4
MC-8,11/02/2025,08/05/2025,Ceymour,None,MC8_00051,45736.69097,Animal,NoahSills,1,Pteronura brasiliensis,34:59.8
MC-8,11/02/2025,08/05/2025,Ceymour,None,MC8_00051,45736.69097,Animal,NoahSills,1,Pteronura brasiliensis,34:59.8
MC-8,11/02/2025,08/05/2025,Ceymour,None,MC8_00049,45736.69028,Animal,NoahSills,2,Pteronura brasiliensis,34:00.2
MC-8,11/02/2025,08/05/2025,Ceymour,None,MC8_00049,45736.69028,Animal,NoahSills,2,Pteronura brasiliensis,34:00.2
MC-8,11/02/2025,08/05/2025,Ceymour,None,MC8_00050,45736.69028,Animal,NoahSills,2,Pteronura brasiliensis,34:00.2
MC-8,11/02/2025,08/05/2025,Ceymour,None,MC8_00050,45736.69028,Animal,NoahSills,2,Pteronura brasiliensis,34:00.2
MC-8,11/02/2025,08/05/2025,Ceymour,None,MC8_00048,45736.68542,Animal,NoahSills,3,Pteronura brasiliensis,27:00.3
MC-8,11/02/2025,08/05/2025,Ceymour,None,MC8_00048,45736.68542,Animal,NoahSills,3,Pteronura brasiliensis,27:00.3
MC-8,11/02/2025,08/05/2025,Ceymour,None,MC8_00047,45736.68194,Animal,NoahSills,3,Pteronura brasiliensis,21:59.6
MC-8,11/02/2025,08/05/2025,Ceymour,None,MC8_00047,45736.68194,Animal,NoahSills,3,Pteronura brasiliensis,21:59.6
MC-8,11/02/2025,08/05/2025,Ceymour,None,MC8_00046,45736.55556,Animal,NoahSills,2,Pteronura brasiliensis,20:00.4
MC-8,11/02/2025,08/05/2025,Ceymour,None,MC8_00046,45736.55556,Animal,NoahSills,2,Pteronura brasiliensis,20:00.4
MC-8,11/02/2025,08/05/2025,Ceymour,None,MC8_00045,45736.54583,Animal,NoahSills,1,Pteronura brasiliensis,05:59.7
MC-8,11/02/2025,08/05/2025,Ceymour,None,MC8_00045,45736.54583,Animal,NoahSills,1,Pteronura brasiliensis,05:59.7
MC-7,11/02/2025,08/05/2025,Ceymour,None,MC7_00018,45736.05556,Animal,NoahSills,1,Mesomys hispidus,20:00.4
MC-7,11/02/2025,08/05/2025,Ceymour,None,MC7_00018,45736.05556,Animal,NoahSills,1,Mesomys hispidus,20:00.4
MC-7,11/02/2025,08/05/2025,Ceymour,None,MC7_00019,45736.05556,Animal,NoahSills,1,Mesomys hispidus,20:00.4
MC-7,11/02/2025,08/05/2025,Ceymour,None,MC7_00019,45736.05556,Animal,NoahSills,1,Mesomys hispidus,20:00.4
MC-7,11/02/2025,08/05/2025,Ceymour,None,MC7_00017,45736.05486,Animal,NoahSills,1,Mesomys hispidus,18:59.9
MC-7,11/02/2025,08/05/2025,Ceymour,None,MC7_00017,45736.05486,Animal,NoahSills,1,Mesomys hispidus,18:59.9
MC-8,11/02/2025,08/05/2025,Ceymour,None,MC8_00044,45735.62778,Animal,NoahSills,1,Pteronura brasiliensis,04:00.2
MC-8,11/02/2025,08/05/2025,Ceymour,None,MC8_00044,45735.62778,Animal,NoahSills,1,Pteronura brasiliensis,04:00.2
MC-8,11/02/2025,08/05/2025,Ceymour,None,MC8_00043,45735.61944,Animal,NoahSills,1,Pteronura brasiliensis,51:59.6
MC-8,11/02/2025,08/05/2025,Ceymour,None,MC8_00043,45735.61944,Animal,NoahSills,1,Pteronura brasiliensis,51:59.6
MC-5,11/02/2025,08/05/2025,Ceymour,None,MC5_00229,45735.60347,Animal,NoahSills,5,Tayassu pecari,28:59.8
MC-5,11/02/2025,08/05/2025,Ceymour,None,MC5_00229,45735.60347,Animal,NoahSills,5,Tayassu pecari,28:59.8
MC-5,11/02/2025,08/05/2025,Ceymour,None,MC5_00230,45735.60347,Animal,NoahSills,5,Tayassu pecari,28:59.8
MC-5,11/02/2025,08/05/2025,Ceymour,None,MC5_00230,45735.60347,Animal,NoahSills,5,Tayassu pecari,28:59.8
MC-5,11/02/2025,08/05/2025,Ceymour,None,MC5_00231,45735.60347,Animal,NoahSills,5,Tayassu pecari,28:59.8
MC-5,11/02/2025,08/05/2025,Ceymour,None,MC5_00231,45735.60347,Animal,NoahSills,5,Tayassu pecari,28:59.8
MC-5,11/02/2025,08/05/2025,Ceymour,None,MC5_00226,45735.60278,Animal,NoahSills,5,Tayassu pecari,28:00.2
MC-5,11/02/2025,08/05/2025,Ceymour,None,MC5_00226,45735.60278,Animal,NoahSills,5,Tayassu pecari,28:00.2
MC-5,11/02/2025,08/05/2025,Ceymour,None,MC5_00227,45735.60278,Animal,NoahSills,5,Tayassu pecari,28:00.2
MC-5,11/02/2025,08/05/2025,Ceymour,None,MC5_00227,45735.60278,Animal,NoahSills,5,Tayassu pecari,28:00.2
MC-5,11/02/2025,08/05/2025,Ceymour,None,MC5_00228,45735.60278,Animal,NoahSills,5,Tayassu pecari,28:00.2
MC-5,11/02/2025,08/05/2025,Ceymour,None,MC5_00228,45735.60278,Animal,NoahSills,5,Tayassu pecari,28:00.2
MC-5,11/02/2025,08/05/2025,Ceymour,None,MC5_00220,45735.60208,Animal,NoahSills,7,Tayassu pecari,26:59.7
MC-5,11/02/2025,08/05/2025,Ceymour,None,MC5_00220,45735.60208,Animal,NoahSills,7,Tayassu pecari,26:59.7
MC-5,11/02/2025,08/05/2025,Ceymour,None,MC5_00221,45735.60208,Animal,NoahSills,8,Tayassu pecari,26:59.7
MC-5,11/02/2025,08/05/2025,Ceymour,None,MC5_00221,45735.60208,Animal,NoahSills,8,Tayassu pecari,26:59.7
MC-5,11/02/2025,08/05/2025,Ceymour,None,MC5_00222,45735.60208,Animal,NoahSills,9,Tayassu pecari,26:59.7
MC-5,11/02/2025,08/05/2025,Ceymour,None,MC5_00222,45735.60208,Animal,NoahSills,9,Tayassu pecari,26:59.7
MC-5,11/02/2025,08/05/2025,Ceymour,None,MC5_00223,45735.60208,Animal,NoahSills,9,Tayassu pecari,26:59.7
MC-5,11/02/2025,08/05/2025,Ceymour,None,MC5_00223,45735.60208,Animal,NoahSills,9,Tayassu pecari,26:59.7
MC-5,11/02/2025,08/05/2025,Ceymour,None,MC5_00224,45735.60208,Animal,NoahSills,9,Tayassu pecari,26:59.7
MC-5,11/02/2025,08/05/2025,Ceymour,None,MC5_00224,45735.60208,Animal,NoahSills,9,Tayassu pecari,26:59.7
MC-5,11/02/2025,08/05/2025,Ceymour,None,MC5_00225,45735.60208,Animal,NoahSills,9,Tayassu pecari,26:59.7
MC-5,11/02/2025,08/05/2025,Ceymour,None,MC5_00225,45735.60208,Animal,NoahSills,9,Tayassu pecari,26:59.7
MC-5,11/02/2025,08/05/2025,Ceymour,None,MC5_00217,45735.60139,Animal,NoahSills,7,Tayassu pecari,26:00.1
MC-5,11/02/2025,08/05/2025,Ceymour,None,MC5_00217,45735.60139,Animal,NoahSills,7,Tayassu pecari,26:00.1
MC-5,11/02/2025,08/05/2025,Ceymour,None,MC5_00218,45735.60139,Animal,NoahSills,7,Tayassu pecari,26:00.1
MC-5,11/02/2025,08/05/2025,Ceymour,None,MC5_00218,45735.60139,Animal,NoahSills,7,Tayassu pecari,26:00.1
MC-5,11/02/2025,08/05/2025,Ceymour,None,MC5_00219,45735.60139,Animal,NoahSills,7,Tayassu pecari,26:00.1
MC-5,11/02/2025,08/05/2025,Ceymour,None,MC5_00219,45735.60139,Animal,NoahSills,7,Tayassu pecari,26:00.1
MC-5,11/02/2025,08/05/2025,Ceymour,None,MC5_00211,45735.60069,Animal,NoahSills,9,Tayassu pecari,24:59.6
MC-5,11/02/2025,08/05/2025,Ceymour,None,MC5_00211,45735.60069,Animal,NoahSills,9,Tayassu pecari,24:59.6
MC-5,11/02/2025,08/05/2025,Ceymour,None,MC5_00212,45735.60069,Animal,NoahSills,9,Tayassu pecari,24:59.6
MC-5,11/02/2025,08/05/2025,Ceymour,None,MC5_00212,45735.60069,Animal,NoahSills,9,Tayassu pecari,24:59.6
MC-5,11/02/2025,08/05/2025,Ceymour,None,MC5_00213,45735.60069,Animal,NoahSills,9,Tayassu pecari,24:59.6
MC-5,11/02/2025,08/05/2025,Ceymour,None,MC5_00213,45735.60069,Animal,NoahSills,9,Tayassu pecari,24:59.6
MC-5,11/02/2025,08/05/2025,Ceymour,None,MC5_00214,45735.60069,Animal,NoahSills,9,Tayassu pecari,24:59.6
MC-5,11/02/2025,08/05/2025,Ceymour,None,MC5_00214,45735.60069,Animal,NoahSills,9,Tayassu pecari,24:59.6
MC-5,11/02/2025,08/05/2025,Ceymour,None,MC5_00215,45735.60069,Animal,NoahSills,9,Tayassu pecari,24:59.6
MC-5,11/02/2025,08/05/2025,Ceymour,None,MC5_00215,45735.60069,Animal,NoahSills,9,Tayassu pecari,24:59.6
MC-5,11/02/2025,08/05/2025,Ceymour,None,MC5_00216,45735.60069,Animal,NoahSills,9,Tayassu pecari,24:59.6
MC-5,11/02/2025,08/05/2025,Ceymour,None,MC5_00216,45735.60069,Animal,NoahSills,9,Tayassu pecari,24:59.6
MC-5,11/02/2025,08/05/2025,Ceymour,None,MC5_00205,45735.6,Animal,NoahSills,8,Tayassu pecari,19/03/2025 10:24
MC-5,11/02/2025,08/05/2025,Ceymour,None,MC5_00205,45735.6,Animal,NoahSills,8,Tayassu pecari,19/03/2025 10:24
MC-5,11/02/2025,08/05/2025,Ceymour,None,MC5_00206,45735.6,Animal,NoahSills,8,Tayassu pecari,19/03/2025 10:24
MC-5,11/02/2025,08/05/2025,Ceymour,None,MC5_00206,45735.6,Animal,NoahSills,8,Tayassu pecari,19/03/2025 10:24
MC-5,11/02/2025,08/05/2025,Ceymour,None,MC5_00207,45735.6,Animal,NoahSills,8,Tayassu pecari,19/03/2025 10:24
MC-5,11/02/2025,08/05/2025,Ceymour,None,MC5_00207,45735.6,Animal,NoahSills,8,Tayassu pecari,19/03/2025 10:24
MC-5,11/02/2025,08/05/2025,Ceymour,None,MC5_00208,45735.6,Animal,NoahSills,9,Tayassu pecari,19/03/2025 10:24
MC-5,11/02/2025,08/05/2025,Ceymour,None,MC5_00208,45735.6,Animal,NoahSills,9,Tayassu pecari,19/03/2025 10:24
MC-5,11/02/2025,08/05/2025,Ceymour,None,MC5_00209,45735.6,Animal,NoahSills,9,Tayassu pecari,19/03/2025 10:24
MC-5,11/02/2025,08/05/2025,Ceymour,None,MC5_00209,45735.6,Animal,NoahSills,9,Tayassu pecari,19/03/2025 10:24
MC-5,11/02/2025,08/05/2025,Ceymour,None,MC5_00210,45735.6,Animal,NoahSills,9,Tayassu pecari,19/03/2025 10:24
MC-5,11/02/2025,08/05/2025,Ceymour,None,MC5_00210,45735.6,Animal,NoahSills,9,Tayassu pecari,19/03/2025 10:24
MC-5,11/02/2025,08/05/2025,Ceymour,None,MC5_00202,45735.59931,Animal,NoahSills,8,Tayassu pecari,23:00.4
MC-5,11/02/2025,08/05/2025,Ceymour,None,MC5_00202,45735.59931,Animal,NoahSills,8,Tayassu pecari,23:00.4
MC-5,11/02/2025,08/05/2025,Ceymour,None,MC5_00203,45735.59931,Animal,NoahSills,8,Tayassu pecari,23:00.4
MC-5,11/02/2025,08/05/2025,Ceymour,None,MC5_00203,45735.59931,Animal,NoahSills,8,Tayassu pecari,23:00.4
MC-5,11/02/2025,08/05/2025,Ceymour,None,MC5_00204,45735.59931,Animal,NoahSills,8,Tayassu pecari,23:00.4
MC-5,11/02/2025,08/05/2025,Ceymour,None,MC5_00204,45735.59931,Animal,NoahSills,8,Tayassu pecari,23:00.4
MC-5,11/02/2025,08/05/2025,Ceymour,None,MC5_00196,45735.59861,Animal,NoahSills,8,Tayassu pecari,21:59.9
MC-5,11/02/2025,08/05/2025,Ceymour,None,MC5_00196,45735.59861,Animal,NoahSills,8,Tayassu pecari,21:59.9
MC-5,11/02/2025,08/05/2025,Ceymour,None,MC5_00197,45735.59861,Animal,NoahSills,8,Tayassu pecari,21:59.9
MC-5,11/02/2025,08/05/2025,Ceymour,None,MC5_00197,45735.59861,Animal,NoahSills,8,Tayassu pecari,21:59.9
MC-5,11/02/2025,08/05/2025,Ceymour,None,MC5_00198,45735.59861,Animal,NoahSills,8,Tayassu pecari,21:59.9
MC-5,11/02/2025,08/05/2025,Ceymour,None,MC5_00198,45735.59861,Animal,NoahSills,8,Tayassu pecari,21:59.9
MC-5,11/02/2025,08/05/2025,Ceymour,None,MC5_00199,45735.59861,Animal,NoahSills,8,Tayassu pecari,21:59.9
MC-5,11/02/2025,08/05/2025,Ceymour,None,MC5_00199,45735.59861,Animal,NoahSills,8,Tayassu pecari,21:59.9
MC-5,11/02/2025,08/05/2025,Ceymour,None,MC5_00200,45735.59861,Animal,NoahSills,8,Tayassu pecari,21:59.9
MC-5,11/02/2025,08/05/2025,Ceymour,None,MC5_00200,45735.59861,Animal,NoahSills,8,Tayassu pecari,21:59.9
MC-5,11/02/2025,08/05/2025,Ceymour,None,MC5_00201,45735.59861,Animal,NoahSills,8,Tayassu pecari,21:59.9
MC-5,11/02/2025,08/05/2025,Ceymour,None,MC5_00201,45735.59861,Animal,NoahSills,8,Tayassu pecari,21:59.9
MC-5,11/02/2025,08/05/2025,Ceymour,None,MC5_00191,45735.59792,Animal,NoahSills,10,Tayassu pecari,21:00.3
MC-5,11/02/2025,08/05/2025,Ceymour,None,MC5_00191,45735.59792,Animal,NoahSills,10,Tayassu pecari,21:00.3
MC-5,11/02/2025,08/05/2025,Ceymour,None,MC5_00192,45735.59792,Animal,NoahSills,9,Tayassu pecari,21:00.3
MC-5,11/02/2025,08/05/2025,Ceymour,None,MC5_00192,45735.59792,Animal,NoahSills,9,Tayassu pecari,21:00.3
MC-5,11/02/2025,08/05/2025,Ceymour,None,MC5_00193,45735.59792,Animal,NoahSills,9,Tayassu pecari,21:00.3
MC-5,11/02/2025,08/05/2025,Ceymour,None,MC5_00193,45735.59792,Animal,NoahSills,9,Tayassu pecari,21:00.3
MC-5,11/02/2025,08/05/2025,Ceymour,None,MC5_00194,45735.59792,Animal,NoahSills,9,Tayassu pecari,21:00.3
MC-5,11/02/2025,08/05/2025,Ceymour,None,MC5_00194,45735.59792,Animal,NoahSills,9,Tayassu pecari,21:00.3
MC-5,11/02/2025,08/05/2025,Ceymour,None,MC5_00195,45735.59792,Animal,NoahSills,9,Tayassu pecari,21:00.3
MC-5,11/02/2025,08/05/2025,Ceymour,None,MC5_00195,45735.59792,Animal,NoahSills,9,Tayassu pecari,21:00.3
MC-5,11/02/2025,08/05/2025,Ceymour,None,MC5_00187,45735.59722,Animal,NoahSills,9,Tayassu pecari,19:59.8
MC-5,11/02/2025,08/05/2025,Ceymour,None,MC5_00187,45735.59722,Animal,NoahSills,9,Tayassu pecari,19:59.8
MC-5,11/02/2025,08/05/2025,Ceymour,None,MC5_00188,45735.59722,Animal,NoahSills,9,Tayassu pecari,19:59.8
MC-5,11/02/2025,08/05/2025,Ceymour,None,MC5_00188,45735.59722,Animal,NoahSills,9,Tayassu pecari,19:59.8
MC-5,11/02/2025,08/05/2025,Ceymour,None,MC5_00189,45735.59722,Animal,NoahSills,9,Tayassu pecari,19:59.8
MC-5,11/02/2025,08/05/2025,Ceymour,None,MC5_00189,45735.59722,Animal,NoahSills,9,Tayassu pecari,19:59.8
MC-5,11/02/2025,08/05/2025,Ceymour,None,MC5_00190,45735.59722,Animal,NoahSills,10,Tayassu pecari,19:59.8
MC-5,11/02/2025,08/05/2025,Ceymour,None,MC5_00190,45735.59722,Animal,NoahSills,10,Tayassu pecari,19:59.8
MC-5,11/02/2025,08/05/2025,Ceymour,None,MC5_00181,45735.59653,Animal,NoahSills,8,Tayassu pecari,19:00.2
MC-5,11/02/2025,08/05/2025,Ceymour,None,MC5_00181,45735.59653,Animal,NoahSills,8,Tayassu pecari,19:00.2
MC-5,11/02/2025,08/05/2025,Ceymour,None,MC5_00182,45735.59653,Animal,NoahSills,8,Tayassu pecari,19:00.2
MC-5,11/02/2025,08/05/2025,Ceymour,None,MC5_00182,45735.59653,Animal,NoahSills,8,Tayassu pecari,19:00.2
MC-5,11/02/2025,08/05/2025,Ceymour,None,MC5_00183,45735.59653,Animal,NoahSills,8,Tayassu pecari,19:00.2
MC-5,11/02/2025,08/05/2025,Ceymour,None,MC5_00183,45735.59653,Animal,NoahSills,8,Tayassu pecari,19:00.2
MC-5,11/02/2025,08/05/2025,Ceymour,None,MC5_00184,45735.59653,Animal,NoahSills,8,Tayassu pecari,19:00.2
MC-5,11/02/2025,08/05/2025,Ceymour,None,MC5_00184,45735.59653,Animal,NoahSills,8,Tayassu pecari,19:00.2
MC-5,11/02/2025,08/05/2025,Ceymour,None,MC5_00185,45735.59653,Animal,NoahSills,8,Tayassu pecari,19:00.2
MC-5,11/02/2025,08/05/2025,Ceymour,None,MC5_00185,45735.59653,Animal,NoahSills,8,Tayassu pecari,19:00.2
MC-5,11/02/2025,08/05/2025,Ceymour,None,MC5_00186,45735.59653,Animal,NoahSills,8,Tayassu pecari,19:00.2
MC-5,11/02/2025,08/05/2025,Ceymour,None,MC5_00186,45735.59653,Animal,NoahSills,8,Tayassu pecari,19:00.2
MC-5,11/02/2025,08/05/2025,Ceymour,None,MC5_00178,45735.59583,Animal,NoahSills,9,Tayassu pecari,17:59.7
MC-5,11/02/2025,08/05/2025,Ceymour,None,MC5_00178,45735.59583,Animal,NoahSills,9,Tayassu pecari,17:59.7
MC-5,11/02/2025,08/05/2025,Ceymour,None,MC5_00179,45735.59583,Animal,NoahSills,9,Tayassu pecari,17:59.7
MC-5,11/02/2025,08/05/2025,Ceymour,None,MC5_00179,45735.59583,Animal,NoahSills,9,Tayassu pecari,17:59.7
MC-5,11/02/2025,08/05/2025,Ceymour,None,MC5_00180,45735.59583,Animal,NoahSills,9,Tayassu pecari,17:59.7
MC-5,11/02/2025,08/05/2025,Ceymour,None,MC5_00180,45735.59583,Animal,NoahSills,9,Tayassu pecari,17:59.7
MC-5,11/02/2025,08/05/2025,Ceymour,None,MC5_00172,45735.59514,Animal,NoahSills,9,Tayassu pecari,17:00.1
MC-5,11/02/2025,08/05/2025,Ceymour,None,MC5_00172,45735.59514,Animal,NoahSills,9,Tayassu pecari,17:00.1
MC-5,11/02/2025,08/05/2025,Ceymour,None,MC5_00173,45735.59514,Animal,NoahSills,9,Tayassu pecari,17:00.1
MC-5,11/02/2025,08/05/2025,Ceymour,None,MC5_00173,45735.59514,Animal,NoahSills,9,Tayassu pecari,17:00.1
MC-5,11/02/2025,08/05/2025,Ceymour,None,MC5_00174,45735.59514,Animal,NoahSills,9,Tayassu pecari,17:00.1
MC-5,11/02/2025,08/05/2025,Ceymour,None,MC5_00174,45735.59514,Animal,NoahSills,9,Tayassu pecari,17:00.1
MC-5,11/02/2025,08/05/2025,Ceymour,None,MC5_00175,45735.59514,Animal,NoahSills,9,Tayassu pecari,17:00.1
MC-5,11/02/2025,08/05/2025,Ceymour,None,MC5_00175,45735.59514,Animal,NoahSills,9,Tayassu pecari,17:00.1
MC-5,11/02/2025,08/05/2025,Ceymour,None,MC5_00176,45735.59514,Animal,NoahSills,9,Tayassu pecari,17:00.1
MC-5,11/02/2025,08/05/2025,Ceymour,None,MC5_00176,45735.59514,Animal,NoahSills,9,Tayassu pecari,17:00.1
MC-5,11/02/2025,08/05/2025,Ceymour,None,MC5_00177,45735.59514,Animal,NoahSills,9,Tayassu pecari,17:00.1
MC-5,11/02/2025,08/05/2025,Ceymour,None,MC5_00177,45735.59514,Animal,NoahSills,9,Tayassu pecari,17:00.1
MC-5,11/02/2025,08/05/2025,Ceymour,None,MC5_00169,45735.59444,Animal,NoahSills,8,Tayassu pecari,15:59.6
MC-5,11/02/2025,08/05/2025,Ceymour,None,MC5_00169,45735.59444,Animal,NoahSills,8,Tayassu pecari,15:59.6
MC-5,11/02/2025,08/05/2025,Ceymour,None,MC5_00170,45735.59444,Animal,NoahSills,9,Tayassu pecari,15:59.6
MC-5,11/02/2025,08/05/2025,Ceymour,None,MC5_00170,45735.59444,Animal,NoahSills,9,Tayassu pecari,15:59.6
MC-5,11/02/2025,08/05/2025,Ceymour,None,MC5_00171,45735.59444,Animal,NoahSills,9,Tayassu pecari,15:59.6
MC-5,11/02/2025,08/05/2025,Ceymour,None,MC5_00171,45735.59444,Animal,NoahSills,9,Tayassu pecari,15:59.6
MC-5,11/02/2025,08/05/2025,Ceymour,None,MC5_00163,45735.59375,Animal,NoahSills,7,Tayassu pecari,19/03/2025 10:15
MC-5,11/02/2025,08/05/2025,Ceymour,None,MC5_00163,45735.59375,Animal,NoahSills,7,Tayassu pecari,19/03/2025 10:15
MC-5,11/02/2025,08/05/2025,Ceymour,None,MC5_00164,45735.59375,Animal,NoahSills,7,Tayassu pecari,19/03/2025 10:15
MC-5,11/02/2025,08/05/2025,Ceymour,None,MC5_00164,45735.59375,Animal,NoahSills,7,Tayassu pecari,19/03/2025 10:15
MC-5,11/02/2025,08/05/2025,Ceymour,None,MC5_00165,45735.59375,Animal,NoahSills,7,Tayassu pecari,19/03/2025 10:15
MC-5,11/02/2025,08/05/2025,Ceymour,None,MC5_00165,45735.59375,Animal,NoahSills,7,Tayassu pecari,19/03/2025 10:15
MC-5,11/02/2025,08/05/2025,Ceymour,None,MC5_00166,45735.59375,Animal,NoahSills,8,Tayassu pecari,19/03/2025 10:15
MC-5,11/02/2025,08/05/2025,Ceymour,None,MC5_00166,45735.59375,Animal,NoahSills,8,Tayassu pecari,19/03/2025 10:15
MC-5,11/02/2025,08/05/2025,Ceymour,None,MC5_00167,45735.59375,Animal,NoahSills,8,Tayassu pecari,19/03/2025 10:15
MC-5,11/02/2025,08/05/2025,Ceymour,None,MC5_00167,45735.59375,Animal,NoahSills,8,Tayassu pecari,19/03/2025 10:15
MC-5,11/02/2025,08/05/2025,Ceymour,None,MC5_00168,45735.59375,Animal,NoahSills,8,Tayassu pecari,19/03/2025 10:15
MC-5,11/02/2025,08/05/2025,Ceymour,None,MC5_00168,45735.59375,Animal,NoahSills,8,Tayassu pecari,19/03/2025 10:15
MC-5,11/02/2025,08/05/2025,Ceymour,None,MC5_00158,45735.59306,Animal,NoahSills,12,Tayassu pecari,14:00.4
MC-5,11/02/2025,08/05/2025,Ceymour,None,MC5_00158,45735.59306,Animal,NoahSills,12,Tayassu pecari,14:00.4
MC-5,11/02/2025,08/05/2025,Ceymour,None,MC5_00159,45735.59306,Animal,NoahSills,12,Tayassu pecari,14:00.4
MC-5,11/02/2025,08/05/2025,Ceymour,None,MC5_00159,45735.59306,Animal,NoahSills,12,Tayassu pecari,14:00.4
MC-5,11/02/2025,08/05/2025,Ceymour,None,MC5_00160,45735.59306,Animal,NoahSills,8,Tayassu pecari,14:00.4
MC-5,11/02/2025,08/05/2025,Ceymour,None,MC5_00160,45735.59306,Animal,NoahSills,8,Tayassu pecari,14:00.4
MC-5,11/02/2025,08/05/2025,Ceymour,None,MC5_00161,45735.59306,Animal,NoahSills,8,Tayassu pecari,14:00.4
MC-5,11/02/2025,08/05/2025,Ceymour,None,MC5_00161,45735.59306,Animal,NoahSills,8,Tayassu pecari,14:00.4
MC-5,11/02/2025,08/05/2025,Ceymour,None,MC5_00162,45735.59306,Animal,NoahSills,8,Tayassu pecari,14:00.4
MC-5,11/02/2025,08/05/2025,Ceymour,None,MC5_00162,45735.59306,Animal,NoahSills,8,Tayassu pecari,14:00.4
MC-5,11/02/2025,08/05/2025,Ceymour,None,MC5_00157,45735.59236,Animal,NoahSills,12,Tayassu pecari,12:59.9
MC-5,11/02/2025,08/05/2025,Ceymour,None,MC5_00157,45735.59236,Animal,NoahSills,12,Tayassu pecari,12:59.9
MC-5,11/02/2025,08/05/2025,Ceymour,None,MC5_00151,45735.59167,Animal,NoahSills,12,Tayassu pecari,12:00.3
MC-5,11/02/2025,08/05/2025,Ceymour,None,MC5_00151,45735.59167,Animal,NoahSills,12,Tayassu pecari,12:00.3
MC-5,11/02/2025,08/05/2025,Ceymour,None,MC5_00152,45735.59167,Animal,NoahSills,12,Tayassu pecari,12:00.3
MC-5,11/02/2025,08/05/2025,Ceymour,None,MC5_00152,45735.59167,Animal,NoahSills,12,Tayassu pecari,12:00.3
MC-5,11/02/2025,08/05/2025,Ceymour,None,MC5_00153,45735.59167,Animal,NoahSills,11,Tayassu pecari,12:00.3
MC-5,11/02/2025,08/05/2025,Ceymour,None,MC5_00153,45735.59167,Animal,NoahSills,11,Tayassu pecari,12:00.3
MC-5,11/02/2025,08/05/2025,Ceymour,None,MC5_00154,45735.59167,Animal,NoahSills,14,Tayassu pecari,12:00.3
MC-5,11/02/2025,08/05/2025,Ceymour,None,MC5_00154,45735.59167,Animal,NoahSills,14,Tayassu pecari,12:00.3
MC-5,11/02/2025,08/05/2025,Ceymour,None,MC5_00155,45735.59167,Animal,NoahSills,14,Tayassu pecari,12:00.3
MC-5,11/02/2025,08/05/2025,Ceymour,None,MC5_00155,45735.59167,Animal,NoahSills,14,Tayassu pecari,12:00.3
MC-5,11/02/2025,08/05/2025,Ceymour,None,MC5_00156,45735.59167,Animal,NoahSills,14,Tayassu pecari,12:00.3
MC-5,11/02/2025,08/05/2025,Ceymour,None,MC5_00156,45735.59167,Animal,NoahSills,14,Tayassu pecari,12:00.3
MC-5,11/02/2025,08/05/2025,Ceymour,None,MC5_00148,45735.59097,Animal,NoahSills,8,Tayassu pecari,10:59.8
MC-5,11/02/2025,08/05/2025,Ceymour,None,MC5_00148,45735.59097,Animal,NoahSills,8,Tayassu pecari,10:59.8
MC-5,11/02/2025,08/05/2025,Ceymour,None,MC5_00149,45735.59097,Animal,NoahSills,9,Tayassu pecari,10:59.8
MC-5,11/02/2025,08/05/2025,Ceymour,None,MC5_00149,45735.59097,Animal,NoahSills,9,Tayassu pecari,10:59.8
MC-5,11/02/2025,08/05/2025,Ceymour,None,MC5_00150,45735.59097,Animal,NoahSills,9,Tayassu pecari,10:59.8
MC-5,11/02/2025,08/05/2025,Ceymour,None,MC5_00150,45735.59097,Animal,NoahSills,9,Tayassu pecari,10:59.8
MC-5,11/02/2025,08/05/2025,Ceymour,None,MC5_00145,45735.59028,Animal,NoahSills,1,Tayassu pecari,10:00.2
MC-5,11/02/2025,08/05/2025,Ceymour,None,MC5_00145,45735.59028,Animal,NoahSills,1,Tayassu pecari,10:00.2
MC-5,11/02/2025,08/05/2025,Ceymour,None,MC5_00146,45735.59028,Animal,NoahSills,2,Tayassu pecari,10:00.2
MC-5,11/02/2025,08/05/2025,Ceymour,None,MC5_00146,45735.59028,Animal,NoahSills,2,Tayassu pecari,10:00.2
MC-5,11/02/2025,08/05/2025,Ceymour,None,MC5_00147,45735.59028,Animal,NoahSills,2,Tayassu pecari,10:00.2
MC-5,11/02/2025,08/05/2025,Ceymour,None,MC5_00147,45735.59028,Animal,NoahSills,2,Tayassu pecari,10:00.2
MC-5,11/02/2025,08/05/2025,Ceymour,None,MC5_00139,45735.49861,Animal,NoahSills,19,Tayassu pecari,57:59.9
MC-5,11/02/2025,08/05/2025,Ceymour,None,MC5_00139,45735.49861,Animal,NoahSills,19,Tayassu pecari,57:59.9
MC-5,11/02/2025,08/05/2025,Ceymour,None,MC5_00140,45735.49861,Animal,NoahSills,19,Tayassu pecari,57:59.9
MC-5,11/02/2025,08/05/2025,Ceymour,None,MC5_00140,45735.49861,Animal,NoahSills,19,Tayassu pecari,57:59.9
MC-5,11/02/2025,08/05/2025,Ceymour,None,MC5_00141,45735.49861,Animal,NoahSills,19,Tayassu pecari,57:59.9
MC-5,11/02/2025,08/05/2025,Ceymour,None,MC5_00141,45735.49861,Animal,NoahSills,19,Tayassu pecari,57:59.9
MC-5,11/02/2025,08/05/2025,Ceymour,None,MC5_00142,45735.49861,Animal,NoahSills,19,Tayassu pecari,57:59.9
MC-5,11/02/2025,08/05/2025,Ceymour,None,MC5_00142,45735.49861,Animal,NoahSills,19,Tayassu pecari,57:59.9
MC-5,11/02/2025,08/05/2025,Ceymour,None,MC5_00143,45735.49861,Animal,NoahSills,15,Tayassu pecari,57:59.9
MC-5,11/02/2025,08/05/2025,Ceymour,None,MC5_00143,45735.49861,Animal,NoahSills,15,Tayassu pecari,57:59.9
MC-5,11/02/2025,08/05/2025,Ceymour,None,MC5_00144,45735.49861,Animal,NoahSills,3,Tayassu pecari,57:59.9
MC-5,11/02/2025,08/05/2025,Ceymour,None,MC5_00144,45735.49861,Animal,NoahSills,3,Tayassu pecari,57:59.9
MC-5,11/02/2025,08/05/2025,Ceymour,None,MC5_00134,45735.49792,Animal,NoahSills,15,Tayassu pecari,57:00.3
MC-5,11/02/2025,08/05/2025,Ceymour,None,MC5_00134,45735.49792,Animal,NoahSills,15,Tayassu pecari,57:00.3
MC-5,11/02/2025,08/05/2025,Ceymour,None,MC5_00135,45735.49792,Animal,NoahSills,15,Tayassu pecari,57:00.3
MC-5,11/02/2025,08/05/2025,Ceymour,None,MC5_00135,45735.49792,Animal,NoahSills,15,Tayassu pecari,57:00.3
MC-5,11/02/2025,08/05/2025,Ceymour,None,MC5_00136,45735.49792,Animal,NoahSills,17,Tayassu pecari,57:00.3
MC-5,11/02/2025,08/05/2025,Ceymour,None,MC5_00136,45735.49792,Animal,NoahSills,17,Tayassu pecari,57:00.3
MC-5,11/02/2025,08/05/2025,Ceymour,None,MC5_00137,45735.49792,Animal,NoahSills,17,Tayassu pecari,57:00.3
MC-5,11/02/2025,08/05/2025,Ceymour,None,MC5_00137,45735.49792,Animal,NoahSills,17,Tayassu pecari,57:00.3
MC-5,11/02/2025,08/05/2025,Ceymour,None,MC5_00138,45735.49792,Animal,NoahSills,17,Tayassu pecari,57:00.3
MC-5,11/02/2025,08/05/2025,Ceymour,None,MC5_00138,45735.49792,Animal,NoahSills,17,Tayassu pecari,57:00.3
MC-5,11/02/2025,08/05/2025,Ceymour,None,MC5_00130,45735.49722,Animal,NoahSills,17,Tayassu pecari,55:59.8
MC-5,11/02/2025,08/05/2025,Ceymour,None,MC5_00130,45735.49722,Animal,NoahSills,17,Tayassu pecari,55:59.8
MC-5,11/02/2025,08/05/2025,Ceymour,None,MC5_00131,45735.49722,Animal,NoahSills,18,Tayassu pecari,55:59.8
MC-5,11/02/2025,08/05/2025,Ceymour,None,MC5_00131,45735.49722,Animal,NoahSills,18,Tayassu pecari,55:59.8
MC-5,11/02/2025,08/05/2025,Ceymour,None,MC5_00132,45735.49722,Animal,NoahSills,18,Tayassu pecari,55:59.8
MC-5,11/02/2025,08/05/2025,Ceymour,None,MC5_00132,45735.49722,Animal,NoahSills,18,Tayassu pecari,55:59.8
MC-5,11/02/2025,08/05/2025,Ceymour,None,MC5_00133,45735.49722,Animal,NoahSills,15,Tayassu pecari,55:59.8
MC-5,11/02/2025,08/05/2025,Ceymour,None,MC5_00133,45735.49722,Animal,NoahSills,15,Tayassu pecari,55:59.8
MC-5,11/02/2025,08/05/2025,Ceymour,None,MC5_00124,45735.49653,Animal,NoahSills,11,Tayassu pecari,55:00.2
MC-5,11/02/2025,08/05/2025,Ceymour,None,MC5_00124,45735.49653,Animal,NoahSills,11,Tayassu pecari,55:00.2
MC-5,11/02/2025,08/05/2025,Ceymour,None,MC5_00125,45735.49653,Animal,NoahSills,9,Tayassu pecari,55:00.2
MC-5,11/02/2025,08/05/2025,Ceymour,None,MC5_00125,45735.49653,Animal,NoahSills,9,Tayassu pecari,55:00.2
MC-5,11/02/2025,08/05/2025,Ceymour,None,MC5_00126,45735.49653,Animal,NoahSills,11,Tayassu pecari,55:00.2
MC-5,11/02/2025,08/05/2025,Ceymour,None,MC5_00126,45735.49653,Animal,NoahSills,11,Tayassu pecari,55:00.2
MC-5,11/02/2025,08/05/2025,Ceymour,None,MC5_00127,45735.49653,Animal,NoahSills,13,Tayassu pecari,55:00.2
MC-5,11/02/2025,08/05/2025,Ceymour,None,MC5_00127,45735.49653,Animal,NoahSills,13,Tayassu pecari,55:00.2
MC-5,11/02/2025,08/05/2025,Ceymour,None,MC5_00128,45735.49653,Animal,NoahSills,14,Tayassu pecari,55:00.2
MC-5,11/02/2025,08/05/2025,Ceymour,None,MC5_00128,45735.49653,Animal,NoahSills,14,Tayassu pecari,55:00.2
MC-5,11/02/2025,08/05/2025,Ceymour,None,MC5_00129,45735.49653,Animal,NoahSills,17,Tayassu pecari,55:00.2
MC-5,11/02/2025,08/05/2025,Ceymour,None,MC5_00129,45735.49653,Animal,NoahSills,17,Tayassu pecari,55:00.2
MC-5,11/02/2025,08/05/2025,Ceymour,None,MC5_00121,45735.49583,Animal,NoahSills,4,Tayassu pecari,53:59.7
MC-5,11/02/2025,08/05/2025,Ceymour,None,MC5_00121,45735.49583,Animal,NoahSills,4,Tayassu pecari,53:59.7
MC-5,11/02/2025,08/05/2025,Ceymour,None,MC5_00122,45735.49583,Animal,NoahSills,4,Tayassu pecari,53:59.7
MC-5,11/02/2025,08/05/2025,Ceymour,None,MC5_00122,45735.49583,Animal,NoahSills,4,Tayassu pecari,53:59.7
MC-5,11/02/2025,08/05/2025,Ceymour,None,MC5_00123,45735.49583,Animal,NoahSills,5,Tayassu pecari,53:59.7
MC-5,11/02/2025,08/05/2025,Ceymour,None,MC5_00123,45735.49583,Animal,NoahSills,5,Tayassu pecari,53:59.7
MC-5,11/02/2025,08/05/2025,Ceymour,None,MC5_00118,45735.49514,Animal,NoahSills,7,Tayassu pecari,53:00.1
MC-5,11/02/2025,08/05/2025,Ceymour,None,MC5_00118,45735.49514,Animal,NoahSills,7,Tayassu pecari,53:00.1
MC-5,11/02/2025,08/05/2025,Ceymour,None,MC5_00119,45735.49514,Animal,NoahSills,7,Tayassu pecari,53:00.1
MC-5,11/02/2025,08/05/2025,Ceymour,None,MC5_00119,45735.49514,Animal,NoahSills,7,Tayassu pecari,53:00.1
MC-5,11/02/2025,08/05/2025,Ceymour,None,MC5_00120,45735.49514,Animal,NoahSills,4,Tayassu pecari,53:00.1
MC-5,11/02/2025,08/05/2025,Ceymour,None,MC5_00120,45735.49514,Animal,NoahSills,4,Tayassu pecari,53:00.1
MC-18,12/02/2025,08/05/2025,Ceymour,None,MC18_00037,45734.69444,Animal,NoahSills,1,Dasyprocta leporina,39:59.6
MC-8,11/02/2025,08/05/2025,Ceymour,None,MC8_00042,45734.56528,Animal,NoahSills,2,Pteronura brasiliensis,34:00.2
MC-8,11/02/2025,08/05/2025,Ceymour,None,MC8_00042,45734.56528,Animal,NoahSills,2,Pteronura brasiliensis,34:00.2
MC-8,11/02/2025,08/05/2025,Ceymour,None,MC8_00041,45734.56458,Animal,NoahSills,1,Pteronura brasiliensis,32:59.7
MC-8,11/02/2025,08/05/2025,Ceymour,None,MC8_00041,45734.56458,Animal,NoahSills,1,Pteronura brasiliensis,32:59.7
MC-8,11/02/2025,08/05/2025,Ceymour,None,MC8_00040,45734.54792,Animal,NoahSills,1,Pteronura brasiliensis,09:00.3
MC-8,11/02/2025,08/05/2025,Ceymour,None,MC8_00040,45734.54792,Animal,NoahSills,1,Pteronura brasiliensis,09:00.3
MC-7,11/02/2025,08/05/2025,Ceymour,None,MC7_00016,45734.50694,Animal,NoahSills,1,Ramphastos tucanus,09:59.6
MC-7,11/02/2025,08/05/2025,Ceymour,None,MC7_00016,45734.50694,Animal,NoahSills,1,Ramphastos tucanus,09:59.6
MC-8,11/02/2025,08/05/2025,Ceymour,None,MC8_00039,45734.34514,Animal,NoahSills,1,Mesembrinibis cayennensis,17:00.1
MC-8,11/02/2025,08/05/2025,Ceymour,None,MC8_00039,45734.34514,Animal,NoahSills,1,Mesembrinibis cayennensis,17:00.1
MC-8,11/02/2025,08/05/2025,Ceymour,None,MC8_00037,45734.3,Animal,NoahSills,2,Pteronura brasiliensis,18/03/2025 3:12
MC-8,11/02/2025,08/05/2025,Ceymour,None,MC8_00037,45734.3,Animal,NoahSills,2,Pteronura brasiliensis,18/03/2025 3:12
MC-8,11/02/2025,08/05/2025,Ceymour,None,MC8_00038,45734.3,Animal,NoahSills,1,Pteronura brasiliensis,18/03/2025 3:12
MC-8,11/02/2025,08/05/2025,Ceymour,None,MC8_00038,45734.3,Animal,NoahSills,1,Pteronura brasiliensis,18/03/2025 3:12
MC-8,11/02/2025,08/05/2025,Ceymour,None,MC8_00035,45734.29931,Animal,NoahSills,1,Pteronura brasiliensis,11:00.4
MC-8,11/02/2025,08/05/2025,Ceymour,None,MC8_00035,45734.29931,Animal,NoahSills,1,Pteronura brasiliensis,11:00.4
MC-8,11/02/2025,08/05/2025,Ceymour,None,MC8_00036,45734.29931,Animal,NoahSills,1,Pteronura brasiliensis,11:00.4
MC-8,11/02/2025,08/05/2025,Ceymour,None,MC8_00036,45734.29931,Animal,NoahSills,1,Pteronura brasiliensis,11:00.4
MC-8,11/02/2025,08/05/2025,Ceymour,None,MC8_00034,45734.29861,Animal,NoahSills,1,Pteronura brasiliensis,09:59.9
MC-8,11/02/2025,08/05/2025,Ceymour,None,MC8_00034,45734.29861,Animal,NoahSills,1,Pteronura brasiliensis,09:59.9
MC-8,11/02/2025,08/05/2025,Ceymour,None,MC8_00033,45734.29792,Animal,NoahSills,1,Pteronura brasiliensis,09:00.3
MC-8,11/02/2025,08/05/2025,Ceymour,None,MC8_00033,45734.29792,Animal,NoahSills,1,Pteronura brasiliensis,09:00.3
MC-8,11/02/2025,08/05/2025,Ceymour,None,MC8_00031,45734.27778,Animal,NoahSills,1,Pteronura brasiliensis,40:00.2
MC-8,11/02/2025,08/05/2025,Ceymour,None,MC8_00031,45734.27778,Animal,NoahSills,1,Pteronura brasiliensis,40:00.2
MC-8,11/02/2025,08/05/2025,Ceymour,None,MC8_00032,45734.27778,Animal,NoahSills,1,Pteronura brasiliensis,40:00.2
MC-8,11/02/2025,08/05/2025,Ceymour,None,MC8_00032,45734.27778,Animal,NoahSills,1,Pteronura brasiliensis,40:00.2
MC-8,11/02/2025,08/05/2025,Ceymour,None,MC8_00030,45734.27708,Animal,NoahSills,1,Pteronura brasiliensis,38:59.7
MC-8,11/02/2025,08/05/2025,Ceymour,None,MC8_00030,45734.27708,Animal,NoahSills,1,Pteronura brasiliensis,38:59.7
MC-8,11/02/2025,08/05/2025,Ceymour,None,MC8_00029,45734.27569,Animal,NoahSills,1,Pteronura brasiliensis,36:59.6
MC-8,11/02/2025,08/05/2025,Ceymour,None,MC8_00029,45734.27569,Animal,NoahSills,1,Pteronura brasiliensis,36:59.6
MC-8,11/02/2025,08/05/2025,Ceymour,None,MC8_00027,45734.275,Animal,NoahSills,2,Pteronura brasiliensis,18/03/2025 2:36
MC-8,11/02/2025,08/05/2025,Ceymour,None,MC8_00027,45734.275,Animal,NoahSills,2,Pteronura brasiliensis,18/03/2025 2:36
MC-8,11/02/2025,08/05/2025,Ceymour,None,MC8_00028,45734.275,Animal,NoahSills,2,Pteronura brasiliensis,18/03/2025 2:36
MC-8,11/02/2025,08/05/2025,Ceymour,None,MC8_00028,45734.275,Animal,NoahSills,2,Pteronura brasiliensis,18/03/2025 2:36
MC-8,11/02/2025,08/05/2025,Ceymour,None,MC8_00025,45734.27431,Animal,NoahSills,2,Pteronura brasiliensis,35:00.4
MC-8,11/02/2025,08/05/2025,Ceymour,None,MC8_00025,45734.27431,Animal,NoahSills,2,Pteronura brasiliensis,35:00.4
MC-8,11/02/2025,08/05/2025,Ceymour,None,MC8_00026,45734.27431,Animal,NoahSills,2,Pteronura brasiliensis,35:00.4
MC-8,11/02/2025,08/05/2025,Ceymour,None,MC8_00026,45734.27431,Animal,NoahSills,2,Pteronura brasiliensis,35:00.4
MC-8,11/02/2025,08/05/2025,Ceymour,None,MC8_00023,45734.27361,Animal,NoahSills,2,Pteronura brasiliensis,33:59.9
MC-8,11/02/2025,08/05/2025,Ceymour,None,MC8_00023,45734.27361,Animal,NoahSills,2,Pteronura brasiliensis,33:59.9
MC-8,11/02/2025,08/05/2025,Ceymour,None,MC8_00024,45734.27361,Animal,NoahSills,2,Pteronura brasiliensis,33:59.9
MC-8,11/02/2025,08/05/2025,Ceymour,None,MC8_00024,45734.27361,Animal,NoahSills,2,Pteronura brasiliensis,33:59.9
MC-8,11/02/2025,08/05/2025,Ceymour,None,MC8_00022,45734.27292,Animal,NoahSills,3,Pteronura brasiliensis,33:00.3
MC-8,11/02/2025,08/05/2025,Ceymour,None,MC8_00022,45734.27292,Animal,NoahSills,3,Pteronura brasiliensis,33:00.3
MC-8,11/02/2025,08/05/2025,Ceymour,None,MC8_00021,45734.27222,Animal,NoahSills,3,Pteronura brasiliensis,31:59.8
MC-8,11/02/2025,08/05/2025,Ceymour,None,MC8_00021,45734.27222,Animal,NoahSills,3,Pteronura brasiliensis,31:59.8
MC-4,11/02/2025,08/05/2025,Ceymour,None,MC4_00013,45734.00347,Animal,NoahSills,1,Marmosa murina,04:59.8
MC-4,11/02/2025,08/05/2025,Ceymour,None,MC4_00013,45734.00347,Animal,NoahSills,1,Marmosa murina,04:59.8
MC-12,11/02/2025,08/05/2025,Ceymour,None,MC12_00045,45733.77222,Animal,NoahSills,1,Herpailurus yagouaroundi,31:59.8
MC-8,11/02/2025,08/05/2025,Ceymour,None,MC8_00020,45733.73542,Animal,NoahSills,1,Pteronura brasiliensis,39:00.3
MC-8,11/02/2025,08/05/2025,Ceymour,None,MC8_00020,45733.73542,Animal,NoahSills,1,Pteronura brasiliensis,39:00.3
MC-8,11/02/2025,08/05/2025,Ceymour,None,MC8_00019,45733.73403,Animal,NoahSills,1,Pteronura brasiliensis,37:00.2
MC-8,11/02/2025,08/05/2025,Ceymour,None,MC8_00019,45733.73403,Animal,NoahSills,1,Pteronura brasiliensis,37:00.2
MC-21,12/02/2025,08/05/2025,Ceymour,None,MC21_00091,45733.72014,Animal,NoahSills,2,Dasyprocta leporina,17:00.1
MC-18,12/02/2025,08/05/2025,Ceymour,None,MC18_00036,45733.71736,Animal,NoahSills,1,Dasyprocta leporina,12:59.9
MC-8,11/02/2025,08/05/2025,Ceymour,None,MC8_00018,45733.675,Animal,NoahSills,1,Pteronura brasiliensis,17/03/2025 12:12
MC-8,11/02/2025,08/05/2025,Ceymour,None,MC8_00018,45733.675,Animal,NoahSills,1,Pteronura brasiliensis,17/03/2025 12:12
MC-8,11/02/2025,08/05/2025,Ceymour,None,MC8_00017,45733.66944,Animal,NoahSills,1,Pteronura brasiliensis,03:59.6
MC-8,11/02/2025,08/05/2025,Ceymour,None,MC8_00017,45733.66944,Animal,NoahSills,1,Pteronura brasiliensis,03:59.6
MC-19,12/02/2025,08/05/2025,Ceymour,None,MC19_00001,45732.91111,Animal,NoahSills,1,Mazama americana,51:59.9
MC-5,11/02/2025,08/05/2025,Ceymour,None,MC5_00115,45732.68819,Animal,NoahSills,1,Ortalis motmot,30:59.6
MC-5,11/02/2025,08/05/2025,Ceymour,None,MC5_00115,45732.68819,Animal,NoahSills,1,Ortalis motmot,30:59.6
MC-5,11/02/2025,08/05/2025,Ceymour,None,MC5_00116,45732.68819,Animal,NoahSills,1,Ortalis motmot,30:59.6
MC-5,11/02/2025,08/05/2025,Ceymour,None,MC5_00116,45732.68819,Animal,NoahSills,1,Ortalis motmot,30:59.6
MC-5,11/02/2025,08/05/2025,Ceymour,None,MC5_00117,45732.68819,Animal,NoahSills,1,Ortalis motmot,30:59.6
MC-5,11/02/2025,08/05/2025,Ceymour,None,MC5_00117,45732.68819,Animal,NoahSills,1,Ortalis motmot,30:59.6
MC-21,12/02/2025,08/05/2025,Ceymour,None,MC21_00090,45732.38125,Animal,NoahSills,1,Dasyprocta leporina,16/03/2025 5:09
MC-21,12/02/2025,08/05/2025,Ceymour,None,MC21_00089,45732.30417,Animal,NoahSills,1,Dasyprocta leporina,18:00.3
MC-13,11/02/2025,08/05/2025,Ceymour,None,M13_00060,45732.2875,Animal,NoahSills,1,Pteronura brasiliensis,16/03/2025 2:54
MC-5,11/02/2025,08/05/2025,Ceymour,None,MC5_00112,45731.74167,Animal,NoahSills,1,Mesembrinibis cayennensis,48:00.3
MC-5,11/02/2025,08/05/2025,Ceymour,None,MC5_00112,45731.74167,Animal,NoahSills,1,Mesembrinibis cayennensis,48:00.3
MC-5,11/02/2025,08/05/2025,Ceymour,None,MC5_00113,45731.74167,Animal,NoahSills,1,Mesembrinibis cayennensis,48:00.3
MC-5,11/02/2025,08/05/2025,Ceymour,None,MC5_00113,45731.74167,Animal,NoahSills,1,Mesembrinibis cayennensis,48:00.3
MC-5,11/02/2025,08/05/2025,Ceymour,None,MC5_00114,45731.74167,Animal,NoahSills,1,Mesembrinibis cayennensis,48:00.3
MC-5,11/02/2025,08/05/2025,Ceymour,None,MC5_00114,45731.74167,Animal,NoahSills,1,Mesembrinibis cayennensis,48:00.3
MC-21,12/02/2025,08/05/2025,Ceymour,None,MC21_00088,45731.65625,Animal,NoahSills,1,Dasyprocta leporina,15/03/2025 11:45
MC-21,12/02/2025,08/05/2025,Ceymour,None,MC21_00087,45731.65417,Animal,NoahSills,1,Dasyprocta leporina,42:00.3
MC-18,12/02/2025,08/05/2025,Ceymour,None,MC18_00035,45731.40486,Animal,NoahSills,1,Dasyprocta leporina,42:59.9
MC-18,12/02/2025,08/05/2025,Ceymour,None,MC18_00034,45731.31806,Animal,NoahSills,1,Dasyprocta leporina,38:00.4
MC-21,12/02/2025,08/05/2025,Ceymour,None,MC21_00086,45731.31111,Animal,NoahSills,1,Dasyprocta leporina,27:59.9
MC-12,11/02/2025,08/05/2025,Ceymour,None,MC12_00044,45731.20278,Animal,NoahSills,1,Cuniculus paca,52:00.2
MC-4,11/02/2025,08/05/2025,Ceymour,None,MC4_00012,45730.9875,Animal,NoahSills,1,Marmosa murina,14/03/2025 19:42
MC-4,11/02/2025,08/05/2025,Ceymour,None,MC4_00012,45730.9875,Animal,NoahSills,1,Marmosa murina,14/03/2025 19:42
MC-5,11/02/2025,08/05/2025,Ceymour,None,MC5_00109,45730.73264,Animal,NoahSills,5,Tayassu pecari,35:00.1
MC-5,11/02/2025,08/05/2025,Ceymour,None,MC5_00109,45730.73264,Animal,NoahSills,5,Tayassu pecari,35:00.1
MC-5,11/02/2025,08/05/2025,Ceymour,None,MC5_00110,45730.73264,Animal,NoahSills,5,Tayassu pecari,35:00.1
MC-5,11/02/2025,08/05/2025,Ceymour,None,MC5_00110,45730.73264,Animal,NoahSills,5,Tayassu pecari,35:00.1
MC-5,11/02/2025,08/05/2025,Ceymour,None,MC5_00111,45730.73264,Animal,NoahSills,4,Tayassu pecari,35:00.1
MC-5,11/02/2025,08/05/2025,Ceymour,None,MC5_00111,45730.73264,Animal,NoahSills,4,Tayassu pecari,35:00.1
MC-5,11/02/2025,08/05/2025,Ceymour,None,MC5_00103,45730.73194,Animal,NoahSills,10,Tayassu pecari,33:59.6
MC-5,11/02/2025,08/05/2025,Ceymour,None,MC5_00103,45730.73194,Animal,NoahSills,10,Tayassu pecari,33:59.6
MC-5,11/02/2025,08/05/2025,Ceymour,None,MC5_00104,45730.73194,Animal,NoahSills,10,Tayassu pecari,33:59.6
MC-5,11/02/2025,08/05/2025,Ceymour,None,MC5_00104,45730.73194,Animal,NoahSills,10,Tayassu pecari,33:59.6
MC-5,11/02/2025,08/05/2025,Ceymour,None,MC5_00105,45730.73194,Animal,NoahSills,10,Tayassu pecari,33:59.6
MC-5,11/02/2025,08/05/2025,Ceymour,None,MC5_00105,45730.73194,Animal,NoahSills,10,Tayassu pecari,33:59.6
MC-5,11/02/2025,08/05/2025,Ceymour,None,MC5_00106,45730.73194,Animal,NoahSills,8,Tayassu pecari,33:59.6
MC-5,11/02/2025,08/05/2025,Ceymour,None,MC5_00106,45730.73194,Animal,NoahSills,8,Tayassu pecari,33:59.6
MC-5,11/02/2025,08/05/2025,Ceymour,None,MC5_00107,45730.73194,Animal,NoahSills,8,Tayassu pecari,33:59.6
MC-5,11/02/2025,08/05/2025,Ceymour,None,MC5_00107,45730.73194,Animal,NoahSills,8,Tayassu pecari,33:59.6
MC-5,11/02/2025,08/05/2025,Ceymour,None,MC5_00108,45730.73194,Animal,NoahSills,8,Tayassu pecari,33:59.6
MC-5,11/02/2025,08/05/2025,Ceymour,None,MC5_00108,45730.73194,Animal,NoahSills,8,Tayassu pecari,33:59.6
MC-5,11/02/2025,08/05/2025,Ceymour,None,MC5_00099,45730.73125,Animal,NoahSills,8,Tayassu pecari,45730.56458
MC-5,11/02/2025,08/05/2025,Ceymour,None,MC5_00099,45730.73125,Animal,NoahSills,8,Tayassu pecari,45730.56458
MC-5,11/02/2025,08/05/2025,Ceymour,None,MC5_00100,45730.73125,Animal,NoahSills,8,Tayassu pecari,45730.56458
MC-5,11/02/2025,08/05/2025,Ceymour,None,MC5_00100,45730.73125,Animal,NoahSills,8,Tayassu pecari,45730.56458
MC-5,11/02/2025,08/05/2025,Ceymour,None,MC5_00101,45730.73125,Animal,NoahSills,8,Tayassu pecari,45730.56458
MC-5,11/02/2025,08/05/2025,Ceymour,None,MC5_00101,45730.73125,Animal,NoahSills,8,Tayassu pecari,45730.56458
MC-5,11/02/2025,08/05/2025,Ceymour,None,MC5_00102,45730.73125,Animal,NoahSills,8,Tayassu pecari,45730.56458
MC-5,11/02/2025,08/05/2025,Ceymour,None,MC5_00102,45730.73125,Animal,NoahSills,8,Tayassu pecari,45730.56458
MC-5,11/02/2025,08/05/2025,Ceymour,None,MC5_00094,45730.73056,Animal,NoahSills,9,Tayassu pecari,32:00.4
MC-5,11/02/2025,08/05/2025,Ceymour,None,MC5_00094,45730.73056,Animal,NoahSills,9,Tayassu pecari,32:00.4
MC-5,11/02/2025,08/05/2025,Ceymour,None,MC5_00095,45730.73056,Animal,NoahSills,9,Tayassu pecari,32:00.4
MC-5,11/02/2025,08/05/2025,Ceymour,None,MC5_00095,45730.73056,Animal,NoahSills,9,Tayassu pecari,32:00.4
MC-5,11/02/2025,08/05/2025,Ceymour,None,MC5_00096,45730.73056,Animal,NoahSills,9,Tayassu pecari,32:00.4
MC-5,11/02/2025,08/05/2025,Ceymour,None,MC5_00096,45730.73056,Animal,NoahSills,9,Tayassu pecari,32:00.4
MC-5,11/02/2025,08/05/2025,Ceymour,None,MC5_00097,45730.73056,Animal,NoahSills,8,Tayassu pecari,32:00.4
MC-5,11/02/2025,08/05/2025,Ceymour,None,MC5_00097,45730.73056,Animal,NoahSills,8,Tayassu pecari,32:00.4
MC-5,11/02/2025,08/05/2025,Ceymour,None,MC5_00098,45730.73056,Animal,NoahSills,8,Tayassu pecari,32:00.4
MC-5,11/02/2025,08/05/2025,Ceymour,None,MC5_00098,45730.73056,Animal,NoahSills,8,Tayassu pecari,32:00.4
MC-5,11/02/2025,08/05/2025,Ceymour,None,MC5_00088,45730.72986,Animal,NoahSills,3,Tayassu pecari,30:59.9
MC-5,11/02/2025,08/05/2025,Ceymour,None,MC5_00088,45730.72986,Animal,NoahSills,3,Tayassu pecari,30:59.9
MC-5,11/02/2025,08/05/2025,Ceymour,None,MC5_00089,45730.72986,Animal,NoahSills,3,Tayassu pecari,30:59.9
MC-5,11/02/2025,08/05/2025,Ceymour,None,MC5_00089,45730.72986,Animal,NoahSills,3,Tayassu pecari,30:59.9
MC-5,11/02/2025,08/05/2025,Ceymour,None,MC5_00090,45730.72986,Animal,NoahSills,3,Tayassu pecari,30:59.9
MC-5,11/02/2025,08/05/2025,Ceymour,None,MC5_00090,45730.72986,Animal,NoahSills,3,Tayassu pecari,30:59.9
MC-5,11/02/2025,08/05/2025,Ceymour,None,MC5_00091,45730.72986,Animal,NoahSills,10,Tayassu pecari,30:59.9
MC-5,11/02/2025,08/05/2025,Ceymour,None,MC5_00091,45730.72986,Animal,NoahSills,10,Tayassu pecari,30:59.9
MC-5,11/02/2025,08/05/2025,Ceymour,None,MC5_00092,45730.72986,Animal,NoahSills,10,Tayassu pecari,30:59.9
MC-5,11/02/2025,08/05/2025,Ceymour,None,MC5_00092,45730.72986,Animal,NoahSills,10,Tayassu pecari,30:59.9
MC-5,11/02/2025,08/05/2025,Ceymour,None,MC5_00093,45730.72986,Animal,NoahSills,10,Tayassu pecari,30:59.9
MC-5,11/02/2025,08/05/2025,Ceymour,None,MC5_00093,45730.72986,Animal,NoahSills,10,Tayassu pecari,30:59.9
MC-5,11/02/2025,08/05/2025,Ceymour,None,MC5_00085,45730.72917,Animal,NoahSills,8,Tayassu pecari,30:00.3
MC-5,11/02/2025,08/05/2025,Ceymour,None,MC5_00085,45730.72917,Animal,NoahSills,8,Tayassu pecari,30:00.3
MC-5,11/02/2025,08/05/2025,Ceymour,None,MC5_00086,45730.72917,Animal,NoahSills,8,Tayassu pecari,30:00.3
MC-5,11/02/2025,08/05/2025,Ceymour,None,MC5_00086,45730.72917,Animal,NoahSills,8,Tayassu pecari,30:00.3
MC-5,11/02/2025,08/05/2025,Ceymour,None,MC5_00087,45730.72917,Animal,NoahSills,8,Tayassu pecari,30:00.3
MC-5,11/02/2025,08/05/2025,Ceymour,None,MC5_00087,45730.72917,Animal,NoahSills,8,Tayassu pecari,30:00.3
MC-5,11/02/2025,08/05/2025,Ceymour,None,MC5_00079,45730.72847,Animal,NoahSills,1,Tayassu pecari,28:59.8
MC-5,11/02/2025,08/05/2025,Ceymour,None,MC5_00079,45730.72847,Animal,NoahSills,1,Tayassu pecari,28:59.8
MC-5,11/02/2025,08/05/2025,Ceymour,None,MC5_00080,45730.72847,Animal,NoahSills,1,Tayassu pecari,28:59.8
MC-5,11/02/2025,08/05/2025,Ceymour,None,MC5_00080,45730.72847,Animal,NoahSills,1,Tayassu pecari,28:59.8
MC-5,11/02/2025,08/05/2025,Ceymour,None,MC5_00081,45730.72847,Animal,NoahSills,1,Tayassu pecari,28:59.8
MC-5,11/02/2025,08/05/2025,Ceymour,None,MC5_00081,45730.72847,Animal,NoahSills,1,Tayassu pecari,28:59.8
MC-5,11/02/2025,08/05/2025,Ceymour,None,MC5_00082,45730.72847,Animal,NoahSills,6,Tayassu pecari,28:59.8
MC-5,11/02/2025,08/05/2025,Ceymour,None,MC5_00082,45730.72847,Animal,NoahSills,6,Tayassu pecari,28:59.8
MC-5,11/02/2025,08/05/2025,Ceymour,None,MC5_00083,45730.72847,Animal,NoahSills,8,Tayassu pecari,28:59.8
MC-5,11/02/2025,08/05/2025,Ceymour,None,MC5_00083,45730.72847,Animal,NoahSills,8,Tayassu pecari,28:59.8
MC-5,11/02/2025,08/05/2025,Ceymour,None,MC5_00084,45730.72847,Animal,NoahSills,8,Tayassu pecari,28:59.8
MC-5,11/02/2025,08/05/2025,Ceymour,None,MC5_00084,45730.72847,Animal,NoahSills,8,Tayassu pecari,28:59.8
MC-5,11/02/2025,08/05/2025,Ceymour,None,MC5_00076,45730.5875,Animal,NoahSills,1,Buteogallus meridionalis,14/03/2025 10:06
MC-5,11/02/2025,08/05/2025,Ceymour,None,MC5_00076,45730.5875,Animal,NoahSills,1,Buteogallus meridionalis,14/03/2025 10:06
MC-5,11/02/2025,08/05/2025,Ceymour,None,MC5_00077,45730.5875,Animal,NoahSills,1,Buteogallus meridionalis,14/03/2025 10:06
MC-5,11/02/2025,08/05/2025,Ceymour,None,MC5_00077,45730.5875,Animal,NoahSills,1,Buteogallus meridionalis,14/03/2025 10:06
MC-5,11/02/2025,08/05/2025,Ceymour,None,MC5_00078,45730.5875,Animal,NoahSills,1,Buteogallus meridionalis,14/03/2025 10:06
MC-5,11/02/2025,08/05/2025,Ceymour,None,MC5_00078,45730.5875,Animal,NoahSills,1,Buteogallus meridionalis,14/03/2025 10:06
MC-21,12/02/2025,08/05/2025,Ceymour,None,MC21_00085,45730.49167,Animal,NoahSills,1,Dasyprocta leporina,48:00.3
MC-7,11/02/2025,08/05/2025,Ceymour,None,MC7_00015,45730.42014,Animal,NoahSills,1,Cebus olivaceus,05:00.1
MC-7,11/02/2025,08/05/2025,Ceymour,None,MC7_00015,45730.42014,Animal,NoahSills,1,Cebus olivaceus,05:00.1
MC-6,11/02/2025,08/05/2025,Ceymour,None,MC6_00001,45730.41736,Animal,NoahSills,1,Cebus olivaceus,00:59.9
MC-6,11/02/2025,08/05/2025,Ceymour,None,MC6_00001,45730.41736,Animal,NoahSills,1,Cebus olivaceus,00:59.9
MC-21,12/02/2025,08/05/2025,Ceymour,None,MC21_00084,45730.38958,Animal,NoahSills,1,Dasyprocta leporina,20:59.7
MC-21,12/02/2025,08/05/2025,Ceymour,None,MC21_00083,45730.32014,Animal,NoahSills,1,Dasyprocta leporina,41:00.1
MC-21,12/02/2025,08/05/2025,Ceymour,None,MC21_00082,45730.24514,Animal,NoahSills,1,Dasyprocta leporina,53:00.1
MC-18,12/02/2025,08/05/2025,Ceymour,None,MC18_00033,45730.07708,Animal,NoahSills,1,Mazama americana,50:59.7
MC-18,12/02/2025,08/05/2025,Ceymour,None,MC18_00032,45729.75278,Animal,NoahSills,1,Dasyprocta leporina,04:00.2
MC-18,12/02/2025,08/05/2025,Ceymour,None,MC18_00031,45729.58958,Animal,NoahSills,1,Dasyprocta leporina,08:59.7
MC-13,11/02/2025,08/05/2025,Ceymour,None,M13_00059,45729.57917,Animal,NoahSills,1,Pteronura brasiliensis,54:00.3
MC-13,11/02/2025,08/05/2025,Ceymour,None,M13_00058,45729.57431,Animal,NoahSills,1,Pteronura brasiliensis,47:00.4
MC-13,11/02/2025,08/05/2025,Ceymour,None,M13_00057,45729.46528,Animal,NoahSills,1,Pteronura brasiliensis,10:00.2
MC-13,11/02/2025,08/05/2025,Ceymour,None,M13_00056,45729.37778,Animal,NoahSills,1,Pteronura brasiliensis,04:00.2
MC-13,11/02/2025,08/05/2025,Ceymour,None,M13_00055,45729.30069,Animal,NoahSills,1,Pteronura brasiliensis,12:59.6
MC-21,12/02/2025,08/05/2025,Ceymour,None,MC21_00081,45729.27222,Animal,NoahSills,1,Dasyprocta leporina,31:59.8
MC-7,11/02/2025,08/05/2025,Ceymour,None,MC7_00014,45729.125,Animal,NoahSills,1,Mesomys hispidus,12/03/2025 23:00
MC-7,11/02/2025,08/05/2025,Ceymour,None,MC7_00014,45729.125,Animal,NoahSills,1,Mesomys hispidus,12/03/2025 23:00
MC-12,11/02/2025,08/05/2025,Ceymour,None,MC12_00043,45728.96597,Animal,NoahSills,1,Nyctidromus albicollis,10:59.8
MC-12,11/02/2025,08/05/2025,Ceymour,None,MC12_00042,45728.92292,Animal,NoahSills,1,Nyctidromus albicollis,09:00.3
MC-12,11/02/2025,08/05/2025,Ceymour,None,MC12_00041,45728.9125,Animal,NoahSills,1,Nyctidromus albicollis,12/03/2025 17:54
MC-12,11/02/2025,08/05/2025,Ceymour,None,MC12_00040,45728.83889,Animal,NoahSills,1,Proechimys guyannensis,08:00.1
MC-13,11/02/2025,08/05/2025,Ceymour,None,M13_00054,45728.775,Animal,NoahSills,1,Pteronura brasiliensis,12/03/2025 14:36
MC-13,11/02/2025,08/05/2025,Ceymour,None,M13_00053,45728.76806,Animal,NoahSills,1,Pteronura brasiliensis,26:00.4
MC-21,12/02/2025,08/05/2025,Ceymour,None,MC21_00080,45728.68958,Animal,NoahSills,1,Dasyprocta leporina,32:59.7
MC-13,11/02/2025,08/05/2025,Ceymour,None,M13_00052,45728.68403,Animal,NoahSills,1,Pteronura brasiliensis,25:00.2
MC-21,12/02/2025,08/05/2025,Ceymour,None,MC21_00079,45728.63333,Animal,NoahSills,1,Dasyprocta leporina,11:59.7
MC-21,12/02/2025,08/05/2025,Ceymour,None,MC21_00078,45728.56875,Animal,NoahSills,1,Dasyprocta leporina,12/03/2025 9:39
MC-18,12/02/2025,08/05/2025,Ceymour,None,MC18_00030,45728.55556,Animal,NoahSills,1,Dasyprocta leporina,20:00.4
MC-21,12/02/2025,08/05/2025,Ceymour,None,MC21_00077,45728.54375,Animal,NoahSills,1,Dasyprocta leporina,45728.37708
MC-13,11/02/2025,08/05/2025,Ceymour,None,M13_00050,45728.49931,Animal,NoahSills,2,Pteronura brasiliensis,59:00.4
MC-13,11/02/2025,08/05/2025,Ceymour,None,M13_00051,45728.49931,Animal,NoahSills,1,Pteronura brasiliensis,59:00.4
MC-13,11/02/2025,08/05/2025,Ceymour,None,M13_00049,45728.49792,Animal,NoahSills,2,Pteronura brasiliensis,57:00.3
MC-13,11/02/2025,08/05/2025,Ceymour,None,M13_00048,45728.49722,Animal,NoahSills,2,Pteronura brasiliensis,55:59.8
MC-13,11/02/2025,08/05/2025,Ceymour,None,M13_00046,45728.49583,Animal,NoahSills,3,Pteronura brasiliensis,53:59.7
MC-13,11/02/2025,08/05/2025,Ceymour,None,M13_00047,45728.49583,Animal,NoahSills,1,Pteronura brasiliensis,53:59.7
MC-13,11/02/2025,08/05/2025,Ceymour,None,M13_00044,45728.49514,Animal,NoahSills,1,Pteronura brasiliensis,53:00.1
MC-13,11/02/2025,08/05/2025,Ceymour,None,M13_00045,45728.49514,Animal,NoahSills,1,Pteronura brasiliensis,53:00.1
MC-13,11/02/2025,08/05/2025,Ceymour,None,M13_00043,45728.49444,Animal,NoahSills,1,Pteronura brasiliensis,51:59.6
MC-13,11/02/2025,08/05/2025,Ceymour,None,M13_00042,45728.49375,Animal,NoahSills,1,Pteronura brasiliensis,12/03/2025 7:51
MC-13,11/02/2025,08/05/2025,Ceymour,None,M13_00041,45728.49306,Animal,NoahSills,1,Pteronura brasiliensis,50:00.4
MC-13,11/02/2025,08/05/2025,Ceymour,None,M13_00040,45728.49028,Animal,NoahSills,1,Pteronura brasiliensis,46:00.2
MC-21,12/02/2025,08/05/2025,Ceymour,None,MC21_00076,45728.45833,Animal,NoahSills,1,Dasyprocta leporina,59:59.7
MC-7,11/02/2025,08/05/2025,Ceymour,None,MC7_00013,45728.43403,Animal,NoahSills,1,Cebus olivaceus,25:00.2
MC-7,11/02/2025,08/05/2025,Ceymour,None,MC7_00013,45728.43403,Animal,NoahSills,1,Cebus olivaceus,25:00.2
MC-21,12/02/2025,08/05/2025,Ceymour,None,MC21_00075,45728.33958,Animal,NoahSills,1,Dasyprocta leporina,08:59.7
MC-21,12/02/2025,08/05/2025,Ceymour,None,MC21_00074,45728.24097,Animal,NoahSills,1,Dasyprocta leporina,46:59.8
MC-18,12/02/2025,08/05/2025,Ceymour,None,MC18_00029,45728.11736,Animal,NoahSills,1,Cuniculus paca,48:59.9
MC-12,11/02/2025,08/05/2025,Ceymour,None,MC12_00039,45728.11597,Animal,NoahSills,1,Cuniculus paca,46:59.8
MC-21,12/02/2025,08/05/2025,Ceymour,None,MC21_00073,45727.69306,Animal,NoahSills,1,Dasyprocta leporina,38:00.4
MC-21,12/02/2025,08/05/2025,Ceymour,None,MC21_00072,45727.65208,Animal,NoahSills,1,Dasyprocta leporina,38:59.7
MC-12,11/02/2025,08/05/2025,Ceymour,None,MC12_00038,45727.61389,Animal,NoahSills,1,Tupinambis teguixin,44:00.1
MC-18,12/02/2025,08/05/2025,Ceymour,None,MC18_00028,45727.5375,Animal,NoahSills,1,Dasyprocta leporina,11/03/2025 8:54
MC-13,11/02/2025,08/05/2025,Ceymour,None,M13_00014,45727.52639,Animal,NoahSills,1,Pteronura brasiliensis,38:00.1
MC-13,11/02/2025,08/05/2025,Ceymour,None,M13_00013,45727.525,Animal,NoahSills,1,Pteronura brasiliensis,11/03/2025 8:36
MC-13,11/02/2025,08/05/2025,Ceymour,None,M13_00012,45727.52361,Animal,NoahSills,1,Pteronura brasiliensis,33:59.9
MC-13,11/02/2025,08/05/2025,Ceymour,None,M13_00011,45727.52292,Animal,NoahSills,1,Pteronura brasiliensis,33:00.3
MC-13,11/02/2025,08/05/2025,Ceymour,None,M13_00010,45727.52222,Animal,NoahSills,1,Pteronura brasiliensis,31:59.8
MC-13,11/02/2025,08/05/2025,Ceymour,None,M13_00009,45727.52153,Animal,NoahSills,1,Pteronura brasiliensis,31:00.2
MC-13,11/02/2025,08/05/2025,Ceymour,None,M13_00038,45727.37361,Animal,NoahSills,1,Pteronura brasiliensis,57:59.9
MC-13,11/02/2025,08/05/2025,Ceymour,None,M13_00039,45727.37361,Animal,NoahSills,1,Pteronura brasiliensis,57:59.9
MC-13,11/02/2025,08/05/2025,Ceymour,None,M13_00036,45727.37292,Animal,NoahSills,2,Pteronura brasiliensis,57:00.3
MC-13,11/02/2025,08/05/2025,Ceymour,None,M13_00037,45727.37292,Animal,NoahSills,1,Pteronura brasiliensis,57:00.3
MC-13,11/02/2025,08/05/2025,Ceymour,None,M13_00034,45727.37222,Animal,NoahSills,1,Pteronura brasiliensis,55:59.8
MC-13,11/02/2025,08/05/2025,Ceymour,None,M13_00035,45727.37222,Animal,NoahSills,1,Pteronura brasiliensis,55:59.8
MC-13,11/02/2025,08/05/2025,Ceymour,None,M13_00033,45727.37153,Animal,NoahSills,1,Pteronura brasiliensis,55:00.2
MC-13,11/02/2025,08/05/2025,Ceymour,None,M13_00031,45727.37083,Animal,NoahSills,1,Pteronura brasiliensis,53:59.7
MC-13,11/02/2025,08/05/2025,Ceymour,None,M13_00032,45727.37083,Animal,NoahSills,2,Pteronura brasiliensis,53:59.7
MC-13,11/02/2025,08/05/2025,Ceymour,None,M13_00029,45727.37014,Animal,NoahSills,3,Pteronura brasiliensis,53:00.1
MC-13,11/02/2025,08/05/2025,Ceymour,None,M13_00030,45727.37014,Animal,NoahSills,1,Pteronura brasiliensis,53:00.1
MC-13,11/02/2025,08/05/2025,Ceymour,None,M13_00027,45727.36944,Animal,NoahSills,1,Pteronura brasiliensis,51:59.6
MC-13,11/02/2025,08/05/2025,Ceymour,None,M13_00028,45727.36944,Animal,NoahSills,1,Pteronura brasiliensis,51:59.6
MC-13,11/02/2025,08/05/2025,Ceymour,None,M13_00026,45727.36875,Animal,NoahSills,1,Pteronura brasiliensis,11/03/2025 4:51
MC-13,11/02/2025,08/05/2025,Ceymour,None,M13_00024,45727.36806,Animal,NoahSills,3,Pteronura brasiliensis,50:00.4
MC-13,11/02/2025,08/05/2025,Ceymour,None,M13_00025,45727.36806,Animal,NoahSills,3,Pteronura brasiliensis,50:00.4
MC-13,11/02/2025,08/05/2025,Ceymour,None,M13_00023,45727.29931,Animal,NoahSills,1,Pteronura brasiliensis,11:00.4
MC-13,11/02/2025,08/05/2025,Ceymour,None,M13_00022,45727.29861,Animal,NoahSills,1,Pteronura brasiliensis,09:59.9
MC-13,11/02/2025,08/05/2025,Ceymour,None,M13_00020,45727.29792,Animal,NoahSills,1,Pteronura brasiliensis,09:00.3
MC-13,11/02/2025,08/05/2025,Ceymour,None,M13_00021,45727.29792,Animal,NoahSills,1,Pteronura brasiliensis,09:00.3
MC-13,11/02/2025,08/05/2025,Ceymour,None,M13_00018,45727.29583,Animal,NoahSills,1,Pteronura brasiliensis,05:59.7
MC-13,11/02/2025,08/05/2025,Ceymour,None,M13_00019,45727.29583,Animal,NoahSills,1,Pteronura brasiliensis,05:59.7
MC-13,11/02/2025,08/05/2025,Ceymour,None,M13_00016,45727.29514,Animal,NoahSills,1,Pteronura brasiliensis,05:00.1
MC-13,11/02/2025,08/05/2025,Ceymour,None,M13_00017,45727.29514,Animal,NoahSills,1,Pteronura brasiliensis,05:00.1
MC-13,11/02/2025,08/05/2025,Ceymour,None,M13_00015,45727.28958,Animal,NoahSills,1,Pteronura brasiliensis,56:59.7
MC-21,12/02/2025,08/05/2025,Ceymour,None,MC21_00071,45727.25417,Animal,NoahSills,1,Dasyprocta leporina,06:00.3
MC-12,11/02/2025,08/05/2025,Ceymour,None,MC12_00037,45727.21944,Animal,NoahSills,2,Nyctidromus albicollis,15:59.6
MC-12,11/02/2025,08/05/2025,Ceymour,None,MC12_00036,45727.14028,Animal,NoahSills,1,Nyctidromus albicollis,22:00.2
MC-12,11/02/2025,08/05/2025,Ceymour,None,MC12_00035,45727.07569,Animal,NoahSills,1,Cuniculus paca,48:59.6
MC-21,12/02/2025,08/05/2025,Ceymour,None,MC21_00070,45726.95208,Animal,NoahSills,1,Mazama americana,50:59.7
MC-4,11/02/2025,08/05/2025,Ceymour,None,MC4_00011,45726.81389,Animal,NoahSills,1,Rattus rattus,32:00.1
MC-4,11/02/2025,08/05/2025,Ceymour,None,MC4_00011,45726.81389,Animal,NoahSills,1,Rattus rattus,32:00.1
MC-21,12/02/2025,08/05/2025,Ceymour,None,MC21_00069,45726.73333,Animal,NoahSills,1,Dasyprocta leporina,35:59.7
MC-18,12/02/2025,08/05/2025,Ceymour,None,MC18_00027,45726.68264,Animal,NoahSills,1,Dasyprocta leporina,23:00.1
MC-18,12/02/2025,08/05/2025,Ceymour,None,MC18_00026,45726.63611,Animal,NoahSills,1,Dasyprocta leporina,15:59.9
MC-2,11/02/2025,08/05/2025,Ceymour,None,MC2_00326,45726.63333,Animal,NoahSills,20,Bubulcus ibis ibis,11:59.7
MC-2,11/02/2025,08/05/2025,Ceymour,None,MC2_00326,45726.63333,Animal,NoahSills,20,Bubulcus ibis ibis,11:59.7
MC-2,11/02/2025,08/05/2025,Ceymour,None,MC2_00325,45726.62917,Animal,NoahSills,23,Bubulcus ibis ibis,06:00.3
MC-2,11/02/2025,08/05/2025,Ceymour,None,MC2_00325,45726.62917,Animal,NoahSills,23,Bubulcus ibis ibis,06:00.3
MC-2,11/02/2025,08/05/2025,Ceymour,None,MC2_00324,45726.62708,Animal,NoahSills,25,Bubulcus ibis ibis,02:59.7
MC-2,11/02/2025,08/05/2025,Ceymour,None,MC2_00324,45726.62708,Animal,NoahSills,25,Bubulcus ibis ibis,02:59.7
MC-2,11/02/2025,08/05/2025,Ceymour,None,MC2_00323,45726.6125,Animal,NoahSills,23,Bubulcus ibis ibis,10/03/2025 10:42
MC-2,11/02/2025,08/05/2025,Ceymour,None,MC2_00323,45726.6125,Animal,NoahSills,23,Bubulcus ibis ibis,10/03/2025 10:42
MC-2,11/02/2025,08/05/2025,Ceymour,None,MC2_00322,45726.61111,Animal,NoahSills,26,Bubulcus ibis ibis,39:59.9
MC-2,11/02/2025,08/05/2025,Ceymour,None,MC2_00322,45726.61111,Animal,NoahSills,26,Bubulcus ibis ibis,39:59.9
MC-2,11/02/2025,08/05/2025,Ceymour,None,MC2_00321,45726.61042,Animal,NoahSills,25,Bubulcus ibis ibis,39:00.3
MC-2,11/02/2025,08/05/2025,Ceymour,None,MC2_00321,45726.61042,Animal,NoahSills,25,Bubulcus ibis ibis,39:00.3
MC-7,11/02/2025,08/05/2025,Ceymour,None,MC7_00012,45726.60417,Animal,NoahSills,1,Cebus olivaceus,30:00.3
MC-7,11/02/2025,08/05/2025,Ceymour,None,MC7_00012,45726.60417,Animal,NoahSills,1,Cebus olivaceus,30:00.3
MC-2,11/02/2025,08/05/2025,Ceymour,None,MC2_00320,45726.58681,Animal,NoahSills,25,Bubulcus ibis ibis,05:00.4
MC-2,11/02/2025,08/05/2025,Ceymour,None,MC2_00320,45726.58681,Animal,NoahSills,25,Bubulcus ibis ibis,05:00.4
MC-2,11/02/2025,08/05/2025,Ceymour,None,MC2_00319,45726.55625,Animal,NoahSills,28,Bubulcus ibis ibis,10/03/2025 9:21
MC-2,11/02/2025,08/05/2025,Ceymour,None,MC2_00319,45726.55625,Animal,NoahSills,28,Bubulcus ibis ibis,10/03/2025 9:21
MC-2,11/02/2025,08/05/2025,Ceymour,None,MC2_00318,45726.54792,Animal,NoahSills,28,Bubulcus ibis ibis,09:00.3
MC-2,11/02/2025,08/05/2025,Ceymour,None,MC2_00318,45726.54792,Animal,NoahSills,28,Bubulcus ibis ibis,09:00.3
MC-2,11/02/2025,08/05/2025,Ceymour,None,MC2_00317,45726.54722,Animal,NoahSills,28,Bubulcus ibis ibis,07:59.8
MC-2,11/02/2025,08/05/2025,Ceymour,None,MC2_00317,45726.54722,Animal,NoahSills,28,Bubulcus ibis ibis,07:59.8
MC-2,11/02/2025,08/05/2025,Ceymour,None,MC2_00316,45726.54444,Animal,NoahSills,28,Bubulcus ibis ibis,03:59.6
MC-2,11/02/2025,08/05/2025,Ceymour,None,MC2_00316,45726.54444,Animal,NoahSills,28,Bubulcus ibis ibis,03:59.6
MC-21,12/02/2025,08/05/2025,Ceymour,None,MC21_00068,45726.53194,Animal,NoahSills,1,Dasyprocta leporina,45:59.6
MC-2,11/02/2025,08/05/2025,Ceymour,None,MC2_00315,45726.53125,Animal,NoahSills,25,Bubulcus ibis ibis,10/03/2025 8:45
MC-2,11/02/2025,08/05/2025,Ceymour,None,MC2_00315,45726.53125,Animal,NoahSills,25,Bubulcus ibis ibis,10/03/2025 8:45
MC-2,11/02/2025,08/05/2025,Ceymour,None,MC2_00314,45726.52778,Animal,NoahSills,25,Bubulcus ibis ibis,40:00.2
MC-2,11/02/2025,08/05/2025,Ceymour,None,MC2_00314,45726.52778,Animal,NoahSills,25,Bubulcus ibis ibis,40:00.2
MC-2,11/02/2025,08/05/2025,Ceymour,None,MC2_00313,45726.51875,Animal,NoahSills,30,Bubulcus ibis ibis,10/03/2025 8:27
MC-2,11/02/2025,08/05/2025,Ceymour,None,MC2_00313,45726.51875,Animal,NoahSills,30,Bubulcus ibis ibis,10/03/2025 8:27
MC-2,11/02/2025,08/05/2025,Ceymour,None,MC2_00312,45726.48958,Animal,NoahSills,27,Bubulcus ibis ibis,44:59.7
MC-2,11/02/2025,08/05/2025,Ceymour,None,MC2_00312,45726.48958,Animal,NoahSills,27,Bubulcus ibis ibis,44:59.7
MC-2,11/02/2025,08/05/2025,Ceymour,None,MC2_00311,45726.48403,Animal,NoahSills,16,Bubulcus ibis ibis,37:00.2
MC-2,11/02/2025,08/05/2025,Ceymour,None,MC2_00311,45726.48403,Animal,NoahSills,16,Bubulcus ibis ibis,37:00.2
MC-2,11/02/2025,08/05/2025,Ceymour,None,MC2_00310,45726.47778,Animal,NoahSills,19,Bubulcus ibis ibis,28:00.2
MC-2,11/02/2025,08/05/2025,Ceymour,None,MC2_00310,45726.47778,Animal,NoahSills,19,Bubulcus ibis ibis,28:00.2
MC-2,11/02/2025,08/05/2025,Ceymour,None,MC2_00309,45726.47708,Animal,NoahSills,21,Bubulcus ibis ibis,26:59.7
MC-2,11/02/2025,08/05/2025,Ceymour,None,MC2_00309,45726.47708,Animal,NoahSills,21,Bubulcus ibis ibis,26:59.7
MC-2,11/02/2025,08/05/2025,Ceymour,None,MC2_00308,45726.475,Animal,NoahSills,21,Bubulcus ibis ibis,10/03/2025 7:24
MC-2,11/02/2025,08/05/2025,Ceymour,None,MC2_00308,45726.475,Animal,NoahSills,21,Bubulcus ibis ibis,10/03/2025 7:24
MC-2,11/02/2025,08/05/2025,Ceymour,None,MC2_00307,45726.46875,Animal,NoahSills,20,Bubulcus ibis ibis,10/03/2025 7:15
MC-2,11/02/2025,08/05/2025,Ceymour,None,MC2_00307,45726.46875,Animal,NoahSills,20,Bubulcus ibis ibis,10/03/2025 7:15
MC-2,11/02/2025,08/05/2025,Ceymour,None,MC2_00306,45726.45833,Animal,NoahSills,14,Bubulcus ibis ibis,59:59.7
MC-2,11/02/2025,08/05/2025,Ceymour,None,MC2_00306,45726.45833,Animal,NoahSills,14,Bubulcus ibis ibis,59:59.7
MC-2,11/02/2025,08/05/2025,Ceymour,None,MC2_00305,45726.45069,Animal,NoahSills,13,Bubulcus ibis ibis,48:59.6
MC-2,11/02/2025,08/05/2025,Ceymour,None,MC2_00305,45726.45069,Animal,NoahSills,13,Bubulcus ibis ibis,48:59.6
MC-2,11/02/2025,08/05/2025,Ceymour,None,MC2_00304,45726.41389,Animal,NoahSills,11,Bubulcus ibis ibis,56:00.1
MC-2,11/02/2025,08/05/2025,Ceymour,None,MC2_00304,45726.41389,Animal,NoahSills,11,Bubulcus ibis ibis,56:00.1
MC-2,11/02/2025,08/05/2025,Ceymour,None,MC2_00303,45726.41319,Animal,NoahSills,11,Bubulcus ibis ibis,54:59.6
MC-2,11/02/2025,08/05/2025,Ceymour,None,MC2_00303,45726.41319,Animal,NoahSills,11,Bubulcus ibis ibis,54:59.6
MC-2,11/02/2025,08/05/2025,Ceymour,None,MC2_00302,45726.40833,Animal,NoahSills,11,Bubulcus ibis ibis,47:59.7
MC-2,11/02/2025,08/05/2025,Ceymour,None,MC2_00302,45726.40833,Animal,NoahSills,11,Bubulcus ibis ibis,47:59.7
MC-2,11/02/2025,08/05/2025,Ceymour,None,MC2_00301,45726.40694,Animal,NoahSills,11,Bubulcus ibis ibis,45:59.6
MC-2,11/02/2025,08/05/2025,Ceymour,None,MC2_00301,45726.40694,Animal,NoahSills,11,Bubulcus ibis ibis,45:59.6
MC-2,11/02/2025,08/05/2025,Ceymour,None,MC2_00300,45726.40486,Animal,NoahSills,11,Bubulcus ibis ibis,42:59.9
MC-2,11/02/2025,08/05/2025,Ceymour,None,MC2_00300,45726.40486,Animal,NoahSills,11,Bubulcus ibis ibis,42:59.9
MC-13,11/02/2025,08/05/2025,Ceymour,None,M13_00008,45726.29236,Animal,NoahSills,1,Pteronura brasiliensis,00:59.9
MC-12,11/02/2025,08/05/2025,Ceymour,None,MC12_00034,45726.2375,Animal,NoahSills,1,Nyctidromus albicollis,10/03/2025 1:42
MC-18,12/02/2025,08/05/2025,Ceymour,None,MC18_00025,45726.06389,Animal,NoahSills,1,Cuniculus paca,32:00.1
MC-18,12/02/2025,08/05/2025,Ceymour,None,MC18_00024,45725.76319,Animal,NoahSills,1,Cuniculus paca,18:59.6
MC-21,12/02/2025,08/05/2025,Ceymour,None,MC21_00067,45725.70069,Animal,NoahSills,1,Dasyprocta leporina,48:59.6
MC-2,11/02/2025,08/05/2025,Ceymour,None,MC2_00299,45725.69097,Animal,NoahSills,13,Bubulcus ibis ibis,34:59.8
MC-2,11/02/2025,08/05/2025,Ceymour,None,MC2_00299,45725.69097,Animal,NoahSills,13,Bubulcus ibis ibis,34:59.8
MC-18,12/02/2025,08/05/2025,Ceymour,None,MC18_00023,45725.62222,Animal,NoahSills,1,Dasyprocta leporina,55:59.8
MC-12,11/02/2025,08/05/2025,Ceymour,None,MC12_00033,45725.62153,Animal,NoahSills,1,Dasyprocta leporina,55:00.2
MC-21,12/02/2025,08/05/2025,Ceymour,None,MC21_00066,45725.57361,Animal,NoahSills,1,Dasyprocta leporina,45:59.9
MC-2,11/02/2025,08/05/2025,Ceymour,None,MC2_00298,45725.57292,Animal,NoahSills,24,Bubulcus ibis ibis,45:00.3
MC-2,11/02/2025,08/05/2025,Ceymour,None,MC2_00298,45725.57292,Animal,NoahSills,24,Bubulcus ibis ibis,45:00.3
MC-2,11/02/2025,08/05/2025,Ceymour,None,MC2_00297,45725.54792,Animal,NoahSills,9,Bubulcus ibis ibis,09:00.3
MC-2,11/02/2025,08/05/2025,Ceymour,None,MC2_00297,45725.54792,Animal,NoahSills,9,Bubulcus ibis ibis,09:00.3
MC-2,11/02/2025,08/05/2025,Ceymour,None,MC2_00296,45725.51319,Animal,NoahSills,15,Bubulcus ibis ibis,18:59.6
MC-2,11/02/2025,08/05/2025,Ceymour,None,MC2_00296,45725.51319,Animal,NoahSills,15,Bubulcus ibis ibis,18:59.6
MC-2,11/02/2025,08/05/2025,Ceymour,None,MC2_00295,45725.50625,Animal,NoahSills,14,Bubulcus ibis ibis,09/03/2025 8:09
MC-2,11/02/2025,08/05/2025,Ceymour,None,MC2_00295,45725.50625,Animal,NoahSills,14,Bubulcus ibis ibis,09/03/2025 8:09
MC-2,11/02/2025,08/05/2025,Ceymour,None,MC2_00294,45725.38333,Animal,NoahSills,9,Bubulcus ibis ibis,11:59.7
MC-2,11/02/2025,08/05/2025,Ceymour,None,MC2_00294,45725.38333,Animal,NoahSills,9,Bubulcus ibis ibis,11:59.7
MC-2,11/02/2025,08/05/2025,Ceymour,None,MC2_00293,45725.37639,Animal,NoahSills,11,Bubulcus ibis ibis,02:00.1
MC-2,11/02/2025,08/05/2025,Ceymour,None,MC2_00293,45725.37639,Animal,NoahSills,11,Bubulcus ibis ibis,02:00.1
MC-18,12/02/2025,08/05/2025,Ceymour,None,MC18_00022,45725.24514,Animal,NoahSills,1,Dasyprocta leporina,53:00.1
MC-18,12/02/2025,08/05/2025,Ceymour,None,MC18_00021,45725.05486,Animal,NoahSills,1,Cuniculus paca,18:59.9
MC-18,12/02/2025,08/05/2025,Ceymour,None,MC18_00020,45725.05417,Animal,NoahSills,1,Cuniculus paca,18:00.3
MC-3,11/02/2025,08/05/2025,Ceymour,None,IM_00013,08/03/2025 22:24,Animal,NoahSills,1,Mazama americana,08/03/2025 22:24
MC-3,11/02/2025,08/05/2025,Ceymour,None,IM_00013,08/03/2025 22:24,Animal,NoahSills,1,Mazama americana,08/03/2025 22:24
MC-4,11/02/2025,08/05/2025,Ceymour,None,MC4_00010,45724.77986,Animal,NoahSills,1,Rattus rattus,42:59.9
MC-4,11/02/2025,08/05/2025,Ceymour,None,MC4_00010,45724.77986,Animal,NoahSills,1,Rattus rattus,42:59.9
MC-4,11/02/2025,08/05/2025,Ceymour,None,MC4_00009,45724.77778,Animal,NoahSills,1,Rattus rattus,40:00.2
MC-4,11/02/2025,08/05/2025,Ceymour,None,MC4_00009,45724.77778,Animal,NoahSills,1,Rattus rattus,40:00.2
MC-21,12/02/2025,08/05/2025,Ceymour,None,MC21_00065,45724.73403,Animal,NoahSills,1,Dasyprocta leporina,37:00.2
MC-21,12/02/2025,08/05/2025,Ceymour,None,MC21_00064,45724.71528,Animal,NoahSills,1,Dasyprocta leporina,10:00.2
MC-21,12/02/2025,08/05/2025,Ceymour,None,MC21_00063,45724.7125,Animal,NoahSills,1,Dasyprocta leporina,08/03/2025 13:06
MC-21,12/02/2025,08/05/2025,Ceymour,None,MC21_00062,45724.68819,Animal,NoahSills,1,Dasyprocta leporina,30:59.6
MC-2,11/02/2025,08/05/2025,Ceymour,None,MC2_00292,45724.48472,Animal,NoahSills,35,Bubulcus ibis ibis,37:59.8
MC-2,11/02/2025,08/05/2025,Ceymour,None,MC2_00292,45724.48472,Animal,NoahSills,35,Bubulcus ibis ibis,37:59.8
MC-12,11/02/2025,08/05/2025,Ceymour,None,MC12_00032,45724.46875,Animal,NoahSills,1,Tupinambis teguixin,08/03/2025 7:15
MC-21,12/02/2025,08/05/2025,Ceymour,None,MC21_00061,45724.41736,Animal,NoahSills,1,Dasyprocta leporina,00:59.9
MC-21,12/02/2025,08/05/2025,Ceymour,None,MC21_00060,45724.27569,Animal,NoahSills,1,Dasyprocta leporina,36:59.6
MC-12,11/02/2025,08/05/2025,Ceymour,None,MC12_00031,45723.90347,Animal,NoahSills,1,Nyctidromus albicollis,40:59.8
MC-21,12/02/2025,08/05/2025,Ceymour,None,MC21_00059,45723.71458,Animal,NoahSills,1,Dasyprocta leporina,08:59.7
MC-2,11/02/2025,08/05/2025,Ceymour,None,MC2_00291,45723.63611,Animal,NoahSills,17,Bubulcus ibis ibis,15:59.9
MC-2,11/02/2025,08/05/2025,Ceymour,None,MC2_00291,45723.63611,Animal,NoahSills,17,Bubulcus ibis ibis,15:59.9
MC-2,11/02/2025,08/05/2025,Ceymour,None,MC2_00290,45723.58125,Animal,NoahSills,7,Bubulcus ibis ibis,07/03/2025 9:57
MC-2,11/02/2025,08/05/2025,Ceymour,None,MC2_00290,45723.58125,Animal,NoahSills,7,Bubulcus ibis ibis,07/03/2025 9:57
MC-2,11/02/2025,08/05/2025,Ceymour,None,MC2_00289,45723.58056,Animal,NoahSills,7,Bubulcus ibis ibis,56:00.4
MC-2,11/02/2025,08/05/2025,Ceymour,None,MC2_00289,45723.58056,Animal,NoahSills,7,Bubulcus ibis ibis,56:00.4
MC-2,11/02/2025,08/05/2025,Ceymour,None,MC2_00288,45723.57917,Animal,NoahSills,7,Bubulcus ibis ibis,54:00.3
MC-2,11/02/2025,08/05/2025,Ceymour,None,MC2_00288,45723.57917,Animal,NoahSills,7,Bubulcus ibis ibis,54:00.3
MC-2,11/02/2025,08/05/2025,Ceymour,None,MC2_00287,45723.57153,Animal,NoahSills,7,Bubulcus ibis ibis,43:00.2
MC-2,11/02/2025,08/05/2025,Ceymour,None,MC2_00287,45723.57153,Animal,NoahSills,7,Bubulcus ibis ibis,43:00.2
MC-2,11/02/2025,08/05/2025,Ceymour,None,MC2_00286,45723.56944,Animal,NoahSills,10,Bubulcus ibis ibis,39:59.6
MC-2,11/02/2025,08/05/2025,Ceymour,None,MC2_00286,45723.56944,Animal,NoahSills,10,Bubulcus ibis ibis,39:59.6
MC-2,11/02/2025,08/05/2025,Ceymour,None,MC2_00285,45723.56667,Animal,NoahSills,8,Bubulcus ibis ibis,36:00.3
MC-2,11/02/2025,08/05/2025,Ceymour,None,MC2_00285,45723.56667,Animal,NoahSills,8,Bubulcus ibis ibis,36:00.3
MC-2,11/02/2025,08/05/2025,Ceymour,None,MC2_00284,45723.56458,Animal,NoahSills,7,Bubulcus ibis ibis,32:59.7
MC-2,11/02/2025,08/05/2025,Ceymour,None,MC2_00284,45723.56458,Animal,NoahSills,7,Bubulcus ibis ibis,32:59.7
MC-2,11/02/2025,08/05/2025,Ceymour,None,MC2_00283,45723.54931,Animal,NoahSills,6,Bubulcus ibis ibis,11:00.4
MC-2,11/02/2025,08/05/2025,Ceymour,None,MC2_00283,45723.54931,Animal,NoahSills,6,Bubulcus ibis ibis,11:00.4
MC-2,11/02/2025,08/05/2025,Ceymour,None,MC2_00282,45723.45833,Animal,NoahSills,9,Bubulcus ibis ibis,59:59.7
MC-2,11/02/2025,08/05/2025,Ceymour,None,MC2_00282,45723.45833,Animal,NoahSills,9,Bubulcus ibis ibis,59:59.7
MC-12,11/02/2025,08/05/2025,Ceymour,None,MC12_00030,45723.30694,Animal,NoahSills,1,Dasyprocta leporina,21:59.6
MC-12,11/02/2025,08/05/2025,Ceymour,None,MC12_00029,45723.24028,Animal,NoahSills,1,Nyctidromus albicollis,46:00.2
MC-12,11/02/2025,08/05/2025,Ceymour,None,MC12_00028,45723.18194,Animal,NoahSills,1,Proechimys guyannensis,21:59.6
MC-13,11/02/2025,08/05/2025,Ceymour,None,M13_00007,45722.90347,Animal,NoahSills,1,Cuniculus paca,40:59.8
MC-12,11/02/2025,08/05/2025,Ceymour,None,MC12_00027,45722.88958,Animal,NoahSills,2,Nyctidromus albicollis,20:59.7
MC-2,11/02/2025,08/05/2025,Ceymour,None,MC2_00281,45722.72986,Animal,NoahSills,1,Egretta caerulea,30:59.9
MC-2,11/02/2025,08/05/2025,Ceymour,None,MC2_00281,45722.72986,Animal,NoahSills,1,Egretta caerulea,30:59.9
MC-2,11/02/2025,08/05/2025,Ceymour,None,MC2_00281,45722.72986,Animal,NoahSills,27,Bubulcus ibis ibis,30:59.9
MC-2,11/02/2025,08/05/2025,Ceymour,None,MC2_00281,45722.72986,Animal,NoahSills,27,Bubulcus ibis ibis,30:59.9
MC-12,11/02/2025,08/05/2025,Ceymour,None,MC12_00026,45722.71736,Animal,NoahSills,1,Leptotila rufaxilla,12:59.9
MC-2,11/02/2025,08/05/2025,Ceymour,None,MC2_00280,45722.71597,Animal,NoahSills,1,Egretta caerulea,10:59.8
MC-2,11/02/2025,08/05/2025,Ceymour,None,MC2_00280,45722.71597,Animal,NoahSills,1,Egretta caerulea,10:59.8
MC-2,11/02/2025,08/05/2025,Ceymour,None,MC2_00280,45722.71597,Animal,NoahSills,22,Bubulcus ibis ibis,10:59.8
MC-2,11/02/2025,08/05/2025,Ceymour,None,MC2_00280,45722.71597,Animal,NoahSills,22,Bubulcus ibis ibis,10:59.8
MC-2,11/02/2025,08/05/2025,Ceymour,None,MC2_00279,45722.70486,Animal,NoahSills,30,Bubulcus ibis ibis,54:59.9
MC-2,11/02/2025,08/05/2025,Ceymour,None,MC2_00279,45722.70486,Animal,NoahSills,30,Bubulcus ibis ibis,54:59.9
MC-2,11/02/2025,08/05/2025,Ceymour,None,MC2_00278,45722.70347,Animal,NoahSills,25,Bubulcus ibis ibis,52:59.8
MC-2,11/02/2025,08/05/2025,Ceymour,None,MC2_00278,45722.70347,Animal,NoahSills,25,Bubulcus ibis ibis,52:59.8
MC-2,11/02/2025,08/05/2025,Ceymour,None,MC2_00277,45722.70278,Animal,NoahSills,26,Bubulcus ibis ibis,52:00.2
MC-2,11/02/2025,08/05/2025,Ceymour,None,MC2_00277,45722.70278,Animal,NoahSills,26,Bubulcus ibis ibis,52:00.2
MC-2,11/02/2025,08/05/2025,Ceymour,None,MC2_00276,45722.70139,Animal,NoahSills,28,Bubulcus ibis ibis,50:00.1
MC-2,11/02/2025,08/05/2025,Ceymour,None,MC2_00276,45722.70139,Animal,NoahSills,28,Bubulcus ibis ibis,50:00.1
MC-2,11/02/2025,08/05/2025,Ceymour,None,MC2_00275,45722.69792,Animal,NoahSills,30,Bubulcus ibis ibis,45:00.3
MC-2,11/02/2025,08/05/2025,Ceymour,None,MC2_00275,45722.69792,Animal,NoahSills,30,Bubulcus ibis ibis,45:00.3
MC-2,11/02/2025,08/05/2025,Ceymour,None,MC2_00274,45722.69583,Animal,NoahSills,22,Bubulcus ibis ibis,41:59.7
MC-2,11/02/2025,08/05/2025,Ceymour,None,MC2_00274,45722.69583,Animal,NoahSills,22,Bubulcus ibis ibis,41:59.7
MC-2,11/02/2025,08/05/2025,Ceymour,None,MC2_00273,45722.69097,Animal,NoahSills,32,Bubulcus ibis ibis,34:59.8
MC-2,11/02/2025,08/05/2025,Ceymour,None,MC2_00273,45722.69097,Animal,NoahSills,32,Bubulcus ibis ibis,34:59.8
MC-2,11/02/2025,08/05/2025,Ceymour,None,MC2_00272,45722.67153,Animal,NoahSills,28,Bubulcus ibis ibis,07:00.2
MC-2,11/02/2025,08/05/2025,Ceymour,None,MC2_00272,45722.67153,Animal,NoahSills,28,Bubulcus ibis ibis,07:00.2
MC-2,11/02/2025,08/05/2025,Ceymour,None,MC2_00271,45722.6625,Animal,NoahSills,30,Bubulcus ibis ibis,06/03/2025 11:54
MC-2,11/02/2025,08/05/2025,Ceymour,None,MC2_00271,45722.6625,Animal,NoahSills,30,Bubulcus ibis ibis,06/03/2025 11:54
MC-2,11/02/2025,08/05/2025,Ceymour,None,MC2_00270,45722.65625,Animal,NoahSills,31,Bubulcus ibis ibis,06/03/2025 11:45
MC-2,11/02/2025,08/05/2025,Ceymour,None,MC2_00270,45722.65625,Animal,NoahSills,31,Bubulcus ibis ibis,06/03/2025 11:45
MC-2,11/02/2025,08/05/2025,Ceymour,None,MC2_00269,45722.64931,Animal,NoahSills,26,Bubulcus ibis ibis,35:00.4
MC-2,11/02/2025,08/05/2025,Ceymour,None,MC2_00269,45722.64931,Animal,NoahSills,26,Bubulcus ibis ibis,35:00.4
MC-2,11/02/2025,08/05/2025,Ceymour,None,MC2_00268,45722.64583,Animal,NoahSills,26,Bubulcus ibis ibis,29:59.7
MC-2,11/02/2025,08/05/2025,Ceymour,None,MC2_00268,45722.64583,Animal,NoahSills,26,Bubulcus ibis ibis,29:59.7
MC-2,11/02/2025,08/05/2025,Ceymour,None,MC2_00267,45722.64375,Animal,NoahSills,23,Bubulcus ibis ibis,06/03/2025 11:27
MC-2,11/02/2025,08/05/2025,Ceymour,None,MC2_00267,45722.64375,Animal,NoahSills,23,Bubulcus ibis ibis,06/03/2025 11:27
MC-2,11/02/2025,08/05/2025,Ceymour,None,MC2_00266,45722.64097,Animal,NoahSills,23,Bubulcus ibis ibis,22:59.8
MC-2,11/02/2025,08/05/2025,Ceymour,None,MC2_00266,45722.64097,Animal,NoahSills,23,Bubulcus ibis ibis,22:59.8
MC-2,11/02/2025,08/05/2025,Ceymour,None,MC2_00265,45722.63681,Animal,NoahSills,24,Bubulcus ibis ibis,17:00.4
MC-2,11/02/2025,08/05/2025,Ceymour,None,MC2_00265,45722.63681,Animal,NoahSills,24,Bubulcus ibis ibis,17:00.4
MC-2,11/02/2025,08/05/2025,Ceymour,None,MC2_00264,45722.63542,Animal,NoahSills,22,Bubulcus ibis ibis,15:00.3
MC-2,11/02/2025,08/05/2025,Ceymour,None,MC2_00264,45722.63542,Animal,NoahSills,22,Bubulcus ibis ibis,15:00.3
MC-2,11/02/2025,08/05/2025,Ceymour,None,MC2_00263,45722.62986,Animal,NoahSills,21,Bubulcus ibis ibis,06:59.9
MC-2,11/02/2025,08/05/2025,Ceymour,None,MC2_00263,45722.62986,Animal,NoahSills,21,Bubulcus ibis ibis,06:59.9
MC-2,11/02/2025,08/05/2025,Ceymour,None,MC2_00262,45722.62917,Animal,NoahSills,21,Bubulcus ibis ibis,06:00.3
MC-2,11/02/2025,08/05/2025,Ceymour,None,MC2_00262,45722.62917,Animal,NoahSills,21,Bubulcus ibis ibis,06:00.3
MC-2,11/02/2025,08/05/2025,Ceymour,None,MC2_00261,45722.62639,Animal,NoahSills,21,Bubulcus ibis ibis,02:00.1
MC-2,11/02/2025,08/05/2025,Ceymour,None,MC2_00261,45722.62639,Animal,NoahSills,21,Bubulcus ibis ibis,02:00.1
MC-2,11/02/2025,08/05/2025,Ceymour,None,MC2_00260,45722.62222,Animal,NoahSills,17,Bubulcus ibis ibis,55:59.8
MC-2,11/02/2025,08/05/2025,Ceymour,None,MC2_00260,45722.62222,Animal,NoahSills,17,Bubulcus ibis ibis,55:59.8
MC-2,11/02/2025,08/05/2025,Ceymour,None,MC2_00259,45722.61806,Animal,NoahSills,18,Bubulcus ibis ibis,50:00.4
MC-2,11/02/2025,08/05/2025,Ceymour,None,MC2_00259,45722.61806,Animal,NoahSills,18,Bubulcus ibis ibis,50:00.4
MC-2,11/02/2025,08/05/2025,Ceymour,None,MC2_00258,45722.61736,Animal,NoahSills,18,Bubulcus ibis ibis,48:59.9
MC-2,11/02/2025,08/05/2025,Ceymour,None,MC2_00258,45722.61736,Animal,NoahSills,18,Bubulcus ibis ibis,48:59.9
MC-2,11/02/2025,08/05/2025,Ceymour,None,MC2_00257,45722.61667,Animal,NoahSills,19,Bubulcus ibis ibis,48:00.3
MC-2,11/02/2025,08/05/2025,Ceymour,None,MC2_00257,45722.61667,Animal,NoahSills,19,Bubulcus ibis ibis,48:00.3
MC-2,11/02/2025,08/05/2025,Ceymour,None,MC2_00256,45722.61458,Animal,NoahSills,19,Bubulcus ibis ibis,44:59.7
MC-2,11/02/2025,08/05/2025,Ceymour,None,MC2_00256,45722.61458,Animal,NoahSills,19,Bubulcus ibis ibis,44:59.7
MC-2,11/02/2025,08/05/2025,Ceymour,None,MC2_00255,45722.6125,Animal,NoahSills,18,Bubulcus ibis ibis,06/03/2025 10:42
MC-2,11/02/2025,08/05/2025,Ceymour,None,MC2_00255,45722.6125,Animal,NoahSills,18,Bubulcus ibis ibis,06/03/2025 10:42
MC-2,11/02/2025,08/05/2025,Ceymour,None,MC2_00254,45722.61111,Animal,NoahSills,18,Bubulcus ibis ibis,39:59.9
MC-2,11/02/2025,08/05/2025,Ceymour,None,MC2_00254,45722.61111,Animal,NoahSills,18,Bubulcus ibis ibis,39:59.9
MC-2,11/02/2025,08/05/2025,Ceymour,None,MC2_00253,45722.60694,Animal,NoahSills,18,Bubulcus ibis ibis,33:59.6
MC-2,11/02/2025,08/05/2025,Ceymour,None,MC2_00253,45722.60694,Animal,NoahSills,18,Bubulcus ibis ibis,33:59.6
MC-2,11/02/2025,08/05/2025,Ceymour,None,MC2_00252,45722.60486,Animal,NoahSills,19,Bubulcus ibis ibis,30:59.9
MC-2,11/02/2025,08/05/2025,Ceymour,None,MC2_00252,45722.60486,Animal,NoahSills,19,Bubulcus ibis ibis,30:59.9
MC-2,11/02/2025,08/05/2025,Ceymour,None,MC2_00251,45722.60417,Animal,NoahSills,19,Bubulcus ibis ibis,30:00.3
MC-2,11/02/2025,08/05/2025,Ceymour,None,MC2_00251,45722.60417,Animal,NoahSills,19,Bubulcus ibis ibis,30:00.3
MC-2,11/02/2025,08/05/2025,Ceymour,None,MC2_00250,45722.60278,Animal,NoahSills,14,Bubulcus ibis ibis,28:00.2
MC-2,11/02/2025,08/05/2025,Ceymour,None,MC2_00250,45722.60278,Animal,NoahSills,14,Bubulcus ibis ibis,28:00.2
MC-2,11/02/2025,08/05/2025,Ceymour,None,MC2_00249,45722.59931,Animal,NoahSills,10,Bubulcus ibis ibis,23:00.4
MC-2,11/02/2025,08/05/2025,Ceymour,None,MC2_00249,45722.59931,Animal,NoahSills,10,Bubulcus ibis ibis,23:00.4
MC-2,11/02/2025,08/05/2025,Ceymour,None,MC2_00248,45722.59861,Animal,NoahSills,10,Bubulcus ibis ibis,21:59.9
MC-2,11/02/2025,08/05/2025,Ceymour,None,MC2_00248,45722.59861,Animal,NoahSills,10,Bubulcus ibis ibis,21:59.9
MC-2,11/02/2025,08/05/2025,Ceymour,None,MC2_00247,45722.59653,Animal,NoahSills,10,Bubulcus ibis ibis,19:00.2
MC-2,11/02/2025,08/05/2025,Ceymour,None,MC2_00247,45722.59653,Animal,NoahSills,10,Bubulcus ibis ibis,19:00.2
MC-2,11/02/2025,08/05/2025,Ceymour,None,MC2_00246,45722.59514,Animal,NoahSills,6,Bubulcus ibis ibis,17:00.1
MC-2,11/02/2025,08/05/2025,Ceymour,None,MC2_00246,45722.59514,Animal,NoahSills,6,Bubulcus ibis ibis,17:00.1
MC-2,11/02/2025,08/05/2025,Ceymour,None,MC2_00245,45722.59444,Animal,NoahSills,5,Bubulcus ibis ibis,15:59.6
MC-2,11/02/2025,08/05/2025,Ceymour,None,MC2_00245,45722.59444,Animal,NoahSills,5,Bubulcus ibis ibis,15:59.6
MC-2,11/02/2025,08/05/2025,Ceymour,None,MC2_00244,45722.59028,Animal,NoahSills,7,Bubulcus ibis ibis,10:00.2
MC-2,11/02/2025,08/05/2025,Ceymour,None,MC2_00244,45722.59028,Animal,NoahSills,7,Bubulcus ibis ibis,10:00.2
MC-2,11/02/2025,08/05/2025,Ceymour,None,MC2_00243,45722.58958,Animal,NoahSills,6,Bubulcus ibis ibis,08:59.7
MC-2,11/02/2025,08/05/2025,Ceymour,None,MC2_00243,45722.58958,Animal,NoahSills,6,Bubulcus ibis ibis,08:59.7
MC-2,11/02/2025,08/05/2025,Ceymour,None,MC2_00242,45722.58819,Animal,NoahSills,6,Bubulcus ibis ibis,06:59.6
MC-2,11/02/2025,08/05/2025,Ceymour,None,MC2_00242,45722.58819,Animal,NoahSills,6,Bubulcus ibis ibis,06:59.6
MC-2,11/02/2025,08/05/2025,Ceymour,None,MC2_00241,45722.55486,Animal,NoahSills,9,Bubulcus ibis ibis,18:59.9
MC-2,11/02/2025,08/05/2025,Ceymour,None,MC2_00241,45722.55486,Animal,NoahSills,9,Bubulcus ibis ibis,18:59.9
MC-2,11/02/2025,08/05/2025,Ceymour,None,MC2_00240,45722.55417,Animal,NoahSills,9,Bubulcus ibis ibis,18:00.3
MC-2,11/02/2025,08/05/2025,Ceymour,None,MC2_00240,45722.55417,Animal,NoahSills,9,Bubulcus ibis ibis,18:00.3
MC-2,11/02/2025,08/05/2025,Ceymour,None,MC2_00239,45722.55069,Animal,NoahSills,4,Bubulcus ibis ibis,12:59.6
MC-2,11/02/2025,08/05/2025,Ceymour,None,MC2_00239,45722.55069,Animal,NoahSills,4,Bubulcus ibis ibis,12:59.6
MC-2,11/02/2025,08/05/2025,Ceymour,None,MC2_00238,45722.55,Animal,NoahSills,4,Bubulcus ibis ibis,06/03/2025 9:12
MC-2,11/02/2025,08/05/2025,Ceymour,None,MC2_00238,45722.55,Animal,NoahSills,4,Bubulcus ibis ibis,06/03/2025 9:12
MC-2,11/02/2025,08/05/2025,Ceymour,None,MC2_00237,45722.54861,Animal,NoahSills,5,Bubulcus ibis ibis,09:59.9
MC-2,11/02/2025,08/05/2025,Ceymour,None,MC2_00237,45722.54861,Animal,NoahSills,5,Bubulcus ibis ibis,09:59.9
MC-2,11/02/2025,08/05/2025,Ceymour,None,MC2_00236,45722.54792,Animal,NoahSills,5,Bubulcus ibis ibis,09:00.3
MC-2,11/02/2025,08/05/2025,Ceymour,None,MC2_00236,45722.54792,Animal,NoahSills,5,Bubulcus ibis ibis,09:00.3
MC-2,11/02/2025,08/05/2025,Ceymour,None,MC2_00235,45722.54722,Animal,NoahSills,6,Bubulcus ibis ibis,07:59.8
MC-2,11/02/2025,08/05/2025,Ceymour,None,MC2_00235,45722.54722,Animal,NoahSills,6,Bubulcus ibis ibis,07:59.8
MC-2,11/02/2025,08/05/2025,Ceymour,None,MC2_00234,45722.54653,Animal,NoahSills,6,Bubulcus ibis ibis,07:00.2
MC-2,11/02/2025,08/05/2025,Ceymour,None,MC2_00234,45722.54653,Animal,NoahSills,6,Bubulcus ibis ibis,07:00.2
MC-2,11/02/2025,08/05/2025,Ceymour,None,MC2_00233,45722.54583,Animal,NoahSills,4,Bubulcus ibis ibis,05:59.7
MC-2,11/02/2025,08/05/2025,Ceymour,None,MC2_00233,45722.54583,Animal,NoahSills,4,Bubulcus ibis ibis,05:59.7
MC-2,11/02/2025,08/05/2025,Ceymour,None,MC2_00232,45722.54514,Animal,NoahSills,7,Bubulcus ibis ibis,05:00.1
MC-2,11/02/2025,08/05/2025,Ceymour,None,MC2_00232,45722.54514,Animal,NoahSills,7,Bubulcus ibis ibis,05:00.1
MC-2,11/02/2025,08/05/2025,Ceymour,None,MC2_00231,45722.54097,Animal,NoahSills,7,Bubulcus ibis ibis,58:59.8
MC-2,11/02/2025,08/05/2025,Ceymour,None,MC2_00231,45722.54097,Animal,NoahSills,7,Bubulcus ibis ibis,58:59.8
MC-2,11/02/2025,08/05/2025,Ceymour,None,MC2_00230,45722.51875,Animal,NoahSills,7,Bubulcus ibis ibis,06/03/2025 8:27
MC-2,11/02/2025,08/05/2025,Ceymour,None,MC2_00230,45722.51875,Animal,NoahSills,7,Bubulcus ibis ibis,06/03/2025 8:27
MC-2,11/02/2025,08/05/2025,Ceymour,None,MC2_00229,45722.51736,Animal,NoahSills,7,Bubulcus ibis ibis,24:59.9
MC-2,11/02/2025,08/05/2025,Ceymour,None,MC2_00229,45722.51736,Animal,NoahSills,7,Bubulcus ibis ibis,24:59.9
MC-2,11/02/2025,08/05/2025,Ceymour,None,MC2_00228,45722.51667,Animal,NoahSills,8,Bubulcus ibis ibis,24:00.3
MC-2,11/02/2025,08/05/2025,Ceymour,None,MC2_00228,45722.51667,Animal,NoahSills,8,Bubulcus ibis ibis,24:00.3
MC-2,11/02/2025,08/05/2025,Ceymour,None,MC2_00227,45722.51597,Animal,NoahSills,8,Bubulcus ibis ibis,22:59.8
MC-2,11/02/2025,08/05/2025,Ceymour,None,MC2_00227,45722.51597,Animal,NoahSills,8,Bubulcus ibis ibis,22:59.8
MC-2,11/02/2025,08/05/2025,Ceymour,None,MC2_00226,45722.50972,Animal,NoahSills,12,Bubulcus ibis ibis,13:59.8
MC-2,11/02/2025,08/05/2025,Ceymour,None,MC2_00226,45722.50972,Animal,NoahSills,12,Bubulcus ibis ibis,13:59.8
MC-2,11/02/2025,08/05/2025,Ceymour,None,MC2_00225,45722.50903,Animal,NoahSills,12,Bubulcus ibis ibis,13:00.2
MC-2,11/02/2025,08/05/2025,Ceymour,None,MC2_00225,45722.50903,Animal,NoahSills,12,Bubulcus ibis ibis,13:00.2
MC-2,11/02/2025,08/05/2025,Ceymour,None,MC2_00224,45722.5,Animal,NoahSills,13,Bubulcus ibis ibis,06/03/2025 8:00
MC-2,11/02/2025,08/05/2025,Ceymour,None,MC2_00224,45722.5,Animal,NoahSills,13,Bubulcus ibis ibis,06/03/2025 8:00
MC-2,11/02/2025,08/05/2025,Ceymour,None,MC2_00223,45722.49653,Animal,NoahSills,10,Bubulcus ibis ibis,55:00.2
MC-2,11/02/2025,08/05/2025,Ceymour,None,MC2_00223,45722.49653,Animal,NoahSills,10,Bubulcus ibis ibis,55:00.2
MC-2,11/02/2025,08/05/2025,Ceymour,None,MC2_00222,45722.49514,Animal,NoahSills,10,Bubulcus ibis ibis,53:00.1
MC-2,11/02/2025,08/05/2025,Ceymour,None,MC2_00222,45722.49514,Animal,NoahSills,10,Bubulcus ibis ibis,53:00.1
MC-2,11/02/2025,08/05/2025,Ceymour,None,MC2_00221,45722.4875,Animal,NoahSills,8,Bubulcus ibis ibis,06/03/2025 7:42
MC-2,11/02/2025,08/05/2025,Ceymour,None,MC2_00221,45722.4875,Animal,NoahSills,8,Bubulcus ibis ibis,06/03/2025 7:42
MC-2,11/02/2025,08/05/2025,Ceymour,None,MC2_00220,45722.47222,Animal,NoahSills,5,Bubulcus ibis ibis,19:59.8
MC-2,11/02/2025,08/05/2025,Ceymour,None,MC2_00220,45722.47222,Animal,NoahSills,5,Bubulcus ibis ibis,19:59.8
MC-2,11/02/2025,08/05/2025,Ceymour,None,MC2_00219,45722.41597,Animal,NoahSills,7,Bubulcus ibis ibis,58:59.8
MC-2,11/02/2025,08/05/2025,Ceymour,None,MC2_00219,45722.41597,Animal,NoahSills,7,Bubulcus ibis ibis,58:59.8
MC-8,11/02/2025,08/05/2025,Ceymour,None,MC8_00016,45722.32986,Animal,NoahSills,1,Pteronura brasiliensis,54:59.9
MC-8,11/02/2025,08/05/2025,Ceymour,None,MC8_00016,45722.32986,Animal,NoahSills,1,Pteronura brasiliensis,54:59.9
MC-21,12/02/2025,08/05/2025,Ceymour,None,MC21_00058,45722.28403,Animal,NoahSills,1,Dasyprocta leporina,49:00.2
MC-21,12/02/2025,08/05/2025,Ceymour,None,MC21_00057,45722.28194,Animal,NoahSills,1,Dasyprocta leporina,45:59.6
MC-21,12/02/2025,08/05/2025,Ceymour,None,MC21_00056,45722.26389,Animal,NoahSills,1,Dasyprocta leporina,20:00.1
MC-2,11/02/2025,08/05/2025,Ceymour,None,MC2_00218,45722.25417,Animal,NoahSills,1,Opisthocomus hoazin,06:00.3
MC-2,11/02/2025,08/05/2025,Ceymour,None,MC2_00218,45722.25417,Animal,NoahSills,1,Opisthocomus hoazin,06:00.3
MC-2,11/02/2025,08/05/2025,Ceymour,None,MC2_00217,45722.24931,Animal,NoahSills,3,Opisthocomus hoazin,59:00.4
MC-2,11/02/2025,08/05/2025,Ceymour,None,MC2_00217,45722.24931,Animal,NoahSills,3,Opisthocomus hoazin,59:00.4
MC-12,11/02/2025,08/05/2025,Ceymour,None,MC12_00025,45722.23542,Animal,NoahSills,1,Nyctidromus albicollis,39:00.3
MC-12,11/02/2025,08/05/2025,Ceymour,None,MC12_00024,45721.97014,Animal,NoahSills,1,Nyctidromus albicollis,17:00.1
MC-12,11/02/2025,08/05/2025,Ceymour,None,MC12_00023,45721.95417,Animal,NoahSills,1,Nyctidromus albicollis,54:00.3
MC-18,12/02/2025,08/05/2025,Ceymour,None,MC18_00019,45721.65764,Animal,NoahSills,1,Dasyprocta leporina,47:00.1
MC-2,11/02/2025,08/05/2025,Ceymour,None,MC2_00216,45721.58889,Animal,NoahSills,6,Bubulcus ibis ibis,08:00.1
MC-2,11/02/2025,08/05/2025,Ceymour,None,MC2_00216,45721.58889,Animal,NoahSills,6,Bubulcus ibis ibis,08:00.1
MC-2,11/02/2025,08/05/2025,Ceymour,None,MC2_00215,45721.58681,Animal,NoahSills,8,Bubulcus ibis ibis,05:00.4
MC-2,11/02/2025,08/05/2025,Ceymour,None,MC2_00215,45721.58681,Animal,NoahSills,8,Bubulcus ibis ibis,05:00.4
MC-2,11/02/2025,08/05/2025,Ceymour,None,MC2_00214,45721.58542,Animal,NoahSills,8,Bubulcus ibis ibis,03:00.3
MC-2,11/02/2025,08/05/2025,Ceymour,None,MC2_00214,45721.58542,Animal,NoahSills,8,Bubulcus ibis ibis,03:00.3
MC-2,11/02/2025,08/05/2025,Ceymour,None,MC2_00213,45721.58403,Animal,NoahSills,8,Bubulcus ibis ibis,01:00.2
MC-2,11/02/2025,08/05/2025,Ceymour,None,MC2_00213,45721.58403,Animal,NoahSills,8,Bubulcus ibis ibis,01:00.2
MC-2,11/02/2025,08/05/2025,Ceymour,None,MC2_00212,45721.55764,Animal,NoahSills,11,Bubulcus ibis ibis,23:00.1
MC-2,11/02/2025,08/05/2025,Ceymour,None,MC2_00212,45721.55764,Animal,NoahSills,11,Bubulcus ibis ibis,23:00.1
MC-2,11/02/2025,08/05/2025,Ceymour,None,MC2_00211,45721.55486,Animal,NoahSills,14,Bubulcus ibis ibis,18:59.9
MC-2,11/02/2025,08/05/2025,Ceymour,None,MC2_00211,45721.55486,Animal,NoahSills,14,Bubulcus ibis ibis,18:59.9
MC-2,11/02/2025,08/05/2025,Ceymour,None,MC2_00210,45721.54792,Animal,NoahSills,20,Bubulcus ibis ibis,09:00.3
MC-2,11/02/2025,08/05/2025,Ceymour,None,MC2_00210,45721.54792,Animal,NoahSills,20,Bubulcus ibis ibis,09:00.3
MC-2,11/02/2025,08/05/2025,Ceymour,None,MC2_00209,45721.54722,Animal,NoahSills,20,Bubulcus ibis ibis,07:59.8
MC-2,11/02/2025,08/05/2025,Ceymour,None,MC2_00209,45721.54722,Animal,NoahSills,20,Bubulcus ibis ibis,07:59.8
MC-2,11/02/2025,08/05/2025,Ceymour,None,MC2_00208,45721.54653,Animal,NoahSills,20,Bubulcus ibis ibis,07:00.2
MC-2,11/02/2025,08/05/2025,Ceymour,None,MC2_00208,45721.54653,Animal,NoahSills,20,Bubulcus ibis ibis,07:00.2
MC-2,11/02/2025,08/05/2025,Ceymour,None,MC2_00207,45721.54583,Animal,NoahSills,20,Bubulcus ibis ibis,05:59.7
MC-2,11/02/2025,08/05/2025,Ceymour,None,MC2_00207,45721.54583,Animal,NoahSills,20,Bubulcus ibis ibis,05:59.7
MC-2,11/02/2025,08/05/2025,Ceymour,None,MC2_00206,45721.54514,Animal,NoahSills,20,Bubulcus ibis ibis,05:00.1
MC-2,11/02/2025,08/05/2025,Ceymour,None,MC2_00206,45721.54514,Animal,NoahSills,20,Bubulcus ibis ibis,05:00.1
MC-2,11/02/2025,08/05/2025,Ceymour,None,MC2_00205,45721.54444,Animal,NoahSills,20,Bubulcus ibis ibis,03:59.6
MC-2,11/02/2025,08/05/2025,Ceymour,None,MC2_00205,45721.54444,Animal,NoahSills,20,Bubulcus ibis ibis,03:59.6
MC-2,11/02/2025,08/05/2025,Ceymour,None,MC2_00204,45721.54375,Animal,NoahSills,20,Bubulcus ibis ibis,45721.37708
MC-2,11/02/2025,08/05/2025,Ceymour,None,MC2_00204,45721.54375,Animal,NoahSills,20,Bubulcus ibis ibis,45721.37708
MC-2,11/02/2025,08/05/2025,Ceymour,None,MC2_00203,45721.54167,Animal,NoahSills,22,Bubulcus ibis ibis,00:00.3
MC-2,11/02/2025,08/05/2025,Ceymour,None,MC2_00203,45721.54167,Animal,NoahSills,22,Bubulcus ibis ibis,00:00.3
MC-2,11/02/2025,08/05/2025,Ceymour,None,MC2_00202,45721.54097,Animal,NoahSills,22,Bubulcus ibis ibis,58:59.8
MC-2,11/02/2025,08/05/2025,Ceymour,None,MC2_00202,45721.54097,Animal,NoahSills,22,Bubulcus ibis ibis,58:59.8
MC-2,11/02/2025,08/05/2025,Ceymour,None,MC2_00201,45721.54028,Animal,NoahSills,22,Bubulcus ibis ibis,58:00.2
MC-2,11/02/2025,08/05/2025,Ceymour,None,MC2_00201,45721.54028,Animal,NoahSills,22,Bubulcus ibis ibis,58:00.2
MC-2,11/02/2025,08/05/2025,Ceymour,None,MC2_00200,45721.53819,Animal,NoahSills,15,Bubulcus ibis ibis,54:59.6
MC-2,11/02/2025,08/05/2025,Ceymour,None,MC2_00200,45721.53819,Animal,NoahSills,15,Bubulcus ibis ibis,54:59.6
MC-2,11/02/2025,08/05/2025,Ceymour,None,MC2_00199,45721.53681,Animal,NoahSills,15,Bubulcus ibis ibis,53:00.4
MC-2,11/02/2025,08/05/2025,Ceymour,None,MC2_00199,45721.53681,Animal,NoahSills,15,Bubulcus ibis ibis,53:00.4
MC-2,11/02/2025,08/05/2025,Ceymour,None,MC2_00198,45721.53542,Animal,NoahSills,16,Bubulcus ibis ibis,51:00.3
MC-2,11/02/2025,08/05/2025,Ceymour,None,MC2_00198,45721.53542,Animal,NoahSills,16,Bubulcus ibis ibis,51:00.3
MC-2,11/02/2025,08/05/2025,Ceymour,None,MC2_00197,45721.53403,Animal,NoahSills,16,Bubulcus ibis ibis,49:00.2
MC-2,11/02/2025,08/05/2025,Ceymour,None,MC2_00197,45721.53403,Animal,NoahSills,16,Bubulcus ibis ibis,49:00.2
MC-2,11/02/2025,08/05/2025,Ceymour,None,MC2_00196,45721.53333,Animal,NoahSills,16,Bubulcus ibis ibis,47:59.7
MC-2,11/02/2025,08/05/2025,Ceymour,None,MC2_00196,45721.53333,Animal,NoahSills,16,Bubulcus ibis ibis,47:59.7
MC-2,11/02/2025,08/05/2025,Ceymour,None,MC2_00195,45721.53125,Animal,NoahSills,16,Bubulcus ibis ibis,05/03/2025 8:45
MC-2,11/02/2025,08/05/2025,Ceymour,None,MC2_00195,45721.53125,Animal,NoahSills,16,Bubulcus ibis ibis,05/03/2025 8:45
MC-2,11/02/2025,08/05/2025,Ceymour,None,MC2_00194,45721.52986,Animal,NoahSills,16,Bubulcus ibis ibis,42:59.9
MC-2,11/02/2025,08/05/2025,Ceymour,None,MC2_00194,45721.52986,Animal,NoahSills,16,Bubulcus ibis ibis,42:59.9
MC-2,11/02/2025,08/05/2025,Ceymour,None,MC2_00193,45721.52917,Animal,NoahSills,16,Bubulcus ibis ibis,42:00.3
MC-2,11/02/2025,08/05/2025,Ceymour,None,MC2_00193,45721.52917,Animal,NoahSills,16,Bubulcus ibis ibis,42:00.3
MC-2,11/02/2025,08/05/2025,Ceymour,None,MC2_00192,45721.52847,Animal,NoahSills,16,Bubulcus ibis ibis,40:59.8
MC-2,11/02/2025,08/05/2025,Ceymour,None,MC2_00192,45721.52847,Animal,NoahSills,16,Bubulcus ibis ibis,40:59.8
MC-2,11/02/2025,08/05/2025,Ceymour,None,MC2_00191,45721.52708,Animal,NoahSills,16,Bubulcus ibis ibis,38:59.7
MC-2,11/02/2025,08/05/2025,Ceymour,None,MC2_00191,45721.52708,Animal,NoahSills,16,Bubulcus ibis ibis,38:59.7
MC-2,11/02/2025,08/05/2025,Ceymour,None,MC2_00190,45721.52083,Animal,NoahSills,16,Bubulcus ibis ibis,29:59.7
MC-2,11/02/2025,08/05/2025,Ceymour,None,MC2_00190,45721.52083,Animal,NoahSills,16,Bubulcus ibis ibis,29:59.7
MC-2,11/02/2025,08/05/2025,Ceymour,None,MC2_00189,45721.51944,Animal,NoahSills,16,Bubulcus ibis ibis,27:59.6
MC-2,11/02/2025,08/05/2025,Ceymour,None,MC2_00189,45721.51944,Animal,NoahSills,16,Bubulcus ibis ibis,27:59.6
MC-2,11/02/2025,08/05/2025,Ceymour,None,MC2_00188,45721.51806,Animal,NoahSills,12,Bubulcus ibis ibis,26:00.4
MC-2,11/02/2025,08/05/2025,Ceymour,None,MC2_00188,45721.51806,Animal,NoahSills,12,Bubulcus ibis ibis,26:00.4
MC-2,11/02/2025,08/05/2025,Ceymour,None,MC2_00187,45721.51667,Animal,NoahSills,12,Bubulcus ibis ibis,24:00.3
MC-2,11/02/2025,08/05/2025,Ceymour,None,MC2_00187,45721.51667,Animal,NoahSills,12,Bubulcus ibis ibis,24:00.3
MC-2,11/02/2025,08/05/2025,Ceymour,None,MC2_00186,45721.51597,Animal,NoahSills,12,Bubulcus ibis ibis,22:59.8
MC-2,11/02/2025,08/05/2025,Ceymour,None,MC2_00186,45721.51597,Animal,NoahSills,12,Bubulcus ibis ibis,22:59.8
MC-2,11/02/2025,08/05/2025,Ceymour,None,MC2_00185,45721.51528,Animal,NoahSills,12,Bubulcus ibis ibis,22:00.2
MC-2,11/02/2025,08/05/2025,Ceymour,None,MC2_00185,45721.51528,Animal,NoahSills,12,Bubulcus ibis ibis,22:00.2
MC-2,11/02/2025,08/05/2025,Ceymour,None,MC2_00184,45721.50903,Animal,NoahSills,12,Bubulcus ibis ibis,13:00.2
MC-2,11/02/2025,08/05/2025,Ceymour,None,MC2_00184,45721.50903,Animal,NoahSills,12,Bubulcus ibis ibis,13:00.2
MC-2,11/02/2025,08/05/2025,Ceymour,None,MC2_00183,45721.50278,Animal,NoahSills,11,Bubulcus ibis ibis,04:00.2
MC-2,11/02/2025,08/05/2025,Ceymour,None,MC2_00183,45721.50278,Animal,NoahSills,11,Bubulcus ibis ibis,04:00.2
MC-2,11/02/2025,08/05/2025,Ceymour,None,MC2_00182,45721.50139,Animal,NoahSills,11,Bubulcus ibis ibis,02:00.1
MC-2,11/02/2025,08/05/2025,Ceymour,None,MC2_00182,45721.50139,Animal,NoahSills,11,Bubulcus ibis ibis,02:00.1
MC-2,11/02/2025,08/05/2025,Ceymour,None,MC2_00181,45721.49028,Animal,NoahSills,11,Bubulcus ibis ibis,46:00.2
MC-2,11/02/2025,08/05/2025,Ceymour,None,MC2_00181,45721.49028,Animal,NoahSills,11,Bubulcus ibis ibis,46:00.2
MC-2,11/02/2025,08/05/2025,Ceymour,None,MC2_00180,45721.48611,Animal,NoahSills,14,Bubulcus ibis ibis,39:59.9
MC-2,11/02/2025,08/05/2025,Ceymour,None,MC2_00180,45721.48611,Animal,NoahSills,14,Bubulcus ibis ibis,39:59.9
MC-2,11/02/2025,08/05/2025,Ceymour,None,MC2_00179,45721.48472,Animal,NoahSills,14,Bubulcus ibis ibis,37:59.8
MC-2,11/02/2025,08/05/2025,Ceymour,None,MC2_00179,45721.48472,Animal,NoahSills,14,Bubulcus ibis ibis,37:59.8
MC-2,11/02/2025,08/05/2025,Ceymour,None,MC2_00178,45721.48333,Animal,NoahSills,14,Bubulcus ibis ibis,35:59.7
MC-2,11/02/2025,08/05/2025,Ceymour,None,MC2_00178,45721.48333,Animal,NoahSills,14,Bubulcus ibis ibis,35:59.7
MC-2,11/02/2025,08/05/2025,Ceymour,None,MC2_00177,45721.48056,Animal,NoahSills,14,Bubulcus ibis ibis,32:00.4
MC-2,11/02/2025,08/05/2025,Ceymour,None,MC2_00177,45721.48056,Animal,NoahSills,14,Bubulcus ibis ibis,32:00.4
MC-2,11/02/2025,08/05/2025,Ceymour,None,MC2_00176,45721.47986,Animal,NoahSills,14,Bubulcus ibis ibis,30:59.9
MC-2,11/02/2025,08/05/2025,Ceymour,None,MC2_00176,45721.47986,Animal,NoahSills,14,Bubulcus ibis ibis,30:59.9
MC-2,11/02/2025,08/05/2025,Ceymour,None,MC2_00175,45721.47917,Animal,NoahSills,14,Bubulcus ibis ibis,30:00.3
MC-2,11/02/2025,08/05/2025,Ceymour,None,MC2_00175,45721.47917,Animal,NoahSills,14,Bubulcus ibis ibis,30:00.3
MC-2,11/02/2025,08/05/2025,Ceymour,None,MC2_00174,45721.47847,Animal,NoahSills,14,Bubulcus ibis ibis,28:59.8
MC-2,11/02/2025,08/05/2025,Ceymour,None,MC2_00174,45721.47847,Animal,NoahSills,14,Bubulcus ibis ibis,28:59.8
MC-2,11/02/2025,08/05/2025,Ceymour,None,MC2_00173,45721.47778,Animal,NoahSills,14,Bubulcus ibis ibis,28:00.2
MC-2,11/02/2025,08/05/2025,Ceymour,None,MC2_00173,45721.47778,Animal,NoahSills,14,Bubulcus ibis ibis,28:00.2
MC-2,11/02/2025,08/05/2025,Ceymour,None,MC2_00172,45721.47708,Animal,NoahSills,14,Bubulcus ibis ibis,26:59.7
MC-2,11/02/2025,08/05/2025,Ceymour,None,MC2_00172,45721.47708,Animal,NoahSills,14,Bubulcus ibis ibis,26:59.7
MC-2,11/02/2025,08/05/2025,Ceymour,None,MC2_00171,45721.47639,Animal,NoahSills,14,Bubulcus ibis ibis,26:00.1
MC-2,11/02/2025,08/05/2025,Ceymour,None,MC2_00171,45721.47639,Animal,NoahSills,14,Bubulcus ibis ibis,26:00.1
MC-2,11/02/2025,08/05/2025,Ceymour,None,MC2_00170,45721.47361,Animal,NoahSills,14,Bubulcus ibis ibis,21:59.9
MC-2,11/02/2025,08/05/2025,Ceymour,None,MC2_00170,45721.47361,Animal,NoahSills,14,Bubulcus ibis ibis,21:59.9
MC-2,11/02/2025,08/05/2025,Ceymour,None,MC2_00168,45721.47222,Animal,NoahSills,1,Egretta tricolor,19:59.8
MC-2,11/02/2025,08/05/2025,Ceymour,None,MC2_00168,45721.47222,Animal,NoahSills,1,Egretta tricolor,19:59.8
MC-2,11/02/2025,08/05/2025,Ceymour,None,MC2_00168,45721.47222,Animal,NoahSills,13,Bubulcus ibis ibis,19:59.8
MC-2,11/02/2025,08/05/2025,Ceymour,None,MC2_00168,45721.47222,Animal,NoahSills,13,Bubulcus ibis ibis,19:59.8
MC-2,11/02/2025,08/05/2025,Ceymour,None,MC2_00169,45721.47222,Animal,NoahSills,14,Bubulcus ibis ibis,19:59.8
MC-2,11/02/2025,08/05/2025,Ceymour,None,MC2_00169,45721.47222,Animal,NoahSills,14,Bubulcus ibis ibis,19:59.8
MC-2,11/02/2025,08/05/2025,Ceymour,None,MC2_00167,45721.47153,Animal,NoahSills,1,Egretta tricolor,19:00.2
MC-2,11/02/2025,08/05/2025,Ceymour,None,MC2_00167,45721.47153,Animal,NoahSills,1,Egretta tricolor,19:00.2
MC-2,11/02/2025,08/05/2025,Ceymour,None,MC2_00167,45721.47153,Animal,NoahSills,13,Bubulcus ibis ibis,19:00.2
MC-2,11/02/2025,08/05/2025,Ceymour,None,MC2_00167,45721.47153,Animal,NoahSills,13,Bubulcus ibis ibis,19:00.2
MC-2,11/02/2025,08/05/2025,Ceymour,None,MC2_00166,45721.47014,Animal,NoahSills,1,Egretta tricolor,17:00.1
MC-2,11/02/2025,08/05/2025,Ceymour,None,MC2_00166,45721.47014,Animal,NoahSills,1,Egretta tricolor,17:00.1
MC-2,11/02/2025,08/05/2025,Ceymour,None,MC2_00166,45721.47014,Animal,NoahSills,13,Bubulcus ibis ibis,17:00.1
MC-2,11/02/2025,08/05/2025,Ceymour,None,MC2_00166,45721.47014,Animal,NoahSills,13,Bubulcus ibis ibis,17:00.1
MC-2,11/02/2025,08/05/2025,Ceymour,None,MC2_00165,45721.46875,Animal,NoahSills,1,Egretta tricolor,05/03/2025 7:15
MC-2,11/02/2025,08/05/2025,Ceymour,None,MC2_00165,45721.46875,Animal,NoahSills,1,Egretta tricolor,05/03/2025 7:15
MC-2,11/02/2025,08/05/2025,Ceymour,None,MC2_00165,45721.46875,Animal,NoahSills,13,Bubulcus ibis ibis,05/03/2025 7:15
MC-2,11/02/2025,08/05/2025,Ceymour,None,MC2_00165,45721.46875,Animal,NoahSills,13,Bubulcus ibis ibis,05/03/2025 7:15
MC-2,11/02/2025,08/05/2025,Ceymour,None,MC2_00164,45721.46806,Animal,NoahSills,1,Egretta tricolor,14:00.4
MC-2,11/02/2025,08/05/2025,Ceymour,None,MC2_00164,45721.46806,Animal,NoahSills,1,Egretta tricolor,14:00.4
MC-2,11/02/2025,08/05/2025,Ceymour,None,MC2_00164,45721.46806,Animal,NoahSills,13,Bubulcus ibis ibis,14:00.4
MC-2,11/02/2025,08/05/2025,Ceymour,None,MC2_00164,45721.46806,Animal,NoahSills,13,Bubulcus ibis ibis,14:00.4
MC-2,11/02/2025,08/05/2025,Ceymour,None,MC2_00163,45721.46736,Animal,NoahSills,1,Egretta tricolor,12:59.9
MC-2,11/02/2025,08/05/2025,Ceymour,None,MC2_00163,45721.46736,Animal,NoahSills,1,Egretta tricolor,12:59.9
MC-2,11/02/2025,08/05/2025,Ceymour,None,MC2_00163,45721.46736,Animal,NoahSills,13,Bubulcus ibis ibis,12:59.9
MC-2,11/02/2025,08/05/2025,Ceymour,None,MC2_00163,45721.46736,Animal,NoahSills,13,Bubulcus ibis ibis,12:59.9
MC-2,11/02/2025,08/05/2025,Ceymour,None,MC2_00162,45721.46597,Animal,NoahSills,1,Egretta tricolor,10:59.8
MC-2,11/02/2025,08/05/2025,Ceymour,None,MC2_00162,45721.46597,Animal,NoahSills,1,Egretta tricolor,10:59.8
MC-2,11/02/2025,08/05/2025,Ceymour,None,MC2_00162,45721.46597,Animal,NoahSills,13,Bubulcus ibis ibis,10:59.8
MC-2,11/02/2025,08/05/2025,Ceymour,None,MC2_00162,45721.46597,Animal,NoahSills,13,Bubulcus ibis ibis,10:59.8
MC-2,11/02/2025,08/05/2025,Ceymour,None,MC2_00161,45721.46528,Animal,NoahSills,11,Bubulcus ibis ibis,10:00.2
MC-2,11/02/2025,08/05/2025,Ceymour,None,MC2_00161,45721.46528,Animal,NoahSills,11,Bubulcus ibis ibis,10:00.2
MC-2,11/02/2025,08/05/2025,Ceymour,None,MC2_00160,45721.46458,Animal,NoahSills,9,Bubulcus ibis ibis,08:59.7
MC-2,11/02/2025,08/05/2025,Ceymour,None,MC2_00160,45721.46458,Animal,NoahSills,9,Bubulcus ibis ibis,08:59.7
MC-2,11/02/2025,08/05/2025,Ceymour,None,MC2_00159,45721.46319,Animal,NoahSills,9,Bubulcus ibis ibis,06:59.6
MC-2,11/02/2025,08/05/2025,Ceymour,None,MC2_00159,45721.46319,Animal,NoahSills,9,Bubulcus ibis ibis,06:59.6
MC-2,11/02/2025,08/05/2025,Ceymour,None,MC2_00158,45721.4625,Animal,NoahSills,1,Egretta tricolor,05/03/2025 7:06
MC-2,11/02/2025,08/05/2025,Ceymour,None,MC2_00158,45721.4625,Animal,NoahSills,1,Egretta tricolor,05/03/2025 7:06
MC-2,11/02/2025,08/05/2025,Ceymour,None,MC2_00158,45721.4625,Animal,NoahSills,9,Bubulcus ibis ibis,05/03/2025 7:06
MC-2,11/02/2025,08/05/2025,Ceymour,None,MC2_00158,45721.4625,Animal,NoahSills,9,Bubulcus ibis ibis,05/03/2025 7:06
MC-2,11/02/2025,08/05/2025,Ceymour,None,MC2_00157,45721.46111,Animal,NoahSills,1,Egretta tricolor,03:59.9
MC-2,11/02/2025,08/05/2025,Ceymour,None,MC2_00157,45721.46111,Animal,NoahSills,1,Egretta tricolor,03:59.9
MC-2,11/02/2025,08/05/2025,Ceymour,None,MC2_00157,45721.46111,Animal,NoahSills,1,Bubulcus ibis ibis,03:59.9
MC-2,11/02/2025,08/05/2025,Ceymour,None,MC2_00157,45721.46111,Animal,NoahSills,1,Bubulcus ibis ibis,03:59.9
MC-2,11/02/2025,08/05/2025,Ceymour,None,MC2_00156,45721.45972,Animal,NoahSills,1,Egretta tricolor,01:59.8
MC-2,11/02/2025,08/05/2025,Ceymour,None,MC2_00156,45721.45972,Animal,NoahSills,1,Egretta tricolor,01:59.8
MC-2,11/02/2025,08/05/2025,Ceymour,None,MC2_00156,45721.45972,Animal,NoahSills,1,Bubulcus ibis ibis,01:59.8
MC-2,11/02/2025,08/05/2025,Ceymour,None,MC2_00156,45721.45972,Animal,NoahSills,1,Bubulcus ibis ibis,01:59.8
MC-2,11/02/2025,08/05/2025,Ceymour,None,MC2_00155,45721.45903,Animal,NoahSills,1,Egretta tricolor,01:00.2
MC-2,11/02/2025,08/05/2025,Ceymour,None,MC2_00155,45721.45903,Animal,NoahSills,1,Egretta tricolor,01:00.2
MC-2,11/02/2025,08/05/2025,Ceymour,None,MC2_00155,45721.45903,Animal,NoahSills,1,Bubulcus ibis ibis,01:00.2
MC-2,11/02/2025,08/05/2025,Ceymour,None,MC2_00155,45721.45903,Animal,NoahSills,1,Bubulcus ibis ibis,01:00.2
MC-2,11/02/2025,08/05/2025,Ceymour,None,MC2_00154,45721.45833,Animal,NoahSills,1,Egretta tricolor,59:59.7
MC-2,11/02/2025,08/05/2025,Ceymour,None,MC2_00154,45721.45833,Animal,NoahSills,1,Egretta tricolor,59:59.7
MC-2,11/02/2025,08/05/2025,Ceymour,None,MC2_00154,45721.45833,Animal,NoahSills,1,Bubulcus ibis ibis,59:59.7
MC-2,11/02/2025,08/05/2025,Ceymour,None,MC2_00154,45721.45833,Animal,NoahSills,1,Bubulcus ibis ibis,59:59.7
MC-2,11/02/2025,08/05/2025,Ceymour,None,MC2_00153,45721.45417,Animal,NoahSills,1,Egretta tricolor,54:00.3
MC-2,11/02/2025,08/05/2025,Ceymour,None,MC2_00153,45721.45417,Animal,NoahSills,1,Egretta tricolor,54:00.3
MC-2,11/02/2025,08/05/2025,Ceymour,None,MC2_00153,45721.45417,Animal,NoahSills,1,Bubulcus ibis ibis,54:00.3
MC-2,11/02/2025,08/05/2025,Ceymour,None,MC2_00153,45721.45417,Animal,NoahSills,1,Bubulcus ibis ibis,54:00.3
MC-2,11/02/2025,08/05/2025,Ceymour,None,MC2_00152,45721.45278,Animal,NoahSills,1,Egretta tricolor,52:00.2
MC-2,11/02/2025,08/05/2025,Ceymour,None,MC2_00152,45721.45278,Animal,NoahSills,1,Egretta tricolor,52:00.2
MC-2,11/02/2025,08/05/2025,Ceymour,None,MC2_00152,45721.45278,Animal,NoahSills,1,Bubulcus ibis ibis,52:00.2
MC-2,11/02/2025,08/05/2025,Ceymour,None,MC2_00152,45721.45278,Animal,NoahSills,1,Bubulcus ibis ibis,52:00.2
MC-2,11/02/2025,08/05/2025,Ceymour,None,MC2_00151,45721.44722,Animal,NoahSills,1,Egretta tricolor,43:59.8
MC-2,11/02/2025,08/05/2025,Ceymour,None,MC2_00151,45721.44722,Animal,NoahSills,1,Egretta tricolor,43:59.8
MC-2,11/02/2025,08/05/2025,Ceymour,None,MC2_00151,45721.44722,Animal,NoahSills,1,Bubulcus ibis ibis,43:59.8
MC-2,11/02/2025,08/05/2025,Ceymour,None,MC2_00151,45721.44722,Animal,NoahSills,1,Bubulcus ibis ibis,43:59.8
MC-2,11/02/2025,08/05/2025,Ceymour,None,MC2_00150,45721.44583,Animal,NoahSills,6,Bubulcus ibis ibis,41:59.7
MC-2,11/02/2025,08/05/2025,Ceymour,None,MC2_00150,45721.44583,Animal,NoahSills,6,Bubulcus ibis ibis,41:59.7
MC-2,11/02/2025,08/05/2025,Ceymour,None,MC2_00149,45721.44514,Animal,NoahSills,6,Bubulcus ibis ibis,41:00.1
MC-2,11/02/2025,08/05/2025,Ceymour,None,MC2_00149,45721.44514,Animal,NoahSills,6,Bubulcus ibis ibis,41:00.1
MC-2,11/02/2025,08/05/2025,Ceymour,None,MC2_00148,45721.43333,Animal,NoahSills,3,Bubulcus ibis ibis,23:59.7
MC-2,11/02/2025,08/05/2025,Ceymour,None,MC2_00148,45721.43333,Animal,NoahSills,3,Bubulcus ibis ibis,23:59.7
MC-2,11/02/2025,08/05/2025,Ceymour,None,MC2_00147,45721.42014,Animal,NoahSills,3,Bubulcus ibis ibis,05:00.1
MC-2,11/02/2025,08/05/2025,Ceymour,None,MC2_00147,45721.42014,Animal,NoahSills,3,Bubulcus ibis ibis,05:00.1
MC-21,12/02/2025,08/05/2025,Ceymour,None,MC21_00055,45721.25625,Animal,NoahSills,1,Dasyprocta leporina,05/03/2025 2:09
MC-12,11/02/2025,08/05/2025,Ceymour,None,MC12_00022,45721.23472,Animal,NoahSills,1,Nyctidromus albicollis,37:59.8
MC-12,11/02/2025,08/05/2025,Ceymour,None,MC12_00021,45721.22917,Animal,NoahSills,1,Nyctidromus albicollis,30:00.3
MC-18,12/02/2025,08/05/2025,Ceymour,None,MC18_00018,45721.11042,Animal,NoahSills,1,Cuniculus paca,39:00.3
MC-18,12/02/2025,08/05/2025,Ceymour,None,MC18_00017,45721.07986,Animal,NoahSills,1,Cuniculus paca,54:59.9
MC-7,11/02/2025,08/05/2025,Ceymour,None,MC7_00011,45721.01597,Animal,NoahSills,1,Mesomys hispidus,22:59.8
MC-7,11/02/2025,08/05/2025,Ceymour,None,MC7_00011,45721.01597,Animal,NoahSills,1,Mesomys hispidus,22:59.8
MC-2,11/02/2025,08/05/2025,Ceymour,None,MC2_00146,45720.71528,Animal,NoahSills,12,Bubulcus ibis ibis,10:00.2
MC-2,11/02/2025,08/05/2025,Ceymour,None,MC2_00146,45720.71528,Animal,NoahSills,12,Bubulcus ibis ibis,10:00.2
MC-2,11/02/2025,08/05/2025,Ceymour,None,MC2_00145,45720.59306,Animal,NoahSills,1,Bubulcus ibis ibis,14:00.4
MC-2,11/02/2025,08/05/2025,Ceymour,None,MC2_00145,45720.59306,Animal,NoahSills,1,Bubulcus ibis ibis,14:00.4
MC-12,11/02/2025,08/05/2025,Ceymour,None,MC12_00020,45720.58056,Animal,NoahSills,1,Tupinambis teguixin,56:00.4
MC-2,11/02/2025,08/05/2025,Ceymour,None,MC2_00144,45720.50486,Animal,NoahSills,8,Bubulcus ibis ibis,06:59.9
MC-2,11/02/2025,08/05/2025,Ceymour,None,MC2_00144,45720.50486,Animal,NoahSills,8,Bubulcus ibis ibis,06:59.9
MC-2,11/02/2025,08/05/2025,Ceymour,None,MC2_00143,45720.50417,Animal,NoahSills,8,Bubulcus ibis ibis,06:00.3
MC-2,11/02/2025,08/05/2025,Ceymour,None,MC2_00143,45720.50417,Animal,NoahSills,8,Bubulcus ibis ibis,06:00.3
MC-4,11/02/2025,08/05/2025,Ceymour,None,MC4_00008,45720.21875,Animal,NoahSills,1,Marmosa murina,04/03/2025 1:15
MC-4,11/02/2025,08/05/2025,Ceymour,None,MC4_00008,45720.21875,Animal,NoahSills,1,Marmosa murina,04/03/2025 1:15
MC-12,11/02/2025,08/05/2025,Ceymour,None,MC12_00019,45720.0625,Animal,NoahSills,1,Cuniculus paca,03/03/2025 21:30
MC-21,12/02/2025,08/05/2025,Ceymour,None,MC21_00054,45719.72569,Animal,NoahSills,1,Dasyprocta leporina,24:59.6
MC-2,11/02/2025,08/05/2025,Ceymour,None,MC2_00142,45719.71597,Animal,NoahSills,21,Bubulcus ibis ibis,10:59.8
MC-2,11/02/2025,08/05/2025,Ceymour,None,MC2_00142,45719.71597,Animal,NoahSills,21,Bubulcus ibis ibis,10:59.8
MC-21,12/02/2025,08/05/2025,Ceymour,None,MC21_00053,45719.71597,Animal,NoahSills,1,Dasyprocta leporina,10:59.8
MC-21,12/02/2025,08/05/2025,Ceymour,None,MC21_00052,45719.67847,Animal,NoahSills,1,Dasyprocta leporina,16:59.8
MC-2,11/02/2025,08/05/2025,Ceymour,None,MC2_00141,45719.63958,Animal,NoahSills,17,Bubulcus ibis ibis,20:59.7
MC-2,11/02/2025,08/05/2025,Ceymour,None,MC2_00141,45719.63958,Animal,NoahSills,17,Bubulcus ibis ibis,20:59.7
MC-2,11/02/2025,08/05/2025,Ceymour,None,MC2_00140,45719.63472,Animal,NoahSills,14,Bubulcus ibis ibis,13:59.8
MC-2,11/02/2025,08/05/2025,Ceymour,None,MC2_00140,45719.63472,Animal,NoahSills,14,Bubulcus ibis ibis,13:59.8
MC-2,11/02/2025,08/05/2025,Ceymour,None,MC2_00139,45719.61944,Animal,NoahSills,14,Bubulcus ibis ibis,51:59.6
MC-2,11/02/2025,08/05/2025,Ceymour,None,MC2_00139,45719.61944,Animal,NoahSills,14,Bubulcus ibis ibis,51:59.6
MC-2,11/02/2025,08/05/2025,Ceymour,None,MC2_00138,45719.61597,Animal,NoahSills,14,Bubulcus ibis ibis,46:59.8
MC-2,11/02/2025,08/05/2025,Ceymour,None,MC2_00138,45719.61597,Animal,NoahSills,14,Bubulcus ibis ibis,46:59.8
MC-2,11/02/2025,08/05/2025,Ceymour,None,MC2_00137,45719.61319,Animal,NoahSills,14,Bubulcus ibis ibis,42:59.6
MC-2,11/02/2025,08/05/2025,Ceymour,None,MC2_00137,45719.61319,Animal,NoahSills,14,Bubulcus ibis ibis,42:59.6
MC-2,11/02/2025,08/05/2025,Ceymour,None,MC2_00136,45719.60764,Animal,NoahSills,13,Bubulcus ibis ibis,35:00.1
MC-2,11/02/2025,08/05/2025,Ceymour,None,MC2_00136,45719.60764,Animal,NoahSills,13,Bubulcus ibis ibis,35:00.1
MC-2,11/02/2025,08/05/2025,Ceymour,None,MC2_00135,45719.60069,Animal,NoahSills,18,Bubulcus ibis ibis,24:59.6
MC-2,11/02/2025,08/05/2025,Ceymour,None,MC2_00135,45719.60069,Animal,NoahSills,18,Bubulcus ibis ibis,24:59.6
MC-2,11/02/2025,08/05/2025,Ceymour,None,MC2_00134,45719.59861,Animal,NoahSills,18,Bubulcus ibis ibis,21:59.9
MC-2,11/02/2025,08/05/2025,Ceymour,None,MC2_00134,45719.59861,Animal,NoahSills,18,Bubulcus ibis ibis,21:59.9
MC-2,11/02/2025,08/05/2025,Ceymour,None,MC2_00133,45719.59792,Animal,NoahSills,18,Bubulcus ibis ibis,21:00.3
MC-2,11/02/2025,08/05/2025,Ceymour,None,MC2_00133,45719.59792,Animal,NoahSills,18,Bubulcus ibis ibis,21:00.3
MC-2,11/02/2025,08/05/2025,Ceymour,None,MC2_00132,45719.59722,Animal,NoahSills,18,Bubulcus ibis ibis,19:59.8
MC-2,11/02/2025,08/05/2025,Ceymour,None,MC2_00132,45719.59722,Animal,NoahSills,18,Bubulcus ibis ibis,19:59.8
MC-2,11/02/2025,08/05/2025,Ceymour,None,MC2_00131,45719.59653,Animal,NoahSills,18,Bubulcus ibis ibis,19:00.2
MC-2,11/02/2025,08/05/2025,Ceymour,None,MC2_00131,45719.59653,Animal,NoahSills,18,Bubulcus ibis ibis,19:00.2
MC-2,11/02/2025,08/05/2025,Ceymour,None,MC2_00130,45719.59583,Animal,NoahSills,18,Bubulcus ibis ibis,17:59.7
MC-2,11/02/2025,08/05/2025,Ceymour,None,MC2_00130,45719.59583,Animal,NoahSills,18,Bubulcus ibis ibis,17:59.7
MC-2,11/02/2025,08/05/2025,Ceymour,None,MC2_00129,45719.59444,Animal,NoahSills,18,Bubulcus ibis ibis,15:59.6
MC-2,11/02/2025,08/05/2025,Ceymour,None,MC2_00129,45719.59444,Animal,NoahSills,18,Bubulcus ibis ibis,15:59.6
MC-2,11/02/2025,08/05/2025,Ceymour,None,MC2_00128,45719.59375,Animal,NoahSills,17,Bubulcus ibis ibis,03/03/2025 10:15
MC-2,11/02/2025,08/05/2025,Ceymour,None,MC2_00128,45719.59375,Animal,NoahSills,17,Bubulcus ibis ibis,03/03/2025 10:15
MC-2,11/02/2025,08/05/2025,Ceymour,None,MC2_00127,45719.59236,Animal,NoahSills,17,Bubulcus ibis ibis,12:59.9
MC-2,11/02/2025,08/05/2025,Ceymour,None,MC2_00127,45719.59236,Animal,NoahSills,17,Bubulcus ibis ibis,12:59.9
MC-2,11/02/2025,08/05/2025,Ceymour,None,MC2_00126,45719.59167,Animal,NoahSills,17,Bubulcus ibis ibis,12:00.3
MC-2,11/02/2025,08/05/2025,Ceymour,None,MC2_00126,45719.59167,Animal,NoahSills,17,Bubulcus ibis ibis,12:00.3
MC-2,11/02/2025,08/05/2025,Ceymour,None,MC2_00125,45719.59097,Animal,NoahSills,17,Bubulcus ibis ibis,10:59.8
MC-2,11/02/2025,08/05/2025,Ceymour,None,MC2_00125,45719.59097,Animal,NoahSills,17,Bubulcus ibis ibis,10:59.8
MC-2,11/02/2025,08/05/2025,Ceymour,None,MC2_00124,45719.58958,Animal,NoahSills,17,Bubulcus ibis ibis,08:59.7
MC-2,11/02/2025,08/05/2025,Ceymour,None,MC2_00124,45719.58958,Animal,NoahSills,17,Bubulcus ibis ibis,08:59.7
MC-2,11/02/2025,08/05/2025,Ceymour,None,MC2_00123,45719.5875,Animal,NoahSills,17,Bubulcus ibis ibis,03/03/2025 10:06
MC-2,11/02/2025,08/05/2025,Ceymour,None,MC2_00123,45719.5875,Animal,NoahSills,17,Bubulcus ibis ibis,03/03/2025 10:06
MC-2,11/02/2025,08/05/2025,Ceymour,None,MC2_00122,45719.58611,Animal,NoahSills,17,Bubulcus ibis ibis,03:59.9
MC-2,11/02/2025,08/05/2025,Ceymour,None,MC2_00122,45719.58611,Animal,NoahSills,17,Bubulcus ibis ibis,03:59.9
MC-2,11/02/2025,08/05/2025,Ceymour,None,MC2_00121,45719.58472,Animal,NoahSills,17,Bubulcus ibis ibis,01:59.8
MC-2,11/02/2025,08/05/2025,Ceymour,None,MC2_00121,45719.58472,Animal,NoahSills,17,Bubulcus ibis ibis,01:59.8
MC-2,11/02/2025,08/05/2025,Ceymour,None,MC2_00120,45719.58333,Animal,NoahSills,17,Bubulcus ibis ibis,59:59.7
MC-2,11/02/2025,08/05/2025,Ceymour,None,MC2_00120,45719.58333,Animal,NoahSills,17,Bubulcus ibis ibis,59:59.7
MC-2,11/02/2025,08/05/2025,Ceymour,None,MC2_00119,45719.58125,Animal,NoahSills,13,Bubulcus ibis ibis,03/03/2025 9:57
MC-2,11/02/2025,08/05/2025,Ceymour,None,MC2_00119,45719.58125,Animal,NoahSills,13,Bubulcus ibis ibis,03/03/2025 9:57
MC-2,11/02/2025,08/05/2025,Ceymour,None,MC2_00118,45719.58056,Animal,NoahSills,13,Bubulcus ibis ibis,56:00.4
MC-2,11/02/2025,08/05/2025,Ceymour,None,MC2_00118,45719.58056,Animal,NoahSills,13,Bubulcus ibis ibis,56:00.4
MC-2,11/02/2025,08/05/2025,Ceymour,None,MC2_00117,45719.57917,Animal,NoahSills,13,Bubulcus ibis ibis,54:00.3
MC-2,11/02/2025,08/05/2025,Ceymour,None,MC2_00117,45719.57917,Animal,NoahSills,13,Bubulcus ibis ibis,54:00.3
MC-2,11/02/2025,08/05/2025,Ceymour,None,MC2_00116,45719.57778,Animal,NoahSills,15,Bubulcus ibis ibis,52:00.2
MC-2,11/02/2025,08/05/2025,Ceymour,None,MC2_00116,45719.57778,Animal,NoahSills,15,Bubulcus ibis ibis,52:00.2
MC-2,11/02/2025,08/05/2025,Ceymour,None,MC2_00115,45719.57708,Animal,NoahSills,15,Bubulcus ibis ibis,50:59.7
MC-2,11/02/2025,08/05/2025,Ceymour,None,MC2_00115,45719.57708,Animal,NoahSills,15,Bubulcus ibis ibis,50:59.7
MC-2,11/02/2025,08/05/2025,Ceymour,None,MC2_00114,45719.57639,Animal,NoahSills,15,Bubulcus ibis ibis,50:00.1
MC-2,11/02/2025,08/05/2025,Ceymour,None,MC2_00114,45719.57639,Animal,NoahSills,15,Bubulcus ibis ibis,50:00.1
MC-2,11/02/2025,08/05/2025,Ceymour,None,MC2_00113,45719.57083,Animal,NoahSills,17,Bubulcus ibis ibis,41:59.7
MC-2,11/02/2025,08/05/2025,Ceymour,None,MC2_00113,45719.57083,Animal,NoahSills,17,Bubulcus ibis ibis,41:59.7
MC-2,11/02/2025,08/05/2025,Ceymour,None,MC2_00112,45719.56667,Animal,NoahSills,15,Bubulcus ibis ibis,36:00.3
MC-2,11/02/2025,08/05/2025,Ceymour,None,MC2_00112,45719.56667,Animal,NoahSills,15,Bubulcus ibis ibis,36:00.3
MC-2,11/02/2025,08/05/2025,Ceymour,None,MC2_00111,45719.56389,Animal,NoahSills,15,Bubulcus ibis ibis,32:00.1
MC-2,11/02/2025,08/05/2025,Ceymour,None,MC2_00111,45719.56389,Animal,NoahSills,15,Bubulcus ibis ibis,32:00.1
MC-2,11/02/2025,08/05/2025,Ceymour,None,MC2_00110,45719.56111,Animal,NoahSills,16,Bubulcus ibis ibis,27:59.9
MC-2,11/02/2025,08/05/2025,Ceymour,None,MC2_00110,45719.56111,Animal,NoahSills,16,Bubulcus ibis ibis,27:59.9
MC-2,11/02/2025,08/05/2025,Ceymour,None,MC2_00109,45719.55903,Animal,NoahSills,18,Bubulcus ibis ibis,25:00.2
MC-2,11/02/2025,08/05/2025,Ceymour,None,MC2_00109,45719.55903,Animal,NoahSills,18,Bubulcus ibis ibis,25:00.2
MC-2,11/02/2025,08/05/2025,Ceymour,None,MC2_00108,45719.55833,Animal,NoahSills,18,Bubulcus ibis ibis,23:59.7
MC-2,11/02/2025,08/05/2025,Ceymour,None,MC2_00108,45719.55833,Animal,NoahSills,18,Bubulcus ibis ibis,23:59.7
MC-2,11/02/2025,08/05/2025,Ceymour,None,MC2_00107,45719.55694,Animal,NoahSills,18,Bubulcus ibis ibis,21:59.6
MC-2,11/02/2025,08/05/2025,Ceymour,None,MC2_00107,45719.55694,Animal,NoahSills,18,Bubulcus ibis ibis,21:59.6
MC-2,11/02/2025,08/05/2025,Ceymour,None,MC2_00106,45719.55208,Animal,NoahSills,13,Bubulcus ibis ibis,14:59.7
MC-2,11/02/2025,08/05/2025,Ceymour,None,MC2_00106,45719.55208,Animal,NoahSills,13,Bubulcus ibis ibis,14:59.7
MC-2,11/02/2025,08/05/2025,Ceymour,None,MC2_00105,45719.55069,Animal,NoahSills,13,Bubulcus ibis ibis,12:59.6
MC-2,11/02/2025,08/05/2025,Ceymour,None,MC2_00105,45719.55069,Animal,NoahSills,13,Bubulcus ibis ibis,12:59.6
MC-2,11/02/2025,08/05/2025,Ceymour,None,MC2_00104,45719.54722,Animal,NoahSills,11,Bubulcus ibis ibis,07:59.8
MC-2,11/02/2025,08/05/2025,Ceymour,None,MC2_00104,45719.54722,Animal,NoahSills,11,Bubulcus ibis ibis,07:59.8
MC-2,11/02/2025,08/05/2025,Ceymour,None,MC2_00103,45719.54444,Animal,NoahSills,11,Bubulcus ibis ibis,03:59.6
MC-2,11/02/2025,08/05/2025,Ceymour,None,MC2_00103,45719.54444,Animal,NoahSills,11,Bubulcus ibis ibis,03:59.6
MC-2,11/02/2025,08/05/2025,Ceymour,None,MC2_00102,45719.54097,Animal,NoahSills,11,Bubulcus ibis ibis,58:59.8
MC-2,11/02/2025,08/05/2025,Ceymour,None,MC2_00102,45719.54097,Animal,NoahSills,11,Bubulcus ibis ibis,58:59.8
MC-2,11/02/2025,08/05/2025,Ceymour,None,MC2_00101,45719.53958,Animal,NoahSills,9,Bubulcus ibis ibis,56:59.7
MC-2,11/02/2025,08/05/2025,Ceymour,None,MC2_00101,45719.53958,Animal,NoahSills,9,Bubulcus ibis ibis,56:59.7
MC-2,11/02/2025,08/05/2025,Ceymour,None,MC2_00100,45719.53819,Animal,NoahSills,14,Bubulcus ibis ibis,54:59.6
MC-2,11/02/2025,08/05/2025,Ceymour,None,MC2_00100,45719.53819,Animal,NoahSills,14,Bubulcus ibis ibis,54:59.6
MC-2,11/02/2025,08/05/2025,Ceymour,None,MC2_00099,45719.5375,Animal,NoahSills,14,Bubulcus ibis ibis,03/03/2025 8:54
MC-2,11/02/2025,08/05/2025,Ceymour,None,MC2_00099,45719.5375,Animal,NoahSills,14,Bubulcus ibis ibis,03/03/2025 8:54
MC-2,11/02/2025,08/05/2025,Ceymour,None,MC2_00098,45719.53611,Animal,NoahSills,14,Bubulcus ibis ibis,51:59.9
MC-2,11/02/2025,08/05/2025,Ceymour,None,MC2_00098,45719.53611,Animal,NoahSills,14,Bubulcus ibis ibis,51:59.9
MC-2,11/02/2025,08/05/2025,Ceymour,None,MC2_00097,45719.53403,Animal,NoahSills,16,Bubulcus ibis ibis,49:00.2
MC-2,11/02/2025,08/05/2025,Ceymour,None,MC2_00097,45719.53403,Animal,NoahSills,16,Bubulcus ibis ibis,49:00.2
MC-2,11/02/2025,08/05/2025,Ceymour,None,MC2_00096,45719.52986,Animal,NoahSills,16,Bubulcus ibis ibis,42:59.9
MC-2,11/02/2025,08/05/2025,Ceymour,None,MC2_00096,45719.52986,Animal,NoahSills,16,Bubulcus ibis ibis,42:59.9
MC-2,11/02/2025,08/05/2025,Ceymour,None,MC2_00095,45719.52847,Animal,NoahSills,16,Bubulcus ibis ibis,40:59.8
MC-2,11/02/2025,08/05/2025,Ceymour,None,MC2_00095,45719.52847,Animal,NoahSills,16,Bubulcus ibis ibis,40:59.8
MC-2,11/02/2025,08/05/2025,Ceymour,None,MC2_00094,45719.52778,Animal,NoahSills,13,Bubulcus ibis ibis,40:00.2
MC-2,11/02/2025,08/05/2025,Ceymour,None,MC2_00094,45719.52778,Animal,NoahSills,13,Bubulcus ibis ibis,40:00.2
MC-2,11/02/2025,08/05/2025,Ceymour,None,MC2_00093,45719.52639,Animal,NoahSills,13,Bubulcus ibis ibis,38:00.1
MC-2,11/02/2025,08/05/2025,Ceymour,None,MC2_00093,45719.52639,Animal,NoahSills,13,Bubulcus ibis ibis,38:00.1
MC-2,11/02/2025,08/05/2025,Ceymour,None,MC2_00092,45719.52292,Animal,NoahSills,10,Bubulcus ibis ibis,33:00.3
MC-2,11/02/2025,08/05/2025,Ceymour,None,MC2_00092,45719.52292,Animal,NoahSills,10,Bubulcus ibis ibis,33:00.3
MC-2,11/02/2025,08/05/2025,Ceymour,None,MC2_00091,45719.52222,Animal,NoahSills,13,Bubulcus ibis ibis,31:59.8
MC-2,11/02/2025,08/05/2025,Ceymour,None,MC2_00091,45719.52222,Animal,NoahSills,13,Bubulcus ibis ibis,31:59.8
MC-2,11/02/2025,08/05/2025,Ceymour,None,MC2_00090,45719.52083,Animal,NoahSills,13,Bubulcus ibis ibis,29:59.7
MC-2,11/02/2025,08/05/2025,Ceymour,None,MC2_00090,45719.52083,Animal,NoahSills,13,Bubulcus ibis ibis,29:59.7
MC-2,11/02/2025,08/05/2025,Ceymour,None,MC2_00089,45719.51806,Animal,NoahSills,8,Bubulcus ibis ibis,26:00.4
MC-2,11/02/2025,08/05/2025,Ceymour,None,MC2_00089,45719.51806,Animal,NoahSills,8,Bubulcus ibis ibis,26:00.4
MC-2,11/02/2025,08/05/2025,Ceymour,None,MC2_00088,45719.51528,Animal,NoahSills,10,Bubulcus ibis ibis,22:00.2
MC-2,11/02/2025,08/05/2025,Ceymour,None,MC2_00088,45719.51528,Animal,NoahSills,10,Bubulcus ibis ibis,22:00.2
MC-2,11/02/2025,08/05/2025,Ceymour,None,MC2_00087,45719.51458,Animal,NoahSills,10,Bubulcus ibis ibis,20:59.7
MC-2,11/02/2025,08/05/2025,Ceymour,None,MC2_00087,45719.51458,Animal,NoahSills,10,Bubulcus ibis ibis,20:59.7
MC-2,11/02/2025,08/05/2025,Ceymour,None,MC2_00086,45719.51389,Animal,NoahSills,11,Bubulcus ibis ibis,20:00.1
MC-2,11/02/2025,08/05/2025,Ceymour,None,MC2_00086,45719.51389,Animal,NoahSills,11,Bubulcus ibis ibis,20:00.1
MC-2,11/02/2025,08/05/2025,Ceymour,None,MC2_00085,45719.50347,Animal,NoahSills,7,Bubulcus ibis ibis,04:59.8
MC-2,11/02/2025,08/05/2025,Ceymour,None,MC2_00085,45719.50347,Animal,NoahSills,7,Bubulcus ibis ibis,04:59.8
MC-2,11/02/2025,08/05/2025,Ceymour,None,MC2_00084,45719.4875,Animal,NoahSills,7,Bubulcus ibis ibis,03/03/2025 7:42
MC-2,11/02/2025,08/05/2025,Ceymour,None,MC2_00084,45719.4875,Animal,NoahSills,7,Bubulcus ibis ibis,03/03/2025 7:42
MC-2,11/02/2025,08/05/2025,Ceymour,None,MC2_00083,45719.48264,Animal,NoahSills,7,Bubulcus ibis ibis,35:00.1
MC-2,11/02/2025,08/05/2025,Ceymour,None,MC2_00083,45719.48264,Animal,NoahSills,7,Bubulcus ibis ibis,35:00.1
MC-2,11/02/2025,08/05/2025,Ceymour,None,MC2_00082,45719.48125,Animal,NoahSills,4,Bubulcus ibis ibis,45719.31458
MC-2,11/02/2025,08/05/2025,Ceymour,None,MC2_00082,45719.48125,Animal,NoahSills,4,Bubulcus ibis ibis,45719.31458
MC-2,11/02/2025,08/05/2025,Ceymour,None,MC2_00081,45719.47222,Animal,NoahSills,3,Bubulcus ibis ibis,19:59.8
MC-2,11/02/2025,08/05/2025,Ceymour,None,MC2_00081,45719.47222,Animal,NoahSills,3,Bubulcus ibis ibis,19:59.8
MC-2,11/02/2025,08/05/2025,Ceymour,None,MC2_00080,45719.44375,Animal,NoahSills,5,Bubulcus ibis ibis,03/03/2025 6:39
MC-2,11/02/2025,08/05/2025,Ceymour,None,MC2_00080,45719.44375,Animal,NoahSills,5,Bubulcus ibis ibis,03/03/2025 6:39
MC-2,11/02/2025,08/05/2025,Ceymour,None,MC2_00079,45719.42292,Animal,NoahSills,5,Bubulcus ibis ibis,09:00.3
MC-2,11/02/2025,08/05/2025,Ceymour,None,MC2_00079,45719.42292,Animal,NoahSills,5,Bubulcus ibis ibis,09:00.3
MC-12,11/02/2025,08/05/2025,Ceymour,None,MC12_00018,45719.39097,Animal,NoahSills,1,Dasyprocta leporina,22:59.8
MC-21,12/02/2025,08/05/2025,Ceymour,None,MC21_00051,45719.30139,Animal,NoahSills,1,Dasyprocta leporina,14:00.1
MC-3,11/02/2025,08/05/2025,Ceymour,None,IM_00008,02/03/2025 18:27,Animal,NoahSills,2,Nyctidromus albicollis,02/03/2025 18:27
MC-3,11/02/2025,08/05/2025,Ceymour,None,IM_00008,02/03/2025 18:27,Animal,NoahSills,2,Nyctidromus albicollis,02/03/2025 18:27
MC-5,11/02/2025,08/05/2025,Ceymour,None,MC5_00073,45718.39792,Animal,NoahSills,2,Mesembrinibis cayennensis,33:00.3
MC-5,11/02/2025,08/05/2025,Ceymour,None,MC5_00073,45718.39792,Animal,NoahSills,2,Mesembrinibis cayennensis,33:00.3
MC-5,11/02/2025,08/05/2025,Ceymour,None,MC5_00074,45718.39792,Animal,NoahSills,2,Mesembrinibis cayennensis,33:00.3
MC-5,11/02/2025,08/05/2025,Ceymour,None,MC5_00074,45718.39792,Animal,NoahSills,2,Mesembrinibis cayennensis,33:00.3
MC-5,11/02/2025,08/05/2025,Ceymour,None,MC5_00075,45718.39792,Animal,NoahSills,2,Mesembrinibis cayennensis,33:00.3
MC-5,11/02/2025,08/05/2025,Ceymour,None,MC5_00075,45718.39792,Animal,NoahSills,2,Mesembrinibis cayennensis,33:00.3
MC-2,11/02/2025,08/05/2025,Ceymour,None,MC2_00078,45717.69653,Animal,NoahSills,7,Bubulcus ibis ibis,43:00.2
MC-2,11/02/2025,08/05/2025,Ceymour,None,MC2_00078,45717.69653,Animal,NoahSills,7,Bubulcus ibis ibis,43:00.2
MC-2,11/02/2025,08/05/2025,Ceymour,None,MC2_00077,45717.69583,Animal,NoahSills,8,Bubulcus ibis ibis,41:59.7
MC-2,11/02/2025,08/05/2025,Ceymour,None,MC2_00077,45717.69583,Animal,NoahSills,8,Bubulcus ibis ibis,41:59.7
MC-21,12/02/2025,08/05/2025,Ceymour,None,MC21_00050,45717.63056,Animal,NoahSills,1,Dasyprocta leporina,08:00.4
MC-2,11/02/2025,08/05/2025,Ceymour,None,MC2_00076,45717.61667,Animal,NoahSills,1,Bubulcus ibis ibis,48:00.3
MC-2,11/02/2025,08/05/2025,Ceymour,None,MC2_00076,45717.61667,Animal,NoahSills,1,Bubulcus ibis ibis,48:00.3
MC-2,11/02/2025,08/05/2025,Ceymour,None,MC2_00075,45717.58681,Animal,NoahSills,2,Bubulcus ibis ibis,05:00.4
MC-2,11/02/2025,08/05/2025,Ceymour,None,MC2_00075,45717.58681,Animal,NoahSills,2,Bubulcus ibis ibis,05:00.4
MC-12,11/02/2025,08/05/2025,Ceymour,None,MC12_00016,45717.57569,Animal,NoahSills,1,Tupinambis teguixin,48:59.6
MC-12,11/02/2025,08/05/2025,Ceymour,None,MC12_00017,45717.57569,Animal,NoahSills,1,Tupinambis teguixin,48:59.6
MC-12,11/02/2025,08/05/2025,Ceymour,None,MC12_00015,45717.57292,Animal,NoahSills,1,Tupinambis teguixin,45:00.3
MC-12,11/02/2025,08/05/2025,Ceymour,None,MC12_00013,45717.57222,Animal,NoahSills,1,Tupinambis teguixin,43:59.8
MC-12,11/02/2025,08/05/2025,Ceymour,None,MC12_00014,45717.57222,Animal,NoahSills,1,Tupinambis teguixin,43:59.8
MC-21,12/02/2025,08/05/2025,Ceymour,None,MC21_00049,45717.25069,Animal,NoahSills,1,Dasyprocta leporina,00:59.6
MC-21,12/02/2025,08/05/2025,Ceymour,None,MC21_00048,45717.24444,Animal,NoahSills,1,Dasyprocta leporina,51:59.6
MC-3,11/02/2025,08/05/2025,Ceymour,None,IM_00006,01/03/2025 2:29,Animal,NoahSills,1,Mazama americana,01/03/2025 2:29
MC-3,11/02/2025,08/05/2025,Ceymour,None,IM_00006,01/03/2025 2:29,Animal,NoahSills,1,Mazama americana,01/03/2025 2:29
MC-21,12/02/2025,08/05/2025,Ceymour,None,MC21_00047,45716.75972,Animal,NoahSills,1,Dasyprocta leporina,13:59.8
MC-21,12/02/2025,08/05/2025,Ceymour,None,MC21_00046,45716.75208,Animal,NoahSills,1,Dasyprocta leporina,02:59.7
MC-18,12/02/2025,08/05/2025,Ceymour,None,MC18_00016,45716.70139,Animal,NoahSills,1,Dasyprocta leporina,50:00.1
MC-18,12/02/2025,08/05/2025,Ceymour,None,MC18_00015,45716.70069,Animal,NoahSills,1,Dasyprocta leporina,48:59.6
MC-5,11/02/2025,08/05/2025,Ceymour,None,MC5_00070,45716.7,Animal,NoahSills,1,Pteronura brasiliensis,45716.53333
MC-5,11/02/2025,08/05/2025,Ceymour,None,MC5_00070,45716.7,Animal,NoahSills,1,Pteronura brasiliensis,45716.53333
MC-5,11/02/2025,08/05/2025,Ceymour,None,MC5_00071,45716.7,Animal,NoahSills,1,Pteronura brasiliensis,45716.53333
MC-5,11/02/2025,08/05/2025,Ceymour,None,MC5_00071,45716.7,Animal,NoahSills,1,Pteronura brasiliensis,45716.53333
MC-5,11/02/2025,08/05/2025,Ceymour,None,MC5_00072,45716.7,Animal,NoahSills,1,Pteronura brasiliensis,45716.53333
MC-5,11/02/2025,08/05/2025,Ceymour,None,MC5_00072,45716.7,Animal,NoahSills,1,Pteronura brasiliensis,45716.53333
MC-5,11/02/2025,08/05/2025,Ceymour,None,MC5_00064,45716.69931,Animal,NoahSills,2,Pteronura brasiliensis,47:00.4
MC-5,11/02/2025,08/05/2025,Ceymour,None,MC5_00064,45716.69931,Animal,NoahSills,2,Pteronura brasiliensis,47:00.4
MC-5,11/02/2025,08/05/2025,Ceymour,None,MC5_00065,45716.69931,Animal,NoahSills,2,Pteronura brasiliensis,47:00.4
MC-5,11/02/2025,08/05/2025,Ceymour,None,MC5_00065,45716.69931,Animal,NoahSills,2,Pteronura brasiliensis,47:00.4
MC-5,11/02/2025,08/05/2025,Ceymour,None,MC5_00066,45716.69931,Animal,NoahSills,1,Pteronura brasiliensis,47:00.4
MC-5,11/02/2025,08/05/2025,Ceymour,None,MC5_00066,45716.69931,Animal,NoahSills,1,Pteronura brasiliensis,47:00.4
MC-5,11/02/2025,08/05/2025,Ceymour,None,MC5_00067,45716.69931,Animal,NoahSills,1,Pteronura brasiliensis,47:00.4
MC-5,11/02/2025,08/05/2025,Ceymour,None,MC5_00067,45716.69931,Animal,NoahSills,1,Pteronura brasiliensis,47:00.4
MC-5,11/02/2025,08/05/2025,Ceymour,None,MC5_00068,45716.69931,Animal,NoahSills,1,Pteronura brasiliensis,47:00.4
MC-5,11/02/2025,08/05/2025,Ceymour,None,MC5_00068,45716.69931,Animal,NoahSills,1,Pteronura brasiliensis,47:00.4
MC-5,11/02/2025,08/05/2025,Ceymour,None,MC5_00069,45716.69931,Animal,NoahSills,1,Pteronura brasiliensis,47:00.4
MC-5,11/02/2025,08/05/2025,Ceymour,None,MC5_00069,45716.69931,Animal,NoahSills,1,Pteronura brasiliensis,47:00.4
MC-5,11/02/2025,08/05/2025,Ceymour,None,MC5_00058,45716.69861,Animal,NoahSills,1,Pteronura brasiliensis,45:59.9
MC-5,11/02/2025,08/05/2025,Ceymour,None,MC5_00058,45716.69861,Animal,NoahSills,1,Pteronura brasiliensis,45:59.9
MC-5,11/02/2025,08/05/2025,Ceymour,None,MC5_00059,45716.69861,Animal,NoahSills,1,Pteronura brasiliensis,45:59.9
MC-5,11/02/2025,08/05/2025,Ceymour,None,MC5_00059,45716.69861,Animal,NoahSills,1,Pteronura brasiliensis,45:59.9
MC-5,11/02/2025,08/05/2025,Ceymour,None,MC5_00060,45716.69861,Animal,NoahSills,1,Pteronura brasiliensis,45:59.9
MC-5,11/02/2025,08/05/2025,Ceymour,None,MC5_00060,45716.69861,Animal,NoahSills,1,Pteronura brasiliensis,45:59.9
MC-5,11/02/2025,08/05/2025,Ceymour,None,MC5_00061,45716.69861,Animal,NoahSills,1,Pteronura brasiliensis,45:59.9
MC-5,11/02/2025,08/05/2025,Ceymour,None,MC5_00061,45716.69861,Animal,NoahSills,1,Pteronura brasiliensis,45:59.9
MC-5,11/02/2025,08/05/2025,Ceymour,None,MC5_00062,45716.69861,Animal,NoahSills,3,Pteronura brasiliensis,45:59.9
MC-5,11/02/2025,08/05/2025,Ceymour,None,MC5_00062,45716.69861,Animal,NoahSills,3,Pteronura brasiliensis,45:59.9
MC-5,11/02/2025,08/05/2025,Ceymour,None,MC5_00063,45716.69861,Animal,NoahSills,3,Pteronura brasiliensis,45:59.9
MC-5,11/02/2025,08/05/2025,Ceymour,None,MC5_00063,45716.69861,Animal,NoahSills,3,Pteronura brasiliensis,45:59.9
MC-5,11/02/2025,08/05/2025,Ceymour,None,MC5_00055,45716.69792,Animal,NoahSills,2,Pteronura brasiliensis,45:00.3
MC-5,11/02/2025,08/05/2025,Ceymour,None,MC5_00055,45716.69792,Animal,NoahSills,2,Pteronura brasiliensis,45:00.3
MC-5,11/02/2025,08/05/2025,Ceymour,None,MC5_00056,45716.69792,Animal,NoahSills,2,Pteronura brasiliensis,45:00.3
MC-5,11/02/2025,08/05/2025,Ceymour,None,MC5_00056,45716.69792,Animal,NoahSills,2,Pteronura brasiliensis,45:00.3
MC-5,11/02/2025,08/05/2025,Ceymour,None,MC5_00057,45716.69792,Animal,NoahSills,2,Pteronura brasiliensis,45:00.3
MC-5,11/02/2025,08/05/2025,Ceymour,None,MC5_00057,45716.69792,Animal,NoahSills,2,Pteronura brasiliensis,45:00.3
MC-5,11/02/2025,08/05/2025,Ceymour,None,MC5_00052,45716.69722,Animal,NoahSills,2,Pteronura brasiliensis,43:59.8
MC-5,11/02/2025,08/05/2025,Ceymour,None,MC5_00052,45716.69722,Animal,NoahSills,2,Pteronura brasiliensis,43:59.8
MC-5,11/02/2025,08/05/2025,Ceymour,None,MC5_00053,45716.69722,Animal,NoahSills,2,Pteronura brasiliensis,43:59.8
MC-5,11/02/2025,08/05/2025,Ceymour,None,MC5_00053,45716.69722,Animal,NoahSills,2,Pteronura brasiliensis,43:59.8
MC-5,11/02/2025,08/05/2025,Ceymour,None,MC5_00054,45716.69722,Animal,NoahSills,2,Pteronura brasiliensis,43:59.8
MC-5,11/02/2025,08/05/2025,Ceymour,None,MC5_00054,45716.69722,Animal,NoahSills,2,Pteronura brasiliensis,43:59.8
MC-5,11/02/2025,08/05/2025,Ceymour,None,MC5_00046,45716.65278,Animal,NoahSills,1,Pteronura brasiliensis,40:00.2
MC-5,11/02/2025,08/05/2025,Ceymour,None,MC5_00046,45716.65278,Animal,NoahSills,1,Pteronura brasiliensis,40:00.2
MC-5,11/02/2025,08/05/2025,Ceymour,None,MC5_00047,45716.65278,Animal,NoahSills,1,Pteronura brasiliensis,40:00.2
MC-5,11/02/2025,08/05/2025,Ceymour,None,MC5_00047,45716.65278,Animal,NoahSills,1,Pteronura brasiliensis,40:00.2
MC-5,11/02/2025,08/05/2025,Ceymour,None,MC5_00048,45716.65278,Animal,NoahSills,1,Pteronura brasiliensis,40:00.2
MC-5,11/02/2025,08/05/2025,Ceymour,None,MC5_00048,45716.65278,Animal,NoahSills,1,Pteronura brasiliensis,40:00.2
MC-5,11/02/2025,08/05/2025,Ceymour,None,MC5_00049,45716.65278,Animal,NoahSills,1,Pteronura brasiliensis,40:00.2
MC-5,11/02/2025,08/05/2025,Ceymour,None,MC5_00049,45716.65278,Animal,NoahSills,1,Pteronura brasiliensis,40:00.2
MC-5,11/02/2025,08/05/2025,Ceymour,None,MC5_00050,45716.65278,Animal,NoahSills,1,Pteronura brasiliensis,40:00.2
MC-5,11/02/2025,08/05/2025,Ceymour,None,MC5_00050,45716.65278,Animal,NoahSills,1,Pteronura brasiliensis,40:00.2
MC-5,11/02/2025,08/05/2025,Ceymour,None,MC5_00051,45716.65278,Animal,NoahSills,1,Pteronura brasiliensis,40:00.2
MC-5,11/02/2025,08/05/2025,Ceymour,None,MC5_00051,45716.65278,Animal,NoahSills,1,Pteronura brasiliensis,40:00.2
MC-5,11/02/2025,08/05/2025,Ceymour,None,MC5_00043,45716.65208,Animal,NoahSills,1,Pteronura brasiliensis,38:59.7
MC-5,11/02/2025,08/05/2025,Ceymour,None,MC5_00043,45716.65208,Animal,NoahSills,1,Pteronura brasiliensis,38:59.7
MC-5,11/02/2025,08/05/2025,Ceymour,None,MC5_00044,45716.65208,Animal,NoahSills,1,Pteronura brasiliensis,38:59.7
MC-5,11/02/2025,08/05/2025,Ceymour,None,MC5_00044,45716.65208,Animal,NoahSills,1,Pteronura brasiliensis,38:59.7
MC-5,11/02/2025,08/05/2025,Ceymour,None,MC5_00045,45716.65208,Animal,NoahSills,1,Pteronura brasiliensis,38:59.7
MC-5,11/02/2025,08/05/2025,Ceymour,None,MC5_00045,45716.65208,Animal,NoahSills,1,Pteronura brasiliensis,38:59.7
MC-5,11/02/2025,08/05/2025,Ceymour,None,MC5_00037,45716.65139,Animal,NoahSills,3,Pteronura brasiliensis,38:00.1
MC-5,11/02/2025,08/05/2025,Ceymour,None,MC5_00037,45716.65139,Animal,NoahSills,3,Pteronura brasiliensis,38:00.1
MC-5,11/02/2025,08/05/2025,Ceymour,None,MC5_00038,45716.65139,Animal,NoahSills,3,Pteronura brasiliensis,38:00.1
MC-5,11/02/2025,08/05/2025,Ceymour,None,MC5_00038,45716.65139,Animal,NoahSills,3,Pteronura brasiliensis,38:00.1
MC-5,11/02/2025,08/05/2025,Ceymour,None,MC5_00039,45716.65139,Animal,NoahSills,3,Pteronura brasiliensis,38:00.1
MC-5,11/02/2025,08/05/2025,Ceymour,None,MC5_00039,45716.65139,Animal,NoahSills,3,Pteronura brasiliensis,38:00.1
MC-5,11/02/2025,08/05/2025,Ceymour,None,MC5_00040,45716.65139,Animal,NoahSills,2,Pteronura brasiliensis,38:00.1
MC-5,11/02/2025,08/05/2025,Ceymour,None,MC5_00040,45716.65139,Animal,NoahSills,2,Pteronura brasiliensis,38:00.1
MC-5,11/02/2025,08/05/2025,Ceymour,None,MC5_00041,45716.65139,Animal,NoahSills,2,Pteronura brasiliensis,38:00.1
MC-5,11/02/2025,08/05/2025,Ceymour,None,MC5_00041,45716.65139,Animal,NoahSills,2,Pteronura brasiliensis,38:00.1
MC-5,11/02/2025,08/05/2025,Ceymour,None,MC5_00042,45716.65139,Animal,NoahSills,2,Pteronura brasiliensis,38:00.1
MC-5,11/02/2025,08/05/2025,Ceymour,None,MC5_00042,45716.65139,Animal,NoahSills,2,Pteronura brasiliensis,38:00.1
MC-5,11/02/2025,08/05/2025,Ceymour,None,MC5_00034,45716.65069,Animal,NoahSills,2,Pteronura brasiliensis,36:59.6
MC-5,11/02/2025,08/05/2025,Ceymour,None,MC5_00034,45716.65069,Animal,NoahSills,2,Pteronura brasiliensis,36:59.6
MC-5,11/02/2025,08/05/2025,Ceymour,None,MC5_00035,45716.65069,Animal,NoahSills,3,Pteronura brasiliensis,36:59.6
MC-5,11/02/2025,08/05/2025,Ceymour,None,MC5_00035,45716.65069,Animal,NoahSills,3,Pteronura brasiliensis,36:59.6
MC-5,11/02/2025,08/05/2025,Ceymour,None,MC5_00036,45716.65069,Animal,NoahSills,3,Pteronura brasiliensis,36:59.6
MC-5,11/02/2025,08/05/2025,Ceymour,None,MC5_00036,45716.65069,Animal,NoahSills,3,Pteronura brasiliensis,36:59.6
MC-5,11/02/2025,08/05/2025,Ceymour,None,MC5_00031,45716.65,Animal,NoahSills,3,Pteronura brasiliensis,28/02/2025 11:36
MC-5,11/02/2025,08/05/2025,Ceymour,None,MC5_00031,45716.65,Animal,NoahSills,3,Pteronura brasiliensis,28/02/2025 11:36
MC-5,11/02/2025,08/05/2025,Ceymour,None,MC5_00032,45716.65,Animal,NoahSills,3,Pteronura brasiliensis,28/02/2025 11:36
MC-5,11/02/2025,08/05/2025,Ceymour,None,MC5_00032,45716.65,Animal,NoahSills,3,Pteronura brasiliensis,28/02/2025 11:36
MC-5,11/02/2025,08/05/2025,Ceymour,None,MC5_00033,45716.65,Animal,NoahSills,3,Pteronura brasiliensis,28/02/2025 11:36
MC-5,11/02/2025,08/05/2025,Ceymour,None,MC5_00033,45716.65,Animal,NoahSills,3,Pteronura brasiliensis,28/02/2025 11:36
MC-5,11/02/2025,08/05/2025,Ceymour,None,MC5_00025,45716.64931,Animal,NoahSills,2,Pteronura brasiliensis,35:00.4
MC-5,11/02/2025,08/05/2025,Ceymour,None,MC5_00025,45716.64931,Animal,NoahSills,2,Pteronura brasiliensis,35:00.4
MC-5,11/02/2025,08/05/2025,Ceymour,None,MC5_00026,45716.64931,Animal,NoahSills,2,Pteronura brasiliensis,35:00.4
MC-5,11/02/2025,08/05/2025,Ceymour,None,MC5_00026,45716.64931,Animal,NoahSills,2,Pteronura brasiliensis,35:00.4
MC-5,11/02/2025,08/05/2025,Ceymour,None,MC5_00027,45716.64931,Animal,NoahSills,2,Pteronura brasiliensis,35:00.4
MC-5,11/02/2025,08/05/2025,Ceymour,None,MC5_00027,45716.64931,Animal,NoahSills,2,Pteronura brasiliensis,35:00.4
MC-5,11/02/2025,08/05/2025,Ceymour,None,MC5_00028,45716.64931,Animal,NoahSills,2,Pteronura brasiliensis,35:00.4
MC-5,11/02/2025,08/05/2025,Ceymour,None,MC5_00028,45716.64931,Animal,NoahSills,2,Pteronura brasiliensis,35:00.4
MC-5,11/02/2025,08/05/2025,Ceymour,None,MC5_00029,45716.64931,Animal,NoahSills,2,Pteronura brasiliensis,35:00.4
MC-5,11/02/2025,08/05/2025,Ceymour,None,MC5_00029,45716.64931,Animal,NoahSills,2,Pteronura brasiliensis,35:00.4
MC-5,11/02/2025,08/05/2025,Ceymour,None,MC5_00030,45716.64931,Animal,NoahSills,2,Pteronura brasiliensis,35:00.4
MC-5,11/02/2025,08/05/2025,Ceymour,None,MC5_00030,45716.64931,Animal,NoahSills,2,Pteronura brasiliensis,35:00.4
MC-5,11/02/2025,08/05/2025,Ceymour,None,MC5_00021,45716.64861,Animal,NoahSills,4,Pteronura brasiliensis,33:59.9
MC-5,11/02/2025,08/05/2025,Ceymour,None,MC5_00021,45716.64861,Animal,NoahSills,4,Pteronura brasiliensis,33:59.9
MC-5,11/02/2025,08/05/2025,Ceymour,None,MC5_00022,45716.64861,Animal,NoahSills,2,Pteronura brasiliensis,33:59.9
MC-5,11/02/2025,08/05/2025,Ceymour,None,MC5_00022,45716.64861,Animal,NoahSills,2,Pteronura brasiliensis,33:59.9
MC-5,11/02/2025,08/05/2025,Ceymour,None,MC5_00023,45716.64861,Animal,NoahSills,2,Pteronura brasiliensis,33:59.9
MC-5,11/02/2025,08/05/2025,Ceymour,None,MC5_00023,45716.64861,Animal,NoahSills,2,Pteronura brasiliensis,33:59.9
MC-5,11/02/2025,08/05/2025,Ceymour,None,MC5_00024,45716.64861,Animal,NoahSills,2,Pteronura brasiliensis,33:59.9
MC-5,11/02/2025,08/05/2025,Ceymour,None,MC5_00024,45716.64861,Animal,NoahSills,2,Pteronura brasiliensis,33:59.9
MC-5,11/02/2025,08/05/2025,Ceymour,None,MC5_00019,45716.64792,Animal,NoahSills,3,Pteronura brasiliensis,33:00.3
MC-5,11/02/2025,08/05/2025,Ceymour,None,MC5_00019,45716.64792,Animal,NoahSills,3,Pteronura brasiliensis,33:00.3
MC-5,11/02/2025,08/05/2025,Ceymour,None,MC5_00020,45716.64792,Animal,NoahSills,4,Pteronura brasiliensis,33:00.3
MC-5,11/02/2025,08/05/2025,Ceymour,None,MC5_00020,45716.64792,Animal,NoahSills,4,Pteronura brasiliensis,33:00.3
MC-5,11/02/2025,08/05/2025,Ceymour,None,MC5_00016,45716.64722,Animal,NoahSills,1,Pteronura brasiliensis,31:59.8
MC-5,11/02/2025,08/05/2025,Ceymour,None,MC5_00016,45716.64722,Animal,NoahSills,1,Pteronura brasiliensis,31:59.8
MC-5,11/02/2025,08/05/2025,Ceymour,None,MC5_00017,45716.64722,Animal,NoahSills,1,Pteronura brasiliensis,31:59.8
MC-5,11/02/2025,08/05/2025,Ceymour,None,MC5_00017,45716.64722,Animal,NoahSills,1,Pteronura brasiliensis,31:59.8
MC-5,11/02/2025,08/05/2025,Ceymour,None,MC5_00018,45716.64722,Animal,NoahSills,1,Pteronura brasiliensis,31:59.8
MC-5,11/02/2025,08/05/2025,Ceymour,None,MC5_00018,45716.64722,Animal,NoahSills,1,Pteronura brasiliensis,31:59.8
MC-18,12/02/2025,08/05/2025,Ceymour,None,MC18_00014,45716.54306,Animal,NoahSills,1,Dasyprocta leporina,02:00.4
MC-21,12/02/2025,08/05/2025,Ceymour,None,MC21_00045,45715.76458,Animal,NoahSills,1,Dasyprocta leporina,20:59.7
MC-21,12/02/2025,08/05/2025,Ceymour,None,MC21_00044,45715.74514,Animal,NoahSills,1,Dasyprocta leporina,53:00.1
MC-21,12/02/2025,08/05/2025,Ceymour,None,MC21_00043,45715.36528,Animal,NoahSills,1,Dasyprocta leporina,46:00.2
MC-2,11/02/2025,08/05/2025,Ceymour,None,MC2_00074,45715.30486,Animal,NoahSills,1,Bubulcus ibis ibis,18:59.9
MC-2,11/02/2025,08/05/2025,Ceymour,None,MC2_00074,45715.30486,Animal,NoahSills,1,Bubulcus ibis ibis,18:59.9
MC-21,12/02/2025,08/05/2025,Ceymour,None,MC21_00042,45715.28542,Animal,NoahSills,2,Dasyprocta leporina,51:00.3
MC-18,12/02/2025,08/05/2025,Ceymour,None,MC18_00013,45715.25417,Animal,NoahSills,1,Dasyprocta leporina,06:00.3
MC-18,12/02/2025,08/05/2025,Ceymour,None,MC18_00012,45715.25278,Animal,NoahSills,1,Dasyprocta leporina,04:00.2
MC-7,11/02/2025,08/05/2025,Ceymour,None,MC7_00010,45714.93125,Animal,NoahSills,1,Mesomys hispidus,26/02/2025 18:21
MC-7,11/02/2025,08/05/2025,Ceymour,None,MC7_00010,45714.93125,Animal,NoahSills,1,Mesomys hispidus,26/02/2025 18:21
MC-12,11/02/2025,08/05/2025,Ceymour,None,MC12_00012,45714.90278,Animal,NoahSills,1,Cuniculus paca,40:00.2
MC-21,12/02/2025,08/05/2025,Ceymour,None,MC21_00041,45714.76736,Animal,NoahSills,1,Dasyprocta leporina,24:59.9
MC-21,12/02/2025,08/05/2025,Ceymour,None,MC21_00040,45714.7625,Animal,NoahSills,1,Dasyprocta leporina,45714.59583
MC-21,12/02/2025,08/05/2025,Ceymour,None,MC21_00039,45714.75556,Animal,NoahSills,1,Dasyprocta leporina,08:00.4
MC-21,12/02/2025,08/05/2025,Ceymour,None,MC21_00038,45714.7,Animal,NoahSills,1,Dasyprocta leporina,45714.53333
MC-21,12/02/2025,08/05/2025,Ceymour,None,MC21_00037,45714.69375,Animal,NoahSills,1,Dasyprocta leporina,26/02/2025 12:39
MC-13,11/02/2025,08/05/2025,Ceymour,None,M13_00004,45714.49792,Animal,NoahSills,1,Pteronura brasiliensis,57:00.3
MC-5,11/02/2025,08/05/2025,Ceymour,None,MC5_00013,45714.49306,Animal,NoahSills,1,Cebus olivaceus,50:00.4
MC-5,11/02/2025,08/05/2025,Ceymour,None,MC5_00013,45714.49306,Animal,NoahSills,1,Cebus olivaceus,50:00.4
MC-5,11/02/2025,08/05/2025,Ceymour,None,MC5_00014,45714.49306,Animal,NoahSills,1,Cebus olivaceus,50:00.4
MC-5,11/02/2025,08/05/2025,Ceymour,None,MC5_00014,45714.49306,Animal,NoahSills,1,Cebus olivaceus,50:00.4
MC-5,11/02/2025,08/05/2025,Ceymour,None,MC5_00015,45714.49306,Animal,NoahSills,1,Cebus olivaceus,50:00.4
MC-5,11/02/2025,08/05/2025,Ceymour,None,MC5_00015,45714.49306,Animal,NoahSills,1,Cebus olivaceus,50:00.4
MC-13,11/02/2025,08/05/2025,Ceymour,None,M13_00006,45714.31528,Animal,NoahSills,1,Pteronura brasiliensis,34:00.2
MC-13,11/02/2025,08/05/2025,Ceymour,None,M13_00005,45714.31458,Animal,NoahSills,1,Pteronura brasiliensis,32:59.7
MC-12,11/02/2025,08/05/2025,Ceymour,None,MC12_00011,45714.24028,Animal,NoahSills,1,Nyctidromus albicollis,46:00.2
MC-12,11/02/2025,08/05/2025,Ceymour,None,MC12_00010,45713.81528,Animal,NoahSills,1,Cuniculus paca,34:00.2
MC-4,11/02/2025,08/05/2025,Ceymour,None,MC4_00007,45713.77361,Animal,NoahSills,1,Marmosa murina,33:59.9
MC-4,11/02/2025,08/05/2025,Ceymour,None,MC4_00007,45713.77361,Animal,NoahSills,1,Marmosa murina,33:59.9
MC-21,12/02/2025,08/05/2025,Ceymour,None,MC21_00036,45713.76319,Animal,NoahSills,1,Dasyprocta leporina,18:59.6
MC-21,12/02/2025,08/05/2025,Ceymour,None,MC21_00035,45713.75278,Animal,NoahSills,1,Dasyprocta leporina,04:00.2
MC-2,11/02/2025,08/05/2025,Ceymour,None,MC2_00073,45713.71736,Animal,NoahSills,18,Bubulcus ibis ibis,12:59.9
MC-2,11/02/2025,08/05/2025,Ceymour,None,MC2_00073,45713.71736,Animal,NoahSills,18,Bubulcus ibis ibis,12:59.9
MC-12,11/02/2025,08/05/2025,Ceymour,None,MC12_00009,45713.63056,Animal,NoahSills,1,Crotophaga ani,08:00.4
MC-2,11/02/2025,08/05/2025,Ceymour,None,MC2_00072,45713.54792,Animal,NoahSills,3,Bubulcus ibis ibis,09:00.3
MC-2,11/02/2025,08/05/2025,Ceymour,None,MC2_00072,45713.54792,Animal,NoahSills,3,Bubulcus ibis ibis,09:00.3
MC-2,11/02/2025,08/05/2025,Ceymour,None,MC2_00071,45713.53125,Animal,NoahSills,17,Bubulcus ibis ibis,25/02/2025 8:45
MC-2,11/02/2025,08/05/2025,Ceymour,None,MC2_00071,45713.53125,Animal,NoahSills,17,Bubulcus ibis ibis,25/02/2025 8:45
MC-2,11/02/2025,08/05/2025,Ceymour,None,MC2_00070,45713.52222,Animal,NoahSills,17,Bubulcus ibis ibis,31:59.8
MC-2,11/02/2025,08/05/2025,Ceymour,None,MC2_00070,45713.52222,Animal,NoahSills,17,Bubulcus ibis ibis,31:59.8
MC-2,11/02/2025,08/05/2025,Ceymour,None,MC2_00069,45713.52083,Animal,NoahSills,19,Bubulcus ibis ibis,29:59.7
MC-2,11/02/2025,08/05/2025,Ceymour,None,MC2_00069,45713.52083,Animal,NoahSills,19,Bubulcus ibis ibis,29:59.7
MC-2,11/02/2025,08/05/2025,Ceymour,None,MC2_00068,45713.51944,Animal,NoahSills,21,Bubulcus ibis ibis,27:59.6
MC-2,11/02/2025,08/05/2025,Ceymour,None,MC2_00068,45713.51944,Animal,NoahSills,21,Bubulcus ibis ibis,27:59.6
MC-2,11/02/2025,08/05/2025,Ceymour,None,MC2_00067,45713.51875,Animal,NoahSills,17,Bubulcus ibis ibis,25/02/2025 8:27
MC-2,11/02/2025,08/05/2025,Ceymour,None,MC2_00067,45713.51875,Animal,NoahSills,17,Bubulcus ibis ibis,25/02/2025 8:27
MC-2,11/02/2025,08/05/2025,Ceymour,None,MC2_00066,45713.51806,Animal,NoahSills,17,Bubulcus ibis ibis,26:00.4
MC-2,11/02/2025,08/05/2025,Ceymour,None,MC2_00066,45713.51806,Animal,NoahSills,17,Bubulcus ibis ibis,26:00.4
MC-2,11/02/2025,08/05/2025,Ceymour,None,MC2_00065,45713.51667,Animal,NoahSills,18,Bubulcus ibis ibis,24:00.3
MC-2,11/02/2025,08/05/2025,Ceymour,None,MC2_00065,45713.51667,Animal,NoahSills,18,Bubulcus ibis ibis,24:00.3
MC-2,11/02/2025,08/05/2025,Ceymour,None,MC2_00064,45713.51528,Animal,NoahSills,22,Bubulcus ibis ibis,22:00.2
MC-2,11/02/2025,08/05/2025,Ceymour,None,MC2_00064,45713.51528,Animal,NoahSills,22,Bubulcus ibis ibis,22:00.2
MC-2,11/02/2025,08/05/2025,Ceymour,None,MC2_00063,45713.51458,Animal,NoahSills,17,Bubulcus ibis ibis,20:59.7
MC-2,11/02/2025,08/05/2025,Ceymour,None,MC2_00063,45713.51458,Animal,NoahSills,17,Bubulcus ibis ibis,20:59.7
MC-2,11/02/2025,08/05/2025,Ceymour,None,MC2_00061,45713.51319,Animal,NoahSills,19,Bubulcus ibis ibis,18:59.6
MC-2,11/02/2025,08/05/2025,Ceymour,None,MC2_00061,45713.51319,Animal,NoahSills,19,Bubulcus ibis ibis,18:59.6
MC-2,11/02/2025,08/05/2025,Ceymour,None,MC2_00062,45713.51319,Animal,NoahSills,21,Bubulcus ibis ibis,18:59.6
MC-2,11/02/2025,08/05/2025,Ceymour,None,MC2_00062,45713.51319,Animal,NoahSills,21,Bubulcus ibis ibis,18:59.6
MC-2,11/02/2025,08/05/2025,Ceymour,None,MC2_00060,45713.51181,Animal,NoahSills,19,Bubulcus ibis ibis,17:00.4
MC-2,11/02/2025,08/05/2025,Ceymour,None,MC2_00060,45713.51181,Animal,NoahSills,19,Bubulcus ibis ibis,17:00.4
MC-2,11/02/2025,08/05/2025,Ceymour,None,MC2_00059,45713.51111,Animal,NoahSills,21,Bubulcus ibis ibis,15:59.9
MC-2,11/02/2025,08/05/2025,Ceymour,None,MC2_00059,45713.51111,Animal,NoahSills,21,Bubulcus ibis ibis,15:59.9
MC-2,11/02/2025,08/05/2025,Ceymour,None,MC2_00058,45713.51042,Animal,NoahSills,21,Bubulcus ibis ibis,15:00.3
MC-2,11/02/2025,08/05/2025,Ceymour,None,MC2_00058,45713.51042,Animal,NoahSills,21,Bubulcus ibis ibis,15:00.3
MC-2,11/02/2025,08/05/2025,Ceymour,None,MC2_00057,45713.50972,Animal,NoahSills,20,Bubulcus ibis ibis,13:59.8
MC-2,11/02/2025,08/05/2025,Ceymour,None,MC2_00057,45713.50972,Animal,NoahSills,20,Bubulcus ibis ibis,13:59.8
MC-2,11/02/2025,08/05/2025,Ceymour,None,MC2_00056,45713.50903,Animal,NoahSills,19,Bubulcus ibis ibis,13:00.2
MC-2,11/02/2025,08/05/2025,Ceymour,None,MC2_00056,45713.50903,Animal,NoahSills,19,Bubulcus ibis ibis,13:00.2
MC-2,11/02/2025,08/05/2025,Ceymour,None,MC2_00055,45713.50833,Animal,NoahSills,20,Bubulcus ibis ibis,11:59.7
MC-2,11/02/2025,08/05/2025,Ceymour,None,MC2_00055,45713.50833,Animal,NoahSills,20,Bubulcus ibis ibis,11:59.7
MC-2,11/02/2025,08/05/2025,Ceymour,None,MC2_00054,45713.50764,Animal,NoahSills,23,Bubulcus ibis ibis,11:00.1
MC-2,11/02/2025,08/05/2025,Ceymour,None,MC2_00054,45713.50764,Animal,NoahSills,23,Bubulcus ibis ibis,11:00.1
MC-2,11/02/2025,08/05/2025,Ceymour,None,MC2_00053,45713.50694,Animal,NoahSills,20,Bubulcus ibis ibis,09:59.6
MC-2,11/02/2025,08/05/2025,Ceymour,None,MC2_00053,45713.50694,Animal,NoahSills,20,Bubulcus ibis ibis,09:59.6
MC-2,11/02/2025,08/05/2025,Ceymour,None,MC2_00052,45713.50625,Animal,NoahSills,21,Bubulcus ibis ibis,25/02/2025 8:09
MC-2,11/02/2025,08/05/2025,Ceymour,None,MC2_00052,45713.50625,Animal,NoahSills,21,Bubulcus ibis ibis,25/02/2025 8:09
MC-2,11/02/2025,08/05/2025,Ceymour,None,MC2_00051,45713.50417,Animal,NoahSills,21,Bubulcus ibis ibis,06:00.3
MC-2,11/02/2025,08/05/2025,Ceymour,None,MC2_00051,45713.50417,Animal,NoahSills,21,Bubulcus ibis ibis,06:00.3
MC-2,11/02/2025,08/05/2025,Ceymour,None,MC2_00050,45713.50278,Animal,NoahSills,19,Bubulcus ibis ibis,04:00.2
MC-2,11/02/2025,08/05/2025,Ceymour,None,MC2_00050,45713.50278,Animal,NoahSills,19,Bubulcus ibis ibis,04:00.2
MC-2,11/02/2025,08/05/2025,Ceymour,None,MC2_00049,45713.50208,Animal,NoahSills,19,Bubulcus ibis ibis,02:59.7
MC-2,11/02/2025,08/05/2025,Ceymour,None,MC2_00049,45713.50208,Animal,NoahSills,19,Bubulcus ibis ibis,02:59.7
MC-2,11/02/2025,08/05/2025,Ceymour,None,MC2_00048,45713.50139,Animal,NoahSills,19,Bubulcus ibis ibis,02:00.1
MC-2,11/02/2025,08/05/2025,Ceymour,None,MC2_00048,45713.50139,Animal,NoahSills,19,Bubulcus ibis ibis,02:00.1
MC-2,11/02/2025,08/05/2025,Ceymour,None,MC2_00047,45713.50069,Animal,NoahSills,19,Bubulcus ibis ibis,00:59.6
MC-2,11/02/2025,08/05/2025,Ceymour,None,MC2_00047,45713.50069,Animal,NoahSills,19,Bubulcus ibis ibis,00:59.6
MC-2,11/02/2025,08/05/2025,Ceymour,None,MC2_00046,45713.49931,Animal,NoahSills,15,Bubulcus ibis ibis,59:00.4
MC-2,11/02/2025,08/05/2025,Ceymour,None,MC2_00046,45713.49931,Animal,NoahSills,15,Bubulcus ibis ibis,59:00.4
MC-2,11/02/2025,08/05/2025,Ceymour,None,MC2_00045,45713.49792,Animal,NoahSills,15,Bubulcus ibis ibis,57:00.3
MC-2,11/02/2025,08/05/2025,Ceymour,None,MC2_00045,45713.49792,Animal,NoahSills,15,Bubulcus ibis ibis,57:00.3
MC-2,11/02/2025,08/05/2025,Ceymour,None,MC2_00044,45713.41458,Animal,NoahSills,14,Bubulcus ibis ibis,56:59.7
MC-2,11/02/2025,08/05/2025,Ceymour,None,MC2_00044,45713.41458,Animal,NoahSills,14,Bubulcus ibis ibis,56:59.7
MC-2,11/02/2025,08/05/2025,Ceymour,None,MC2_00043,45713.4,Animal,NoahSills,14,Bubulcus ibis ibis,25/02/2025 5:36
MC-2,11/02/2025,08/05/2025,Ceymour,None,MC2_00043,45713.4,Animal,NoahSills,14,Bubulcus ibis ibis,25/02/2025 5:36
MC-2,11/02/2025,08/05/2025,Ceymour,None,MC2_00042,45713.39375,Animal,NoahSills,17,Bubulcus ibis ibis,25/02/2025 5:27
MC-2,11/02/2025,08/05/2025,Ceymour,None,MC2_00042,45713.39375,Animal,NoahSills,17,Bubulcus ibis ibis,25/02/2025 5:27
MC-2,11/02/2025,08/05/2025,Ceymour,None,MC2_00041,45713.39167,Animal,NoahSills,11,Bubulcus ibis ibis,24:00.3
MC-2,11/02/2025,08/05/2025,Ceymour,None,MC2_00041,45713.39167,Animal,NoahSills,11,Bubulcus ibis ibis,24:00.3
MC-2,11/02/2025,08/05/2025,Ceymour,None,MC2_00040,45713.38194,Animal,NoahSills,15,Bubulcus ibis ibis,09:59.6
MC-2,11/02/2025,08/05/2025,Ceymour,None,MC2_00040,45713.38194,Animal,NoahSills,15,Bubulcus ibis ibis,09:59.6
MC-2,11/02/2025,08/05/2025,Ceymour,None,MC2_00039,45713.325,Animal,NoahSills,13,Bubulcus ibis ibis,45713.15833
MC-2,11/02/2025,08/05/2025,Ceymour,None,MC2_00039,45713.325,Animal,NoahSills,13,Bubulcus ibis ibis,45713.15833
MC-21,12/02/2025,08/05/2025,Ceymour,None,MC21_00034,45713.27847,Animal,NoahSills,1,Dasyprocta leporina,40:59.8
MC-21,12/02/2025,08/05/2025,Ceymour,None,MC21_00033,45713.27708,Animal,NoahSills,1,Dasyprocta leporina,38:59.7
MC-18,12/02/2025,08/05/2025,Ceymour,None,MC18_00011,45712.87083,Animal,NoahSills,1,Dasyprocta leporina,53:59.7
MC-18,12/02/2025,08/05/2025,Ceymour,None,MC18_00010,45712.87014,Animal,NoahSills,1,Dasyprocta leporina,53:00.1
MC-3,11/02/2025,08/05/2025,Ceymour,None,IM_00005,24/02/2025 19:53,Animal,NoahSills,1,Tamandua tetradactyla,24/02/2025 19:53
MC-3,11/02/2025,08/05/2025,Ceymour,None,IM_00005,24/02/2025 19:53,Animal,NoahSills,1,Tamandua tetradactyla,24/02/2025 19:53
MC-8,11/02/2025,08/05/2025,Ceymour,None,MC8_00015,45712.65486,Animal,NoahSills,1,Pteronura brasiliensis,42:59.9
MC-8,11/02/2025,08/05/2025,Ceymour,None,MC8_00015,45712.65486,Animal,NoahSills,1,Pteronura brasiliensis,42:59.9
MC-8,11/02/2025,08/05/2025,Ceymour,None,MC8_00013,45712.65347,Animal,NoahSills,2,Pteronura brasiliensis,40:59.8
MC-8,11/02/2025,08/05/2025,Ceymour,None,MC8_00013,45712.65347,Animal,NoahSills,2,Pteronura brasiliensis,40:59.8
MC-8,11/02/2025,08/05/2025,Ceymour,None,MC8_00014,45712.65347,Animal,NoahSills,1,Pteronura brasiliensis,40:59.8
MC-8,11/02/2025,08/05/2025,Ceymour,None,MC8_00014,45712.65347,Animal,NoahSills,1,Pteronura brasiliensis,40:59.8
MC-8,11/02/2025,08/05/2025,Ceymour,None,MC8_00012,45712.65278,Animal,NoahSills,2,Pteronura brasiliensis,40:00.2
MC-8,11/02/2025,08/05/2025,Ceymour,None,MC8_00012,45712.65278,Animal,NoahSills,2,Pteronura brasiliensis,40:00.2
MC-8,11/02/2025,08/05/2025,Ceymour,None,MC8_00011,45712.64931,Animal,NoahSills,1,Pteronura brasiliensis,35:00.4
MC-8,11/02/2025,08/05/2025,Ceymour,None,MC8_00011,45712.64931,Animal,NoahSills,1,Pteronura brasiliensis,35:00.4
MC-8,11/02/2025,08/05/2025,Ceymour,None,MC8_00010,45712.64861,Animal,NoahSills,1,Pteronura brasiliensis,33:59.9
MC-8,11/02/2025,08/05/2025,Ceymour,None,MC8_00010,45712.64861,Animal,NoahSills,1,Pteronura brasiliensis,33:59.9
MC-8,11/02/2025,08/05/2025,Ceymour,None,MC8_00009,45712.64792,Animal,NoahSills,1,Pteronura brasiliensis,33:00.3
MC-8,11/02/2025,08/05/2025,Ceymour,None,MC8_00009,45712.64792,Animal,NoahSills,1,Pteronura brasiliensis,33:00.3
MC-8,11/02/2025,08/05/2025,Ceymour,None,MC8_00008,45712.64514,Animal,NoahSills,1,Pteronura brasiliensis,29:00.1
MC-8,11/02/2025,08/05/2025,Ceymour,None,MC8_00008,45712.64514,Animal,NoahSills,1,Pteronura brasiliensis,29:00.1
MC-8,11/02/2025,08/05/2025,Ceymour,None,MC8_00007,45712.64375,Animal,NoahSills,1,Pteronura brasiliensis,24/02/2025 11:27
MC-8,11/02/2025,08/05/2025,Ceymour,None,MC8_00007,45712.64375,Animal,NoahSills,1,Pteronura brasiliensis,24/02/2025 11:27
MC-8,11/02/2025,08/05/2025,Ceymour,None,MC8_00006,45712.64306,Animal,NoahSills,1,Pteronura brasiliensis,26:00.4
MC-8,11/02/2025,08/05/2025,Ceymour,None,MC8_00006,45712.64306,Animal,NoahSills,1,Pteronura brasiliensis,26:00.4
MC-8,11/02/2025,08/05/2025,Ceymour,None,MC8_00005,45712.59792,Animal,NoahSills,1,Pteronura brasiliensis,21:00.3
MC-8,11/02/2025,08/05/2025,Ceymour,None,MC8_00005,45712.59792,Animal,NoahSills,1,Pteronura brasiliensis,21:00.3
MC-8,11/02/2025,08/05/2025,Ceymour,None,MC8_00004,45712.59653,Animal,NoahSills,1,Pteronura brasiliensis,19:00.2
MC-8,11/02/2025,08/05/2025,Ceymour,None,MC8_00004,45712.59653,Animal,NoahSills,1,Pteronura brasiliensis,19:00.2
MC-2,11/02/2025,08/05/2025,Ceymour,None,MC2_00038,45712.59375,Animal,NoahSills,3,Bubulcus ibis ibis,24/02/2025 10:15
MC-2,11/02/2025,08/05/2025,Ceymour,None,MC2_00038,45712.59375,Animal,NoahSills,3,Bubulcus ibis ibis,24/02/2025 10:15
MC-8,11/02/2025,08/05/2025,Ceymour,None,MC8_00003,45712.59306,Animal,NoahSills,2,Pteronura brasiliensis,14:00.4
MC-8,11/02/2025,08/05/2025,Ceymour,None,MC8_00003,45712.59306,Animal,NoahSills,2,Pteronura brasiliensis,14:00.4
MC-8,11/02/2025,08/05/2025,Ceymour,None,MC8_00002,45712.58889,Animal,NoahSills,1,Pteronura brasiliensis,08:00.1
MC-8,11/02/2025,08/05/2025,Ceymour,None,MC8_00002,45712.58889,Animal,NoahSills,1,Pteronura brasiliensis,08:00.1
MC-2,11/02/2025,08/05/2025,Ceymour,None,MC2_00037,45712.58819,Animal,NoahSills,1,Bubulcus ibis ibis,06:59.6
MC-2,11/02/2025,08/05/2025,Ceymour,None,MC2_00037,45712.58819,Animal,NoahSills,1,Bubulcus ibis ibis,06:59.6
MC-8,11/02/2025,08/05/2025,Ceymour,None,MC8_00001,45712.58611,Animal,NoahSills,1,Pteronura brasiliensis,03:59.9
MC-8,11/02/2025,08/05/2025,Ceymour,None,MC8_00001,45712.58611,Animal,NoahSills,1,Pteronura brasiliensis,03:59.9
MC-7,11/02/2025,08/05/2025,Ceymour,None,MC7_00009,45712.40833,Animal,NoahSills,1,Cebus olivaceus,47:59.7
MC-7,11/02/2025,08/05/2025,Ceymour,None,MC7_00009,45712.40833,Animal,NoahSills,1,Cebus olivaceus,47:59.7
MC-21,12/02/2025,08/05/2025,Ceymour,None,MC21_00032,45712.25556,Animal,NoahSills,1,Dasyprocta leporina,08:00.4
MC-12,11/02/2025,08/05/2025,Ceymour,None,MC12_00008,45712.06528,Animal,NoahSills,1,Proechimys guyannensis,34:00.2
MC-21,12/02/2025,08/05/2025,Ceymour,None,MC21_00031,45712.0125,Animal,NoahSills,1,Cuniculus paca,45711.84583
MC-21,12/02/2025,08/05/2025,Ceymour,None,MC21_00030,45711.74931,Animal,NoahSills,1,Dasyprocta leporina,59:00.4
MC-21,12/02/2025,08/05/2025,Ceymour,None,MC21_00029,45711.74722,Animal,NoahSills,1,Dasyprocta leporina,55:59.8
MC-18,12/02/2025,08/05/2025,Ceymour,None,MC18_00009,45711.05625,Animal,NoahSills,1,Cuniculus paca,22/02/2025 21:21
MC-21,12/02/2025,08/05/2025,Ceymour,None,MC21_00028,45710.33681,Animal,NoahSills,1,Dasyprocta leporina,05:00.4
MC-7,11/02/2025,08/05/2025,Ceymour,None,MC7_00008,45709.86458,Animal,NoahSills,1,Mesomys hispidus,44:59.7
MC-7,11/02/2025,08/05/2025,Ceymour,None,MC7_00008,45709.86458,Animal,NoahSills,1,Mesomys hispidus,44:59.7
MC-21,12/02/2025,08/05/2025,Ceymour,None,MC21_00027,45709.74375,Animal,NoahSills,1,Dasyprocta leporina,21/02/2025 13:51
MC-18,12/02/2025,08/05/2025,Ceymour,None,MC18_00008,45709.72986,Animal,NoahSills,1,Dasyprocta leporina,30:59.9
MC-21,12/02/2025,08/05/2025,Ceymour,None,MC21_00026,45709.70833,Animal,NoahSills,1,Dasyprocta leporina,59:59.7
MC-18,12/02/2025,08/05/2025,Ceymour,None,MC18_00007,45709.54028,Animal,NoahSills,1,Dasyprocta leporina,58:00.2
MC-4,11/02/2025,08/05/2025,Ceymour,None,MC4_00006,45709.21597,Animal,NoahSills,1,Marmosa murina,10:59.8
MC-4,11/02/2025,08/05/2025,Ceymour,None,MC4_00006,45709.21597,Animal,NoahSills,1,Marmosa murina,10:59.8
MC-18,12/02/2025,08/05/2025,Ceymour,None,MC18_00006,45708.97569,Animal,NoahSills,1,Cuniculus paca,24:59.6
MC-18,12/02/2025,08/05/2025,Ceymour,None,MC18_00005,45708.85,Animal,NoahSills,1,Cuniculus paca,20/02/2025 16:24
MC-18,12/02/2025,08/05/2025,Ceymour,None,MC18_00004,45708.84028,Animal,NoahSills,1,Cuniculus paca,10:00.2
MC-18,12/02/2025,08/05/2025,Ceymour,None,MC18_00003,45708.83958,Animal,NoahSills,1,Cuniculus paca,08:59.7
MC-12,11/02/2025,08/05/2025,Ceymour,None,MC12_00007,45708.80764,Animal,NoahSills,1,Cuniculus paca,23:00.1
MC-12,11/02/2025,08/05/2025,Ceymour,None,MC12_00006,45708.77847,Animal,NoahSills,1,Cuniculus paca,40:59.8
MC-21,12/02/2025,08/05/2025,Ceymour,None,MC21_00021,45708.34306,Animal,NoahSills,1,Dasyprocta leporina,14:00.4
MC-21,12/02/2025,08/05/2025,Ceymour,None,MC21_00020,45708.26389,Animal,NoahSills,1,Dasyprocta leporina,20:00.1
MC-4,11/02/2025,08/05/2025,Ceymour,None,MC4_00005,45707.97986,Animal,NoahSills,1,Marmosa murina,30:59.9
MC-4,11/02/2025,08/05/2025,Ceymour,None,MC4_00005,45707.97986,Animal,NoahSills,1,Marmosa murina,30:59.9
MC-4,11/02/2025,08/05/2025,Ceymour,None,MC4_00004,45707.97708,Animal,NoahSills,1,Marmosa murina,26:59.7
MC-4,11/02/2025,08/05/2025,Ceymour,None,MC4_00004,45707.97708,Animal,NoahSills,1,Marmosa murina,26:59.7
MC-12,11/02/2025,08/05/2025,Ceymour,None,MC12_00005,45707.85139,Animal,NoahSills,1,Cuniculus paca,26:00.1
MC-21,12/02/2025,08/05/2025,Ceymour,None,MC21_00019,45707.75764,Animal,NoahSills,1,Dasyprocta leporina,11:00.1
MC-21,12/02/2025,08/05/2025,Ceymour,None,MC21_00018,45707.73958,Animal,NoahSills,1,Dasyprocta leporina,44:59.7
MC-21,12/02/2025,08/05/2025,Ceymour,None,MC21_00017,45707.72986,Animal,NoahSills,1,Dasyprocta leporina,30:59.9
MC-21,12/02/2025,08/05/2025,Ceymour,None,MC21_00025,45707.72708,Animal,NoahSills,1,Dasyprocta leporina,26:59.7
MC-21,12/02/2025,08/05/2025,Ceymour,None,MC21_00016,45707.72153,Animal,NoahSills,1,Dasyprocta leporina,19:00.2
MC-21,12/02/2025,08/05/2025,Ceymour,None,MC21_00024,45707.71181,Animal,NoahSills,1,Dasyprocta leporina,05:00.4
MC-21,12/02/2025,08/05/2025,Ceymour,None,MC21_00023,45707.71042,Animal,NoahSills,1,Dasyprocta leporina,03:00.3
MC-21,12/02/2025,08/05/2025,Ceymour,None,MC21_00015,45707.70764,Animal,NoahSills,1,Dasyprocta leporina,59:00.1
MC-21,12/02/2025,08/05/2025,Ceymour,None,MC21_00022,45707.69375,Animal,NoahSills,1,Dasyprocta leporina,19/02/2025 12:39
MC-21,12/02/2025,08/05/2025,Ceymour,None,MC21_00014,45707.64653,Animal,NoahSills,1,Dasyprocta leporina,31:00.2
MC-21,12/02/2025,08/05/2025,Ceymour,None,MC21_00013,45707.56319,Animal,NoahSills,1,Dasyprocta leporina,30:59.6
MC-12,11/02/2025,08/05/2025,Ceymour,None,MC12_00004,45707.14167,Animal,NoahSills,1,Cuniculus paca,24:00.3
MC-7,11/02/2025,08/05/2025,Ceymour,None,MC7_00007,45706.92917,Animal,NoahSills,1,Potos flavus,18:00.3
MC-7,11/02/2025,08/05/2025,Ceymour,None,MC7_00007,45706.92917,Animal,NoahSills,1,Potos flavus,18:00.3
MC-12,11/02/2025,08/05/2025,Ceymour,None,MC12_00003,45706.89931,Animal,NoahSills,1,Cuniculus paca,35:00.4
MC-21,12/02/2025,08/05/2025,Ceymour,None,MC21_00012,45706.82986,Animal,NoahSills,1,Mazama americana,54:59.9
MC-21,12/02/2025,08/05/2025,Ceymour,None,MC21_00011,45706.73403,Animal,NoahSills,1,Dasyprocta leporina,37:00.2
MC-2,11/02/2025,08/05/2025,Ceymour,None,MC2_00036,45706.72639,Animal,NoahSills,23,Bubulcus ibis ibis,26:00.1
MC-2,11/02/2025,08/05/2025,Ceymour,None,MC2_00036,45706.72639,Animal,NoahSills,23,Bubulcus ibis ibis,26:00.1
MC-2,11/02/2025,08/05/2025,Ceymour,None,MC2_00035,45706.42222,Animal,NoahSills,45,Bubulcus ibis ibis,07:59.8
MC-2,11/02/2025,08/05/2025,Ceymour,None,MC2_00035,45706.42222,Animal,NoahSills,45,Bubulcus ibis ibis,07:59.8
MC-2,11/02/2025,08/05/2025,Ceymour,None,MC2_00034,45706.40694,Animal,NoahSills,30,Bubulcus ibis ibis,45:59.6
MC-2,11/02/2025,08/05/2025,Ceymour,None,MC2_00034,45706.40694,Animal,NoahSills,30,Bubulcus ibis ibis,45:59.6
MC-2,11/02/2025,08/05/2025,Ceymour,None,MC2_00033,45706.40278,Animal,NoahSills,21,Bubulcus ibis ibis,40:00.2
MC-2,11/02/2025,08/05/2025,Ceymour,None,MC2_00033,45706.40278,Animal,NoahSills,21,Bubulcus ibis ibis,40:00.2
MC-2,11/02/2025,08/05/2025,Ceymour,None,MC2_00032,45706.40069,Animal,NoahSills,20,Bubulcus ibis ibis,36:59.6
MC-2,11/02/2025,08/05/2025,Ceymour,None,MC2_00032,45706.40069,Animal,NoahSills,20,Bubulcus ibis ibis,36:59.6
MC-2,11/02/2025,08/05/2025,Ceymour,None,MC2_00031,45706.39931,Animal,NoahSills,17,Bubulcus ibis ibis,35:00.4
MC-2,11/02/2025,08/05/2025,Ceymour,None,MC2_00031,45706.39931,Animal,NoahSills,17,Bubulcus ibis ibis,35:00.4
MC-2,11/02/2025,08/05/2025,Ceymour,None,MC2_00030,45706.39792,Animal,NoahSills,21,Bubulcus ibis ibis,33:00.3
MC-2,11/02/2025,08/05/2025,Ceymour,None,MC2_00030,45706.39792,Animal,NoahSills,21,Bubulcus ibis ibis,33:00.3
MC-2,11/02/2025,08/05/2025,Ceymour,None,MC2_00029,45706.39722,Animal,NoahSills,18,Bubulcus ibis ibis,31:59.8
MC-2,11/02/2025,08/05/2025,Ceymour,None,MC2_00029,45706.39722,Animal,NoahSills,18,Bubulcus ibis ibis,31:59.8
MC-2,11/02/2025,08/05/2025,Ceymour,None,MC2_00028,45706.39653,Animal,NoahSills,16,Bubulcus ibis ibis,31:00.2
MC-2,11/02/2025,08/05/2025,Ceymour,None,MC2_00028,45706.39653,Animal,NoahSills,16,Bubulcus ibis ibis,31:00.2
MC-2,11/02/2025,08/05/2025,Ceymour,None,MC2_00027,45706.39514,Animal,NoahSills,21,Bubulcus ibis ibis,29:00.1
MC-2,11/02/2025,08/05/2025,Ceymour,None,MC2_00027,45706.39514,Animal,NoahSills,21,Bubulcus ibis ibis,29:00.1
MC-2,11/02/2025,08/05/2025,Ceymour,None,MC2_00026,45706.39444,Animal,NoahSills,20,Bubulcus ibis ibis,27:59.6
MC-2,11/02/2025,08/05/2025,Ceymour,None,MC2_00026,45706.39444,Animal,NoahSills,20,Bubulcus ibis ibis,27:59.6
MC-2,11/02/2025,08/05/2025,Ceymour,None,MC2_00025,45706.39236,Animal,NoahSills,19,Bubulcus ibis ibis,24:59.9
MC-2,11/02/2025,08/05/2025,Ceymour,None,MC2_00025,45706.39236,Animal,NoahSills,19,Bubulcus ibis ibis,24:59.9
MC-2,11/02/2025,08/05/2025,Ceymour,None,MC2_00024,45706.38958,Animal,NoahSills,21,Bubulcus ibis ibis,20:59.7
MC-2,11/02/2025,08/05/2025,Ceymour,None,MC2_00024,45706.38958,Animal,NoahSills,21,Bubulcus ibis ibis,20:59.7
MC-2,11/02/2025,08/05/2025,Ceymour,None,MC2_00023,45706.38889,Animal,NoahSills,22,Bubulcus ibis ibis,20:00.1
MC-2,11/02/2025,08/05/2025,Ceymour,None,MC2_00023,45706.38889,Animal,NoahSills,22,Bubulcus ibis ibis,20:00.1
MC-2,11/02/2025,08/05/2025,Ceymour,None,MC2_00022,45706.3875,Animal,NoahSills,18,Bubulcus ibis ibis,45706.22083
MC-2,11/02/2025,08/05/2025,Ceymour,None,MC2_00022,45706.3875,Animal,NoahSills,18,Bubulcus ibis ibis,45706.22083
MC-12,11/02/2025,08/05/2025,Ceymour,None,MC12_00002,45706.23542,Animal,NoahSills,1,Procyon cancrivorus,39:00.3
MC-21,12/02/2025,08/05/2025,Ceymour,None,MC21_00010,45705.75903,Animal,NoahSills,1,Dasyprocta leporina,13:00.2
MC-21,12/02/2025,08/05/2025,Ceymour,None,MC21_00009,45705.73403,Animal,NoahSills,1,Dasyprocta leporina,37:00.2
MC-21,12/02/2025,08/05/2025,Ceymour,None,MC21_00008,45705.70903,Animal,NoahSills,1,Dasyprocta leporina,01:00.2
MC-2,11/02/2025,08/05/2025,Ceymour,None,MC2_00021,45705.70347,Animal,NoahSills,7,Bubulcus ibis ibis,52:59.8
MC-2,11/02/2025,08/05/2025,Ceymour,None,MC2_00021,45705.70347,Animal,NoahSills,7,Bubulcus ibis ibis,52:59.8
MC-21,12/02/2025,08/05/2025,Ceymour,None,MC21_00007,45705.68819,Animal,NoahSills,1,Dasyprocta leporina,30:59.6
MC-2,11/02/2025,08/05/2025,Ceymour,None,MC2_00020,45705.57778,Animal,NoahSills,35,Bubulcus ibis ibis,52:00.2
MC-2,11/02/2025,08/05/2025,Ceymour,None,MC2_00020,45705.57778,Animal,NoahSills,35,Bubulcus ibis ibis,52:00.2
MC-2,11/02/2025,08/05/2025,Ceymour,None,MC2_00019,45705.53611,Animal,NoahSills,24,Bubulcus ibis ibis,51:59.9
MC-2,11/02/2025,08/05/2025,Ceymour,None,MC2_00019,45705.53611,Animal,NoahSills,24,Bubulcus ibis ibis,51:59.9
MC-2,11/02/2025,08/05/2025,Ceymour,None,MC2_00018,45705.53194,Animal,NoahSills,26,Bubulcus ibis ibis,45:59.6
MC-2,11/02/2025,08/05/2025,Ceymour,None,MC2_00018,45705.53194,Animal,NoahSills,26,Bubulcus ibis ibis,45:59.6
MC-2,11/02/2025,08/05/2025,Ceymour,None,MC2_00017,45705.51458,Animal,NoahSills,21,Bubulcus ibis ibis,20:59.7
MC-2,11/02/2025,08/05/2025,Ceymour,None,MC2_00017,45705.51458,Animal,NoahSills,21,Bubulcus ibis ibis,20:59.7
MC-2,11/02/2025,08/05/2025,Ceymour,None,MC2_00016,45705.51389,Animal,NoahSills,29,Bubulcus ibis ibis,20:00.1
MC-2,11/02/2025,08/05/2025,Ceymour,None,MC2_00016,45705.51389,Animal,NoahSills,29,Bubulcus ibis ibis,20:00.1
MC-18,12/02/2025,08/05/2025,Ceymour,None,MC18_00002,45705.50278,Animal,NoahSills,1,Dasyprocta leporina,04:00.2
MC-2,11/02/2025,08/05/2025,Ceymour,None,MC2_00015,45705.50139,Animal,NoahSills,15,Bubulcus ibis ibis,02:00.1
MC-2,11/02/2025,08/05/2025,Ceymour,None,MC2_00015,45705.50139,Animal,NoahSills,15,Bubulcus ibis ibis,02:00.1
MC-2,11/02/2025,08/05/2025,Ceymour,None,MC2_00014,45705.49097,Animal,NoahSills,50,Bubulcus ibis ibis,46:59.8
MC-2,11/02/2025,08/05/2025,Ceymour,None,MC2_00014,45705.49097,Animal,NoahSills,50,Bubulcus ibis ibis,46:59.8
MC-2,11/02/2025,08/05/2025,Ceymour,None,MC2_00013,45705.48958,Animal,NoahSills,24,Bubulcus ibis ibis,44:59.7
MC-2,11/02/2025,08/05/2025,Ceymour,None,MC2_00013,45705.48958,Animal,NoahSills,24,Bubulcus ibis ibis,44:59.7
MC-2,11/02/2025,08/05/2025,Ceymour,None,MC2_00012,45705.46042,Animal,NoahSills,30,Bubulcus ibis ibis,03:00.3
MC-2,11/02/2025,08/05/2025,Ceymour,None,MC2_00012,45705.46042,Animal,NoahSills,30,Bubulcus ibis ibis,03:00.3
MC-2,11/02/2025,08/05/2025,Ceymour,None,MC2_00011,45705.45486,Animal,NoahSills,33,Bubulcus ibis ibis,54:59.9
MC-2,11/02/2025,08/05/2025,Ceymour,None,MC2_00011,45705.45486,Animal,NoahSills,33,Bubulcus ibis ibis,54:59.9
MC-2,11/02/2025,08/05/2025,Ceymour,None,MC2_00010,45705.44514,Animal,NoahSills,30,Bubulcus ibis ibis,41:00.1
MC-2,11/02/2025,08/05/2025,Ceymour,None,MC2_00010,45705.44514,Animal,NoahSills,30,Bubulcus ibis ibis,41:00.1
MC-2,11/02/2025,08/05/2025,Ceymour,None,MC2_00009,45705.44097,Animal,NoahSills,18,Bubulcus ibis ibis,34:59.8
MC-2,11/02/2025,08/05/2025,Ceymour,None,MC2_00009,45705.44097,Animal,NoahSills,18,Bubulcus ibis ibis,34:59.8
MC-7,11/02/2025,08/05/2025,Ceymour,None,MC7_00006,45705.30972,Animal,NoahSills,1,Cebus olivaceus,25:59.8
MC-7,11/02/2025,08/05/2025,Ceymour,None,MC7_00006,45705.30972,Animal,NoahSills,1,Cebus olivaceus,25:59.8
MC-4,11/02/2025,08/05/2025,Ceymour,None,MC4_00003,45705.20764,Animal,NoahSills,1,Marmosa murina,59:00.1
MC-4,11/02/2025,08/05/2025,Ceymour,None,MC4_00003,45705.20764,Animal,NoahSills,1,Marmosa murina,59:00.1
MC-4,11/02/2025,08/05/2025,Ceymour,None,MC4_00002,45705.10694,Animal,NoahSills,1,Marmosa murina,33:59.6
MC-4,11/02/2025,08/05/2025,Ceymour,None,MC4_00002,45705.10694,Animal,NoahSills,1,Marmosa murina,33:59.6
MC-3,11/02/2025,08/05/2025,Ceymour,None,IM_00004,17/02/2025 2:20,Animal,NoahSills,1,Mazama americana,17/02/2025 2:20
MC-3,11/02/2025,08/05/2025,Ceymour,None,IM_00004,17/02/2025 2:20,Animal,NoahSills,1,Mazama americana,17/02/2025 2:20
MC-3,11/02/2025,08/05/2025,Ceymour,None,IM_00003,17/02/2025 2:19,Animal,NoahSills,1,Mazama americana,17/02/2025 2:19
MC-3,11/02/2025,08/05/2025,Ceymour,None,IM_00003,17/02/2025 2:19,Animal,NoahSills,1,Mazama americana,17/02/2025 2:19
MC-2,11/02/2025,08/05/2025,Ceymour,None,MC2_00008,45704.68889,Animal,NoahSills,8,Bubulcus ibis ibis,32:00.1
MC-2,11/02/2025,08/05/2025,Ceymour,None,MC2_00008,45704.68889,Animal,NoahSills,8,Bubulcus ibis ibis,32:00.1
MC-7,11/02/2025,08/05/2025,Ceymour,None,MC7_00005,45704.47917,Animal,NoahSills,1,Cebus olivaceus,30:00.3
MC-7,11/02/2025,08/05/2025,Ceymour,None,MC7_00005,45704.47917,Animal,NoahSills,1,Cebus olivaceus,30:00.3
MC-5,11/02/2025,08/05/2025,Ceymour,None,MC5_00010,45704.47361,Animal,NoahSills,1,Cebus olivaceus,21:59.9
MC-5,11/02/2025,08/05/2025,Ceymour,None,MC5_00010,45704.47361,Animal,NoahSills,1,Cebus olivaceus,21:59.9
MC-5,11/02/2025,08/05/2025,Ceymour,None,MC5_00011,45704.47361,Animal,NoahSills,1,Cebus olivaceus,21:59.9
MC-5,11/02/2025,08/05/2025,Ceymour,None,MC5_00011,45704.47361,Animal,NoahSills,1,Cebus olivaceus,21:59.9
MC-5,11/02/2025,08/05/2025,Ceymour,None,MC5_00012,45704.47361,Animal,NoahSills,1,Cebus olivaceus,21:59.9
MC-5,11/02/2025,08/05/2025,Ceymour,None,MC5_00012,45704.47361,Animal,NoahSills,1,Cebus olivaceus,21:59.9
MC-21,12/02/2025,08/05/2025,Ceymour,None,MC21_00006,45704.42014,Animal,NoahSills,1,Dasyprocta leporina,05:00.1
MC-21,12/02/2025,08/05/2025,Ceymour,None,MC21_00005,45704.27083,Animal,NoahSills,1,Dasyprocta leporina,29:59.7
MC-21,12/02/2025,08/05/2025,Ceymour,None,MC21_00004,45703.75694,Animal,NoahSills,1,Dasyprocta leporina,09:59.6
MC-2,11/02/2025,08/05/2025,Ceymour,None,MC2_00007,45703.70903,Animal,NoahSills,12,Bubulcus ibis ibis,01:00.2
MC-2,11/02/2025,08/05/2025,Ceymour,None,MC2_00007,45703.70903,Animal,NoahSills,12,Bubulcus ibis ibis,01:00.2
MC-2,11/02/2025,08/05/2025,Ceymour,None,MC2_00006,45703.70417,Animal,NoahSills,18,Bubulcus ibis ibis,54:00.3
MC-2,11/02/2025,08/05/2025,Ceymour,None,MC2_00006,45703.70417,Animal,NoahSills,18,Bubulcus ibis ibis,54:00.3
MC-2,11/02/2025,08/05/2025,Ceymour,None,MC2_00005,45703.70069,Animal,NoahSills,18,Bubulcus ibis ibis,48:59.6
MC-2,11/02/2025,08/05/2025,Ceymour,None,MC2_00005,45703.70069,Animal,NoahSills,18,Bubulcus ibis ibis,48:59.6
MC-5,11/02/2025,08/05/2025,Ceymour,None,MC5_00007,45703.68889,Animal,NoahSills,3,Tayassu pecari,32:00.1
MC-5,11/02/2025,08/05/2025,Ceymour,None,MC5_00007,45703.68889,Animal,NoahSills,3,Tayassu pecari,32:00.1
MC-5,11/02/2025,08/05/2025,Ceymour,None,MC5_00008,45703.68889,Animal,NoahSills,2,Tayassu pecari,32:00.1
MC-5,11/02/2025,08/05/2025,Ceymour,None,MC5_00008,45703.68889,Animal,NoahSills,2,Tayassu pecari,32:00.1
MC-5,11/02/2025,08/05/2025,Ceymour,None,MC5_00009,45703.68889,Animal,NoahSills,2,Tayassu pecari,32:00.1
MC-5,11/02/2025,08/05/2025,Ceymour,None,MC5_00009,45703.68889,Animal,NoahSills,2,Tayassu pecari,32:00.1
MC-5,11/02/2025,08/05/2025,Ceymour,None,MC5_00004,45703.6875,Animal,NoahSills,4,Tayassu pecari,15/02/2025 12:30
MC-5,11/02/2025,08/05/2025,Ceymour,None,MC5_00004,45703.6875,Animal,NoahSills,4,Tayassu pecari,15/02/2025 12:30
MC-5,11/02/2025,08/05/2025,Ceymour,None,MC5_00005,45703.6875,Animal,NoahSills,3,Tayassu pecari,15/02/2025 12:30
MC-5,11/02/2025,08/05/2025,Ceymour,None,MC5_00005,45703.6875,Animal,NoahSills,3,Tayassu pecari,15/02/2025 12:30
MC-5,11/02/2025,08/05/2025,Ceymour,None,MC5_00006,45703.6875,Animal,NoahSills,3,Tayassu pecari,15/02/2025 12:30
MC-5,11/02/2025,08/05/2025,Ceymour,None,MC5_00006,45703.6875,Animal,NoahSills,3,Tayassu pecari,15/02/2025 12:30
MC-5,11/02/2025,08/05/2025,Ceymour,None,MC5_00001,45703.68681,Animal,NoahSills,1,Tayassu pecari,29:00.4
MC-5,11/02/2025,08/05/2025,Ceymour,None,MC5_00001,45703.68681,Animal,NoahSills,1,Tayassu pecari,29:00.4
MC-5,11/02/2025,08/05/2025,Ceymour,None,MC5_00002,45703.68681,Animal,NoahSills,2,Tayassu pecari,29:00.4
MC-5,11/02/2025,08/05/2025,Ceymour,None,MC5_00002,45703.68681,Animal,NoahSills,2,Tayassu pecari,29:00.4
MC-5,11/02/2025,08/05/2025,Ceymour,None,MC5_00003,45703.68681,Animal,NoahSills,2,Tayassu pecari,29:00.4
MC-5,11/02/2025,08/05/2025,Ceymour,None,MC5_00003,45703.68681,Animal,NoahSills,2,Tayassu pecari,29:00.4
MC-2,11/02/2025,08/05/2025,Ceymour,None,MC2_00004,45703.68542,Animal,NoahSills,2,Crotophaga ani,27:00.3
MC-2,11/02/2025,08/05/2025,Ceymour,None,MC2_00004,45703.68542,Animal,NoahSills,2,Crotophaga ani,27:00.3
MC-2,11/02/2025,08/05/2025,Ceymour,None,MC2_00004,45703.68542,Animal,NoahSills,21,Bubulcus ibis ibis,27:00.3
MC-2,11/02/2025,08/05/2025,Ceymour,None,MC2_00004,45703.68542,Animal,NoahSills,21,Bubulcus ibis ibis,27:00.3
MC-2,11/02/2025,08/05/2025,Ceymour,None,MC2_00003,45703.60972,Animal,NoahSills,3,Crotophaga ani,37:59.8
MC-2,11/02/2025,08/05/2025,Ceymour,None,MC2_00003,45703.60972,Animal,NoahSills,3,Crotophaga ani,37:59.8
MC-2,11/02/2025,08/05/2025,Ceymour,None,MC2_00002,45703.60903,Animal,NoahSills,2,Crotophaga ani,37:00.2
MC-2,11/02/2025,08/05/2025,Ceymour,None,MC2_00002,45703.60903,Animal,NoahSills,2,Crotophaga ani,37:00.2
MC-18,12/02/2025,08/05/2025,Ceymour,None,MC18_00001,45703.26736,Animal,NoahSills,1,Dasyprocta leporina,24:59.9
MC-2,11/02/2025,08/05/2025,Ceymour,None,MC2_00001,45702.74792,Animal,NoahSills,2,Opisthocomus hoazin,57:00.3
MC-2,11/02/2025,08/05/2025,Ceymour,None,MC2_00001,45702.74792,Animal,NoahSills,2,Opisthocomus hoazin,57:00.3
MC-4,11/02/2025,08/05/2025,Ceymour,None,MC4_00001,45701.84306,Animal,NoahSills,1,Marmosa murina,14:00.4
MC-4,11/02/2025,08/05/2025,Ceymour,None,MC4_00001,45701.84306,Animal,NoahSills,1,Marmosa murina,14:00.4
MC-21,12/02/2025,08/05/2025,Ceymour,None,MC21_00003,45701.69306,Animal,NoahSills,1,Dasyprocta leporina,38:00.4
MC-21,12/02/2025,08/05/2025,Ceymour,None,MC21_00002,45701.62986,Animal,NoahSills,1,Dasyprocta leporina,06:59.9
MC-21,12/02/2025,08/05/2025,Ceymour,None,MC21_00001,45701.62917,Animal,NoahSills,1,Dasyprocta leporina,06:00.3
MC-13,11/02/2025,08/05/2025,Ceymour,None,M13_00003,45701.49792,Animal,NoahSills,1,Pteronura brasiliensis,57:00.3
MC-13,11/02/2025,08/05/2025,Ceymour,None,M13_00001,45701.49722,Animal,NoahSills,2,Pteronura brasiliensis,55:59.8
MC-13,11/02/2025,08/05/2025,Ceymour,None,M13_00002,45701.49722,Animal,NoahSills,2,Pteronura brasiliensis,55:59.8
MC-12,11/02/2025,08/05/2025,Ceymour,None,MC12_00001,45701.28958,Animal,NoahSills,1,Tamandua tetradactyla,56:59.7
MC-7,11/02/2025,08/05/2025,Ceymour,None,MC7_00004,45700.44861,Animal,NoahSills,1,Saimiri sciureus,45:59.9
MC-7,11/02/2025,08/05/2025,Ceymour,None,MC7_00004,45700.44861,Animal,NoahSills,1,Saimiri sciureus,45:59.9
MC-7,11/02/2025,08/05/2025,Ceymour,None,MC7_00003,45700.44792,Animal,NoahSills,1,Saimiri sciureus,45:00.3
MC-7,11/02/2025,08/05/2025,Ceymour,None,MC7_00003,45700.44792,Animal,NoahSills,1,Saimiri sciureus,45:00.3
MC-7,11/02/2025,08/05/2025,Ceymour,None,MC7_00002,45699.83542,Animal,NoahSills,1,Marmosa murina,03:00.3
MC-7,11/02/2025,08/05/2025,Ceymour,None,MC7_00002,45699.83542,Animal,NoahSills,1,Marmosa murina,03:00.3
MC-7,11/02/2025,08/05/2025,Ceymour,None,MC7_00001,45699.82569,Animal,NoahSills,1,Marmosa murina,48:59.6
MC-7,11/02/2025,08/05/2025,Ceymour,None,MC7_00001,45699.82569,Animal,NoahSills,1,Marmosa murina,48:59.6
C-1,18/09/2024,31/12/2024,Ceymour,None,C1_00106,26/12/2024 1:58,Animal,NoahSills,1,Cuniculus paca,26/12/2024 1:58
MC-7-1,05/10/2024,17/12/2024,Ceymour,None,MC7_1_00026,09/12/2024 1:12,Animal,NoahSills,1,Leopardus pardalis,09/12/2024 1:12
MC-7-1,05/10/2024,17/12/2024,Ceymour,None,MC7_1_00026,09/12/2024 1:12,Animal,NoahSills,1,Leopardus pardalis,09/12/2024 1:12
C-1,18/09/2024,31/12/2024,Ceymour,None,C1_00104,08/12/2024 10:39,Animal,NoahSills,1,Dasyprocta leporina,08/12/2024 10:39
MC-8-1,05/10/2024,17/12/2024,Ceymour,None,MC8_1_00638,08/12/2024 9:21,Animal,NoahSills,1,Pteronura brasiliensis,08/12/2024 9:21
MC-8-1,05/10/2024,17/12/2024,Ceymour,None,MC8_1_00638,08/12/2024 9:21,Animal,NoahSills,1,Pteronura brasiliensis,08/12/2024 9:21
MC-8-1,05/10/2024,17/12/2024,Ceymour,None,MC8_1_00639,08/12/2024 9:21,Animal,NoahSills,1,Pteronura brasiliensis,08/12/2024 9:21
MC-8-1,05/10/2024,17/12/2024,Ceymour,None,MC8_1_00639,08/12/2024 9:21,Animal,NoahSills,1,Pteronura brasiliensis,08/12/2024 9:21
MC-8-1,05/10/2024,17/12/2024,Ceymour,None,MC8_1_00640,08/12/2024 9:21,Animal,NoahSills,1,Pteronura brasiliensis,08/12/2024 9:21
MC-8-1,05/10/2024,17/12/2024,Ceymour,None,MC8_1_00640,08/12/2024 9:21,Animal,NoahSills,1,Pteronura brasiliensis,08/12/2024 9:21
C-2,18/09/2024,31/12/2024,Ceymour,None,C2_01113,07/12/2024 17:05,Animal,NoahSills,1,Dasyprocta leporina,07/12/2024 17:05
C-2,18/09/2024,31/12/2024,Ceymour,None,C2_01112,06/12/2024 17:20,Animal,NoahSills,1,Dasyprocta leporina,06/12/2024 17:20
MC-8-1,05/10/2024,17/12/2024,Ceymour,None,MC8_1_00635,06/12/2024 10:50,Animal,NoahSills,1,Leptotila rufaxilla,06/12/2024 10:50
MC-8-1,05/10/2024,17/12/2024,Ceymour,None,MC8_1_00635,06/12/2024 10:50,Animal,NoahSills,1,Leptotila rufaxilla,06/12/2024 10:50
MC-8-1,05/10/2024,17/12/2024,Ceymour,None,MC8_1_00636,06/12/2024 10:50,Animal,NoahSills,1,Leptotila rufaxilla,06/12/2024 10:50
MC-8-1,05/10/2024,17/12/2024,Ceymour,None,MC8_1_00636,06/12/2024 10:50,Animal,NoahSills,1,Leptotila rufaxilla,06/12/2024 10:50
MC-8-1,05/10/2024,17/12/2024,Ceymour,None,MC8_1_00637,06/12/2024 10:50,Animal,NoahSills,1,Leptotila rufaxilla,06/12/2024 10:50
MC-8-1,05/10/2024,17/12/2024,Ceymour,None,MC8_1_00637,06/12/2024 10:50,Animal,NoahSills,1,Leptotila rufaxilla,06/12/2024 10:50
MC-7-1,05/10/2024,17/12/2024,Ceymour,None,MC7_1_00024,04/12/2024 2:40,Animal,NoahSills,1,Leopardus pardalis,04/12/2024 2:40
MC-7-1,05/10/2024,17/12/2024,Ceymour,None,MC7_1_00024,04/12/2024 2:40,Animal,NoahSills,1,Leopardus pardalis,04/12/2024 2:40
C-1,18/09/2024,31/12/2024,Ceymour,None,C1_00102,28/11/2024 19:51,Animal,NoahSills,1,Cuniculus paca,28/11/2024 19:51
C-2,18/09/2024,31/12/2024,Ceymour,None,C2_01103,27/11/2024 17:30,Animal,NoahSills,1,Dasyprocta leporina,27/11/2024 17:30
MC-8-1,05/10/2024,17/12/2024,Ceymour,None,MC8_1_00602,27/11/2024 14:35,Animal,NoahSills,1,Hydrochoerus hydrochaeris,27/11/2024 14:35
MC-8-1,05/10/2024,17/12/2024,Ceymour,None,MC8_1_00602,27/11/2024 14:35,Animal,NoahSills,1,Hydrochoerus hydrochaeris,27/11/2024 14:35
MC-8-1,05/10/2024,17/12/2024,Ceymour,None,MC8_1_00603,27/11/2024 14:35,Animal,NoahSills,1,Hydrochoerus hydrochaeris,27/11/2024 14:35
MC-8-1,05/10/2024,17/12/2024,Ceymour,None,MC8_1_00603,27/11/2024 14:35,Animal,NoahSills,1,Hydrochoerus hydrochaeris,27/11/2024 14:35
MC-8-1,05/10/2024,17/12/2024,Ceymour,None,MC8_1_00604,27/11/2024 14:35,Animal,NoahSills,1,Hydrochoerus hydrochaeris,27/11/2024 14:35
MC-8-1,05/10/2024,17/12/2024,Ceymour,None,MC8_1_00604,27/11/2024 14:35,Animal,NoahSills,1,Hydrochoerus hydrochaeris,27/11/2024 14:35
MC-8-1,05/10/2024,17/12/2024,Ceymour,None,MC8_1_00605,27/11/2024 14:35,Animal,NoahSills,1,Hydrochoerus hydrochaeris,27/11/2024 14:35
MC-8-1,05/10/2024,17/12/2024,Ceymour,None,MC8_1_00605,27/11/2024 14:35,Animal,NoahSills,1,Hydrochoerus hydrochaeris,27/11/2024 14:35
MC-8-1,05/10/2024,17/12/2024,Ceymour,None,MC8_1_00606,27/11/2024 14:35,Animal,NoahSills,1,Hydrochoerus hydrochaeris,27/11/2024 14:35
MC-8-1,05/10/2024,17/12/2024,Ceymour,None,MC8_1_00606,27/11/2024 14:35,Animal,NoahSills,1,Hydrochoerus hydrochaeris,27/11/2024 14:35
MC-8-1,05/10/2024,17/12/2024,Ceymour,None,MC8_1_00607,27/11/2024 14:35,Animal,NoahSills,1,Hydrochoerus hydrochaeris,27/11/2024 14:35
MC-8-1,05/10/2024,17/12/2024,Ceymour,None,MC8_1_00607,27/11/2024 14:35,Animal,NoahSills,1,Hydrochoerus hydrochaeris,27/11/2024 14:35
MC-8-1,05/10/2024,17/12/2024,Ceymour,None,MC8_1_00596,27/11/2024 14:34,Animal,NoahSills,1,Hydrochoerus hydrochaeris,27/11/2024 14:34
MC-8-1,05/10/2024,17/12/2024,Ceymour,None,MC8_1_00596,27/11/2024 14:34,Animal,NoahSills,1,Hydrochoerus hydrochaeris,27/11/2024 14:34
MC-8-1,05/10/2024,17/12/2024,Ceymour,None,MC8_1_00597,27/11/2024 14:34,Animal,NoahSills,1,Hydrochoerus hydrochaeris,27/11/2024 14:34
MC-8-1,05/10/2024,17/12/2024,Ceymour,None,MC8_1_00597,27/11/2024 14:34,Animal,NoahSills,1,Hydrochoerus hydrochaeris,27/11/2024 14:34
MC-8-1,05/10/2024,17/12/2024,Ceymour,None,MC8_1_00598,27/11/2024 14:34,Animal,NoahSills,1,Hydrochoerus hydrochaeris,27/11/2024 14:34
MC-8-1,05/10/2024,17/12/2024,Ceymour,None,MC8_1_00598,27/11/2024 14:34,Animal,NoahSills,1,Hydrochoerus hydrochaeris,27/11/2024 14:34
MC-8-1,05/10/2024,17/12/2024,Ceymour,None,MC8_1_00599,27/11/2024 14:34,Animal,NoahSills,1,Hydrochoerus hydrochaeris,27/11/2024 14:34
MC-8-1,05/10/2024,17/12/2024,Ceymour,None,MC8_1_00599,27/11/2024 14:34,Animal,NoahSills,1,Hydrochoerus hydrochaeris,27/11/2024 14:34
MC-8-1,05/10/2024,17/12/2024,Ceymour,None,MC8_1_00600,27/11/2024 14:34,Animal,NoahSills,1,Hydrochoerus hydrochaeris,27/11/2024 14:34
MC-8-1,05/10/2024,17/12/2024,Ceymour,None,MC8_1_00600,27/11/2024 14:34,Animal,NoahSills,1,Hydrochoerus hydrochaeris,27/11/2024 14:34
MC-8-1,05/10/2024,17/12/2024,Ceymour,None,MC8_1_00601,27/11/2024 14:34,Animal,NoahSills,1,Hydrochoerus hydrochaeris,27/11/2024 14:34
MC-8-1,05/10/2024,17/12/2024,Ceymour,None,MC8_1_00601,27/11/2024 14:34,Animal,NoahSills,1,Hydrochoerus hydrochaeris,27/11/2024 14:34
C-1,18/09/2024,31/12/2024,Ceymour,None,C1_00100,26/11/2024 5:10,Animal,NoahSills,1,Cerdocyon thous,26/11/2024 5:10
C-1,18/09/2024,31/12/2024,Ceymour,None,C1_00099,25/11/2024 8:52,Animal,NoahSills,1,Eira barbara,25/11/2024 8:52
C-2,18/09/2024,31/12/2024,Ceymour,None,C2_01099,24/11/2024 17:41,Animal,NoahSills,1,Dasyprocta leporina,24/11/2024 17:41
C-2,18/09/2024,31/12/2024,Ceymour,None,C2_01098,24/11/2024 17:28,Animal,NoahSills,1,Dasyprocta leporina,24/11/2024 17:28
C-2,18/09/2024,31/12/2024,Ceymour,None,C2_01097,24/11/2024 17:07,Animal,NoahSills,1,Dasyprocta leporina,24/11/2024 17:07
C-2,18/09/2024,31/12/2024,Ceymour,None,C2_01096,24/11/2024 16:52,Animal,NoahSills,1,Dasyprocta leporina,24/11/2024 16:52
C-2,18/09/2024,31/12/2024,Ceymour,None,C2_01095,24/11/2024 16:26,Animal,NoahSills,1,Dasyprocta leporina,24/11/2024 16:26
C-2,18/09/2024,31/12/2024,Ceymour,None,C2_01094,24/11/2024 16:15,Animal,NoahSills,1,Dasyprocta leporina,24/11/2024 16:15
MC-8-1,05/10/2024,17/12/2024,Ceymour,None,MC8_1_00587,22/11/2024 17:47,Animal,NoahSills,1,Pteronura brasiliensis,22/11/2024 17:47
MC-8-1,05/10/2024,17/12/2024,Ceymour,None,MC8_1_00587,22/11/2024 17:47,Animal,NoahSills,1,Pteronura brasiliensis,22/11/2024 17:47
MC-8-1,05/10/2024,17/12/2024,Ceymour,None,MC8_1_00588,22/11/2024 17:47,Animal,NoahSills,1,Pteronura brasiliensis,22/11/2024 17:47
MC-8-1,05/10/2024,17/12/2024,Ceymour,None,MC8_1_00588,22/11/2024 17:47,Animal,NoahSills,1,Pteronura brasiliensis,22/11/2024 17:47
MC-8-1,05/10/2024,17/12/2024,Ceymour,None,MC8_1_00589,22/11/2024 17:47,Animal,NoahSills,1,Pteronura brasiliensis,22/11/2024 17:47
MC-8-1,05/10/2024,17/12/2024,Ceymour,None,MC8_1_00589,22/11/2024 17:47,Animal,NoahSills,1,Pteronura brasiliensis,22/11/2024 17:47
MC-8-1,05/10/2024,17/12/2024,Ceymour,None,MC8_1_00590,22/11/2024 17:47,Animal,NoahSills,1,Pteronura brasiliensis,22/11/2024 17:47
MC-8-1,05/10/2024,17/12/2024,Ceymour,None,MC8_1_00590,22/11/2024 17:47,Animal,NoahSills,1,Pteronura brasiliensis,22/11/2024 17:47
MC-8-1,05/10/2024,17/12/2024,Ceymour,None,MC8_1_00591,22/11/2024 17:47,Animal,NoahSills,1,Pteronura brasiliensis,22/11/2024 17:47
MC-8-1,05/10/2024,17/12/2024,Ceymour,None,MC8_1_00591,22/11/2024 17:47,Animal,NoahSills,1,Pteronura brasiliensis,22/11/2024 17:47
MC-8-1,05/10/2024,17/12/2024,Ceymour,None,MC8_1_00592,22/11/2024 17:47,Animal,NoahSills,1,Pteronura brasiliensis,22/11/2024 17:47
MC-8-1,05/10/2024,17/12/2024,Ceymour,None,MC8_1_00592,22/11/2024 17:47,Animal,NoahSills,1,Pteronura brasiliensis,22/11/2024 17:47
MC-8-1,05/10/2024,17/12/2024,Ceymour,None,MC8_1_00581,22/11/2024 17:43,Animal,NoahSills,1,Pteronura brasiliensis,22/11/2024 17:43
MC-8-1,05/10/2024,17/12/2024,Ceymour,None,MC8_1_00581,22/11/2024 17:43,Animal,NoahSills,1,Pteronura brasiliensis,22/11/2024 17:43
MC-8-1,05/10/2024,17/12/2024,Ceymour,None,MC8_1_00582,22/11/2024 17:43,Animal,NoahSills,1,Pteronura brasiliensis,22/11/2024 17:43
MC-8-1,05/10/2024,17/12/2024,Ceymour,None,MC8_1_00582,22/11/2024 17:43,Animal,NoahSills,1,Pteronura brasiliensis,22/11/2024 17:43
MC-8-1,05/10/2024,17/12/2024,Ceymour,None,MC8_1_00583,22/11/2024 17:43,Animal,NoahSills,1,Pteronura brasiliensis,22/11/2024 17:43
MC-8-1,05/10/2024,17/12/2024,Ceymour,None,MC8_1_00583,22/11/2024 17:43,Animal,NoahSills,1,Pteronura brasiliensis,22/11/2024 17:43
MC-8-1,05/10/2024,17/12/2024,Ceymour,None,MC8_1_00584,22/11/2024 17:43,Animal,NoahSills,1,Pteronura brasiliensis,22/11/2024 17:43
MC-8-1,05/10/2024,17/12/2024,Ceymour,None,MC8_1_00584,22/11/2024 17:43,Animal,NoahSills,1,Pteronura brasiliensis,22/11/2024 17:43
MC-8-1,05/10/2024,17/12/2024,Ceymour,None,MC8_1_00585,22/11/2024 17:43,Animal,NoahSills,1,Pteronura brasiliensis,22/11/2024 17:43
MC-8-1,05/10/2024,17/12/2024,Ceymour,None,MC8_1_00585,22/11/2024 17:43,Animal,NoahSills,1,Pteronura brasiliensis,22/11/2024 17:43
MC-8-1,05/10/2024,17/12/2024,Ceymour,None,MC8_1_00586,22/11/2024 17:43,Animal,NoahSills,1,Pteronura brasiliensis,22/11/2024 17:43
MC-8-1,05/10/2024,17/12/2024,Ceymour,None,MC8_1_00586,22/11/2024 17:43,Animal,NoahSills,1,Pteronura brasiliensis,22/11/2024 17:43
MC-8-1,05/10/2024,17/12/2024,Ceymour,None,MC8_1_00575,22/11/2024 17:42,Animal,NoahSills,1,Pteronura brasiliensis,22/11/2024 17:42
MC-8-1,05/10/2024,17/12/2024,Ceymour,None,MC8_1_00575,22/11/2024 17:42,Animal,NoahSills,1,Pteronura brasiliensis,22/11/2024 17:42
MC-8-1,05/10/2024,17/12/2024,Ceymour,None,MC8_1_00576,22/11/2024 17:42,Animal,NoahSills,1,Pteronura brasiliensis,22/11/2024 17:42
MC-8-1,05/10/2024,17/12/2024,Ceymour,None,MC8_1_00576,22/11/2024 17:42,Animal,NoahSills,1,Pteronura brasiliensis,22/11/2024 17:42
MC-8-1,05/10/2024,17/12/2024,Ceymour,None,MC8_1_00577,22/11/2024 17:42,Animal,NoahSills,1,Pteronura brasiliensis,22/11/2024 17:42
MC-8-1,05/10/2024,17/12/2024,Ceymour,None,MC8_1_00577,22/11/2024 17:42,Animal,NoahSills,1,Pteronura brasiliensis,22/11/2024 17:42
MC-8-1,05/10/2024,17/12/2024,Ceymour,None,MC8_1_00578,22/11/2024 17:42,Animal,NoahSills,1,Pteronura brasiliensis,22/11/2024 17:42
MC-8-1,05/10/2024,17/12/2024,Ceymour,None,MC8_1_00578,22/11/2024 17:42,Animal,NoahSills,1,Pteronura brasiliensis,22/11/2024 17:42
MC-8-1,05/10/2024,17/12/2024,Ceymour,None,MC8_1_00579,22/11/2024 17:42,Animal,NoahSills,1,Pteronura brasiliensis,22/11/2024 17:42
MC-8-1,05/10/2024,17/12/2024,Ceymour,None,MC8_1_00579,22/11/2024 17:42,Animal,NoahSills,1,Pteronura brasiliensis,22/11/2024 17:42
MC-8-1,05/10/2024,17/12/2024,Ceymour,None,MC8_1_00580,22/11/2024 17:42,Animal,NoahSills,1,Pteronura brasiliensis,22/11/2024 17:42
MC-8-1,05/10/2024,17/12/2024,Ceymour,None,MC8_1_00580,22/11/2024 17:42,Animal,NoahSills,1,Pteronura brasiliensis,22/11/2024 17:42
MC-8-1,05/10/2024,17/12/2024,Ceymour,None,MC8_1_00569,22/11/2024 17:41,Animal,NoahSills,1,Pteronura brasiliensis,22/11/2024 17:41
MC-8-1,05/10/2024,17/12/2024,Ceymour,None,MC8_1_00569,22/11/2024 17:41,Animal,NoahSills,1,Pteronura brasiliensis,22/11/2024 17:41
MC-8-1,05/10/2024,17/12/2024,Ceymour,None,MC8_1_00570,22/11/2024 17:41,Animal,NoahSills,1,Pteronura brasiliensis,22/11/2024 17:41
MC-8-1,05/10/2024,17/12/2024,Ceymour,None,MC8_1_00570,22/11/2024 17:41,Animal,NoahSills,1,Pteronura brasiliensis,22/11/2024 17:41
MC-8-1,05/10/2024,17/12/2024,Ceymour,None,MC8_1_00571,22/11/2024 17:41,Animal,NoahSills,1,Pteronura brasiliensis,22/11/2024 17:41
MC-8-1,05/10/2024,17/12/2024,Ceymour,None,MC8_1_00571,22/11/2024 17:41,Animal,NoahSills,1,Pteronura brasiliensis,22/11/2024 17:41
MC-8-1,05/10/2024,17/12/2024,Ceymour,None,MC8_1_00572,22/11/2024 17:41,Animal,NoahSills,1,Pteronura brasiliensis,22/11/2024 17:41
MC-8-1,05/10/2024,17/12/2024,Ceymour,None,MC8_1_00572,22/11/2024 17:41,Animal,NoahSills,1,Pteronura brasiliensis,22/11/2024 17:41
MC-8-1,05/10/2024,17/12/2024,Ceymour,None,MC8_1_00573,22/11/2024 17:41,Animal,NoahSills,1,Pteronura brasiliensis,22/11/2024 17:41
MC-8-1,05/10/2024,17/12/2024,Ceymour,None,MC8_1_00573,22/11/2024 17:41,Animal,NoahSills,1,Pteronura brasiliensis,22/11/2024 17:41
MC-8-1,05/10/2024,17/12/2024,Ceymour,None,MC8_1_00574,22/11/2024 17:41,Animal,NoahSills,1,Pteronura brasiliensis,22/11/2024 17:41
MC-8-1,05/10/2024,17/12/2024,Ceymour,None,MC8_1_00574,22/11/2024 17:41,Animal,NoahSills,1,Pteronura brasiliensis,22/11/2024 17:41
MC-8-1,05/10/2024,17/12/2024,Ceymour,None,MC8_1_00566,22/11/2024 17:40,Animal,NoahSills,1,Pteronura brasiliensis,22/11/2024 17:40
MC-8-1,05/10/2024,17/12/2024,Ceymour,None,MC8_1_00566,22/11/2024 17:40,Animal,NoahSills,1,Pteronura brasiliensis,22/11/2024 17:40
MC-8-1,05/10/2024,17/12/2024,Ceymour,None,MC8_1_00567,22/11/2024 17:40,Animal,NoahSills,1,Pteronura brasiliensis,22/11/2024 17:40
MC-8-1,05/10/2024,17/12/2024,Ceymour,None,MC8_1_00567,22/11/2024 17:40,Animal,NoahSills,1,Pteronura brasiliensis,22/11/2024 17:40
MC-8-1,05/10/2024,17/12/2024,Ceymour,None,MC8_1_00568,22/11/2024 17:40,Animal,NoahSills,1,Pteronura brasiliensis,22/11/2024 17:40
MC-8-1,05/10/2024,17/12/2024,Ceymour,None,MC8_1_00568,22/11/2024 17:40,Animal,NoahSills,1,Pteronura brasiliensis,22/11/2024 17:40
MC-8-1,05/10/2024,17/12/2024,Ceymour,None,MC8_1_00563,22/11/2024 17:37,Animal,NoahSills,1,Pteronura brasiliensis,22/11/2024 17:37
MC-8-1,05/10/2024,17/12/2024,Ceymour,None,MC8_1_00563,22/11/2024 17:37,Animal,NoahSills,1,Pteronura brasiliensis,22/11/2024 17:37
MC-8-1,05/10/2024,17/12/2024,Ceymour,None,MC8_1_00564,22/11/2024 17:37,Animal,NoahSills,1,Pteronura brasiliensis,22/11/2024 17:37
MC-8-1,05/10/2024,17/12/2024,Ceymour,None,MC8_1_00564,22/11/2024 17:37,Animal,NoahSills,1,Pteronura brasiliensis,22/11/2024 17:37
MC-8-1,05/10/2024,17/12/2024,Ceymour,None,MC8_1_00565,22/11/2024 17:37,Animal,NoahSills,1,Pteronura brasiliensis,22/11/2024 17:37
MC-8-1,05/10/2024,17/12/2024,Ceymour,None,MC8_1_00565,22/11/2024 17:37,Animal,NoahSills,1,Pteronura brasiliensis,22/11/2024 17:37
MC-8-1,05/10/2024,17/12/2024,Ceymour,None,MC8_1_00557,22/11/2024 17:36,Animal,NoahSills,1,Pteronura brasiliensis,22/11/2024 17:36
MC-8-1,05/10/2024,17/12/2024,Ceymour,None,MC8_1_00557,22/11/2024 17:36,Animal,NoahSills,1,Pteronura brasiliensis,22/11/2024 17:36
MC-8-1,05/10/2024,17/12/2024,Ceymour,None,MC8_1_00558,22/11/2024 17:36,Animal,NoahSills,1,Pteronura brasiliensis,22/11/2024 17:36
MC-8-1,05/10/2024,17/12/2024,Ceymour,None,MC8_1_00558,22/11/2024 17:36,Animal,NoahSills,1,Pteronura brasiliensis,22/11/2024 17:36
MC-8-1,05/10/2024,17/12/2024,Ceymour,None,MC8_1_00559,22/11/2024 17:36,Animal,NoahSills,1,Pteronura brasiliensis,22/11/2024 17:36
MC-8-1,05/10/2024,17/12/2024,Ceymour,None,MC8_1_00559,22/11/2024 17:36,Animal,NoahSills,1,Pteronura brasiliensis,22/11/2024 17:36
MC-8-1,05/10/2024,17/12/2024,Ceymour,None,MC8_1_00560,22/11/2024 17:36,Animal,NoahSills,1,Pteronura brasiliensis,22/11/2024 17:36
MC-8-1,05/10/2024,17/12/2024,Ceymour,None,MC8_1_00560,22/11/2024 17:36,Animal,NoahSills,1,Pteronura brasiliensis,22/11/2024 17:36
MC-8-1,05/10/2024,17/12/2024,Ceymour,None,MC8_1_00561,22/11/2024 17:36,Animal,NoahSills,1,Pteronura brasiliensis,22/11/2024 17:36
MC-8-1,05/10/2024,17/12/2024,Ceymour,None,MC8_1_00561,22/11/2024 17:36,Animal,NoahSills,1,Pteronura brasiliensis,22/11/2024 17:36
MC-8-1,05/10/2024,17/12/2024,Ceymour,None,MC8_1_00562,22/11/2024 17:36,Animal,NoahSills,1,Pteronura brasiliensis,22/11/2024 17:36
MC-8-1,05/10/2024,17/12/2024,Ceymour,None,MC8_1_00562,22/11/2024 17:36,Animal,NoahSills,1,Pteronura brasiliensis,22/11/2024 17:36
MC-8-1,05/10/2024,17/12/2024,Ceymour,None,MC8_1_00551,22/11/2024 17:35,Animal,NoahSills,1,Pteronura brasiliensis,22/11/2024 17:35
MC-8-1,05/10/2024,17/12/2024,Ceymour,None,MC8_1_00551,22/11/2024 17:35,Animal,NoahSills,1,Pteronura brasiliensis,22/11/2024 17:35
MC-8-1,05/10/2024,17/12/2024,Ceymour,None,MC8_1_00552,22/11/2024 17:35,Animal,NoahSills,1,Pteronura brasiliensis,22/11/2024 17:35
MC-8-1,05/10/2024,17/12/2024,Ceymour,None,MC8_1_00552,22/11/2024 17:35,Animal,NoahSills,1,Pteronura brasiliensis,22/11/2024 17:35
MC-8-1,05/10/2024,17/12/2024,Ceymour,None,MC8_1_00553,22/11/2024 17:35,Animal,NoahSills,1,Pteronura brasiliensis,22/11/2024 17:35
MC-8-1,05/10/2024,17/12/2024,Ceymour,None,MC8_1_00553,22/11/2024 17:35,Animal,NoahSills,1,Pteronura brasiliensis,22/11/2024 17:35
MC-8-1,05/10/2024,17/12/2024,Ceymour,None,MC8_1_00554,22/11/2024 17:35,Animal,NoahSills,1,Pteronura brasiliensis,22/11/2024 17:35
MC-8-1,05/10/2024,17/12/2024,Ceymour,None,MC8_1_00554,22/11/2024 17:35,Animal,NoahSills,1,Pteronura brasiliensis,22/11/2024 17:35
MC-8-1,05/10/2024,17/12/2024,Ceymour,None,MC8_1_00555,22/11/2024 17:35,Animal,NoahSills,1,Pteronura brasiliensis,22/11/2024 17:35
MC-8-1,05/10/2024,17/12/2024,Ceymour,None,MC8_1_00555,22/11/2024 17:35,Animal,NoahSills,1,Pteronura brasiliensis,22/11/2024 17:35
MC-8-1,05/10/2024,17/12/2024,Ceymour,None,MC8_1_00556,22/11/2024 17:35,Animal,NoahSills,1,Pteronura brasiliensis,22/11/2024 17:35
MC-8-1,05/10/2024,17/12/2024,Ceymour,None,MC8_1_00556,22/11/2024 17:35,Animal,NoahSills,1,Pteronura brasiliensis,22/11/2024 17:35
MC-8-1,05/10/2024,17/12/2024,Ceymour,None,MC8_1_00545,22/11/2024 17:34,Animal,NoahSills,1,Pteronura brasiliensis,22/11/2024 17:34
MC-8-1,05/10/2024,17/12/2024,Ceymour,None,MC8_1_00545,22/11/2024 17:34,Animal,NoahSills,1,Pteronura brasiliensis,22/11/2024 17:34
MC-8-1,05/10/2024,17/12/2024,Ceymour,None,MC8_1_00546,22/11/2024 17:34,Animal,NoahSills,1,Pteronura brasiliensis,22/11/2024 17:34
MC-8-1,05/10/2024,17/12/2024,Ceymour,None,MC8_1_00546,22/11/2024 17:34,Animal,NoahSills,1,Pteronura brasiliensis,22/11/2024 17:34
MC-8-1,05/10/2024,17/12/2024,Ceymour,None,MC8_1_00547,22/11/2024 17:34,Animal,NoahSills,1,Pteronura brasiliensis,22/11/2024 17:34
MC-8-1,05/10/2024,17/12/2024,Ceymour,None,MC8_1_00547,22/11/2024 17:34,Animal,NoahSills,1,Pteronura brasiliensis,22/11/2024 17:34
MC-8-1,05/10/2024,17/12/2024,Ceymour,None,MC8_1_00548,22/11/2024 17:34,Animal,NoahSills,1,Pteronura brasiliensis,22/11/2024 17:34
MC-8-1,05/10/2024,17/12/2024,Ceymour,None,MC8_1_00548,22/11/2024 17:34,Animal,NoahSills,1,Pteronura brasiliensis,22/11/2024 17:34
MC-8-1,05/10/2024,17/12/2024,Ceymour,None,MC8_1_00549,22/11/2024 17:34,Animal,NoahSills,1,Pteronura brasiliensis,22/11/2024 17:34
MC-8-1,05/10/2024,17/12/2024,Ceymour,None,MC8_1_00549,22/11/2024 17:34,Animal,NoahSills,1,Pteronura brasiliensis,22/11/2024 17:34
MC-8-1,05/10/2024,17/12/2024,Ceymour,None,MC8_1_00550,22/11/2024 17:34,Animal,NoahSills,1,Pteronura brasiliensis,22/11/2024 17:34
MC-8-1,05/10/2024,17/12/2024,Ceymour,None,MC8_1_00550,22/11/2024 17:34,Animal,NoahSills,1,Pteronura brasiliensis,22/11/2024 17:34
MC-8-1,05/10/2024,17/12/2024,Ceymour,None,MC8_1_00536,22/11/2024 17:33,Animal,NoahSills,1,Pteronura brasiliensis,22/11/2024 17:33
MC-8-1,05/10/2024,17/12/2024,Ceymour,None,MC8_1_00536,22/11/2024 17:33,Animal,NoahSills,1,Pteronura brasiliensis,22/11/2024 17:33
MC-8-1,05/10/2024,17/12/2024,Ceymour,None,MC8_1_00537,22/11/2024 17:33,Animal,NoahSills,1,Pteronura brasiliensis,22/11/2024 17:33
MC-8-1,05/10/2024,17/12/2024,Ceymour,None,MC8_1_00537,22/11/2024 17:33,Animal,NoahSills,1,Pteronura brasiliensis,22/11/2024 17:33
MC-8-1,05/10/2024,17/12/2024,Ceymour,None,MC8_1_00538,22/11/2024 17:33,Animal,NoahSills,1,Pteronura brasiliensis,22/11/2024 17:33
MC-8-1,05/10/2024,17/12/2024,Ceymour,None,MC8_1_00538,22/11/2024 17:33,Animal,NoahSills,1,Pteronura brasiliensis,22/11/2024 17:33
MC-8-1,05/10/2024,17/12/2024,Ceymour,None,MC8_1_00539,22/11/2024 17:33,Animal,NoahSills,1,Pteronura brasiliensis,22/11/2024 17:33
MC-8-1,05/10/2024,17/12/2024,Ceymour,None,MC8_1_00539,22/11/2024 17:33,Animal,NoahSills,1,Pteronura brasiliensis,22/11/2024 17:33
MC-8-1,05/10/2024,17/12/2024,Ceymour,None,MC8_1_00540,22/11/2024 17:33,Animal,NoahSills,1,Pteronura brasiliensis,22/11/2024 17:33
MC-8-1,05/10/2024,17/12/2024,Ceymour,None,MC8_1_00540,22/11/2024 17:33,Animal,NoahSills,1,Pteronura brasiliensis,22/11/2024 17:33
MC-8-1,05/10/2024,17/12/2024,Ceymour,None,MC8_1_00541,22/11/2024 17:33,Animal,NoahSills,1,Pteronura brasiliensis,22/11/2024 17:33
MC-8-1,05/10/2024,17/12/2024,Ceymour,None,MC8_1_00541,22/11/2024 17:33,Animal,NoahSills,1,Pteronura brasiliensis,22/11/2024 17:33
MC-8-1,05/10/2024,17/12/2024,Ceymour,None,MC8_1_00542,22/11/2024 17:33,Animal,NoahSills,1,Pteronura brasiliensis,22/11/2024 17:33
MC-8-1,05/10/2024,17/12/2024,Ceymour,None,MC8_1_00542,22/11/2024 17:33,Animal,NoahSills,1,Pteronura brasiliensis,22/11/2024 17:33
MC-8-1,05/10/2024,17/12/2024,Ceymour,None,MC8_1_00543,22/11/2024 17:33,Animal,NoahSills,1,Pteronura brasiliensis,22/11/2024 17:33
MC-8-1,05/10/2024,17/12/2024,Ceymour,None,MC8_1_00543,22/11/2024 17:33,Animal,NoahSills,1,Pteronura brasiliensis,22/11/2024 17:33
MC-8-1,05/10/2024,17/12/2024,Ceymour,None,MC8_1_00544,22/11/2024 17:33,Animal,NoahSills,1,Pteronura brasiliensis,22/11/2024 17:33
MC-8-1,05/10/2024,17/12/2024,Ceymour,None,MC8_1_00544,22/11/2024 17:33,Animal,NoahSills,1,Pteronura brasiliensis,22/11/2024 17:33
MC-8-1,05/10/2024,17/12/2024,Ceymour,None,MC8_1_00533,22/11/2024 17:32,Animal,NoahSills,1,Pteronura brasiliensis,22/11/2024 17:32
MC-8-1,05/10/2024,17/12/2024,Ceymour,None,MC8_1_00533,22/11/2024 17:32,Animal,NoahSills,1,Pteronura brasiliensis,22/11/2024 17:32
MC-8-1,05/10/2024,17/12/2024,Ceymour,None,MC8_1_00534,22/11/2024 17:32,Animal,NoahSills,1,Pteronura brasiliensis,22/11/2024 17:32
MC-8-1,05/10/2024,17/12/2024,Ceymour,None,MC8_1_00534,22/11/2024 17:32,Animal,NoahSills,1,Pteronura brasiliensis,22/11/2024 17:32
MC-8-1,05/10/2024,17/12/2024,Ceymour,None,MC8_1_00535,22/11/2024 17:32,Animal,NoahSills,1,Pteronura brasiliensis,22/11/2024 17:32
MC-8-1,05/10/2024,17/12/2024,Ceymour,None,MC8_1_00535,22/11/2024 17:32,Animal,NoahSills,1,Pteronura brasiliensis,22/11/2024 17:32
MC-8-1,05/10/2024,17/12/2024,Ceymour,None,MC8_1_00527,22/11/2024 17:31,Animal,NoahSills,1,Pteronura brasiliensis,22/11/2024 17:31
MC-8-1,05/10/2024,17/12/2024,Ceymour,None,MC8_1_00527,22/11/2024 17:31,Animal,NoahSills,1,Pteronura brasiliensis,22/11/2024 17:31
MC-8-1,05/10/2024,17/12/2024,Ceymour,None,MC8_1_00528,22/11/2024 17:31,Animal,NoahSills,1,Pteronura brasiliensis,22/11/2024 17:31
MC-8-1,05/10/2024,17/12/2024,Ceymour,None,MC8_1_00528,22/11/2024 17:31,Animal,NoahSills,1,Pteronura brasiliensis,22/11/2024 17:31
MC-8-1,05/10/2024,17/12/2024,Ceymour,None,MC8_1_00529,22/11/2024 17:31,Animal,NoahSills,1,Pteronura brasiliensis,22/11/2024 17:31
MC-8-1,05/10/2024,17/12/2024,Ceymour,None,MC8_1_00529,22/11/2024 17:31,Animal,NoahSills,1,Pteronura brasiliensis,22/11/2024 17:31
MC-8-1,05/10/2024,17/12/2024,Ceymour,None,MC8_1_00530,22/11/2024 17:31,Animal,NoahSills,1,Pteronura brasiliensis,22/11/2024 17:31
MC-8-1,05/10/2024,17/12/2024,Ceymour,None,MC8_1_00530,22/11/2024 17:31,Animal,NoahSills,1,Pteronura brasiliensis,22/11/2024 17:31
MC-8-1,05/10/2024,17/12/2024,Ceymour,None,MC8_1_00531,22/11/2024 17:31,Animal,NoahSills,1,Pteronura brasiliensis,22/11/2024 17:31
MC-8-1,05/10/2024,17/12/2024,Ceymour,None,MC8_1_00531,22/11/2024 17:31,Animal,NoahSills,1,Pteronura brasiliensis,22/11/2024 17:31
MC-8-1,05/10/2024,17/12/2024,Ceymour,None,MC8_1_00532,22/11/2024 17:31,Animal,NoahSills,1,Pteronura brasiliensis,22/11/2024 17:31
MC-8-1,05/10/2024,17/12/2024,Ceymour,None,MC8_1_00532,22/11/2024 17:31,Animal,NoahSills,1,Pteronura brasiliensis,22/11/2024 17:31
MC-8-1,05/10/2024,17/12/2024,Ceymour,None,MC8_1_00524,22/11/2024 17:30,Animal,NoahSills,1,Pteronura brasiliensis,22/11/2024 17:30
MC-8-1,05/10/2024,17/12/2024,Ceymour,None,MC8_1_00524,22/11/2024 17:30,Animal,NoahSills,1,Pteronura brasiliensis,22/11/2024 17:30
MC-8-1,05/10/2024,17/12/2024,Ceymour,None,MC8_1_00525,22/11/2024 17:30,Animal,NoahSills,1,Pteronura brasiliensis,22/11/2024 17:30
MC-8-1,05/10/2024,17/12/2024,Ceymour,None,MC8_1_00525,22/11/2024 17:30,Animal,NoahSills,1,Pteronura brasiliensis,22/11/2024 17:30
MC-8-1,05/10/2024,17/12/2024,Ceymour,None,MC8_1_00526,22/11/2024 17:30,Animal,NoahSills,1,Pteronura brasiliensis,22/11/2024 17:30
MC-8-1,05/10/2024,17/12/2024,Ceymour,None,MC8_1_00526,22/11/2024 17:30,Animal,NoahSills,1,Pteronura brasiliensis,22/11/2024 17:30
MC-8-1,05/10/2024,17/12/2024,Ceymour,None,MC8_1_00518,22/11/2024 17:28,Animal,NoahSills,1,Pteronura brasiliensis,22/11/2024 17:28
MC-8-1,05/10/2024,17/12/2024,Ceymour,None,MC8_1_00518,22/11/2024 17:28,Animal,NoahSills,1,Pteronura brasiliensis,22/11/2024 17:28
MC-8-1,05/10/2024,17/12/2024,Ceymour,None,MC8_1_00519,22/11/2024 17:28,Animal,NoahSills,1,Pteronura brasiliensis,22/11/2024 17:28
MC-8-1,05/10/2024,17/12/2024,Ceymour,None,MC8_1_00519,22/11/2024 17:28,Animal,NoahSills,1,Pteronura brasiliensis,22/11/2024 17:28
MC-8-1,05/10/2024,17/12/2024,Ceymour,None,MC8_1_00520,22/11/2024 17:28,Animal,NoahSills,1,Pteronura brasiliensis,22/11/2024 17:28
MC-8-1,05/10/2024,17/12/2024,Ceymour,None,MC8_1_00520,22/11/2024 17:28,Animal,NoahSills,1,Pteronura brasiliensis,22/11/2024 17:28
MC-8-1,05/10/2024,17/12/2024,Ceymour,None,MC8_1_00521,22/11/2024 17:28,Animal,NoahSills,1,Pteronura brasiliensis,22/11/2024 17:28
MC-8-1,05/10/2024,17/12/2024,Ceymour,None,MC8_1_00521,22/11/2024 17:28,Animal,NoahSills,1,Pteronura brasiliensis,22/11/2024 17:28
MC-8-1,05/10/2024,17/12/2024,Ceymour,None,MC8_1_00522,22/11/2024 17:28,Animal,NoahSills,1,Pteronura brasiliensis,22/11/2024 17:28
MC-8-1,05/10/2024,17/12/2024,Ceymour,None,MC8_1_00522,22/11/2024 17:28,Animal,NoahSills,1,Pteronura brasiliensis,22/11/2024 17:28
MC-8-1,05/10/2024,17/12/2024,Ceymour,None,MC8_1_00523,22/11/2024 17:28,Animal,NoahSills,1,Pteronura brasiliensis,22/11/2024 17:28
MC-8-1,05/10/2024,17/12/2024,Ceymour,None,MC8_1_00523,22/11/2024 17:28,Animal,NoahSills,1,Pteronura brasiliensis,22/11/2024 17:28
MC-8-1,05/10/2024,17/12/2024,Ceymour,None,MC8_1_00512,22/11/2024 17:22,Animal,NoahSills,1,Pteronura brasiliensis,22/11/2024 17:22
MC-8-1,05/10/2024,17/12/2024,Ceymour,None,MC8_1_00512,22/11/2024 17:22,Animal,NoahSills,1,Pteronura brasiliensis,22/11/2024 17:22
MC-8-1,05/10/2024,17/12/2024,Ceymour,None,MC8_1_00513,22/11/2024 17:22,Animal,NoahSills,1,Pteronura brasiliensis,22/11/2024 17:22
MC-8-1,05/10/2024,17/12/2024,Ceymour,None,MC8_1_00513,22/11/2024 17:22,Animal,NoahSills,1,Pteronura brasiliensis,22/11/2024 17:22
MC-8-1,05/10/2024,17/12/2024,Ceymour,None,MC8_1_00514,22/11/2024 17:22,Animal,NoahSills,1,Pteronura brasiliensis,22/11/2024 17:22
MC-8-1,05/10/2024,17/12/2024,Ceymour,None,MC8_1_00514,22/11/2024 17:22,Animal,NoahSills,1,Pteronura brasiliensis,22/11/2024 17:22
MC-8-1,05/10/2024,17/12/2024,Ceymour,None,MC8_1_00515,22/11/2024 17:22,Animal,NoahSills,1,Pteronura brasiliensis,22/11/2024 17:22
MC-8-1,05/10/2024,17/12/2024,Ceymour,None,MC8_1_00515,22/11/2024 17:22,Animal,NoahSills,1,Pteronura brasiliensis,22/11/2024 17:22
MC-8-1,05/10/2024,17/12/2024,Ceymour,None,MC8_1_00516,22/11/2024 17:22,Animal,NoahSills,1,Pteronura brasiliensis,22/11/2024 17:22
MC-8-1,05/10/2024,17/12/2024,Ceymour,None,MC8_1_00516,22/11/2024 17:22,Animal,NoahSills,1,Pteronura brasiliensis,22/11/2024 17:22
MC-8-1,05/10/2024,17/12/2024,Ceymour,None,MC8_1_00517,22/11/2024 17:22,Animal,NoahSills,1,Pteronura brasiliensis,22/11/2024 17:22
MC-8-1,05/10/2024,17/12/2024,Ceymour,None,MC8_1_00517,22/11/2024 17:22,Animal,NoahSills,1,Pteronura brasiliensis,22/11/2024 17:22
MC-8-1,05/10/2024,17/12/2024,Ceymour,None,MC8_1_00506,22/11/2024 17:21,Animal,NoahSills,1,Pteronura brasiliensis,22/11/2024 17:21
MC-8-1,05/10/2024,17/12/2024,Ceymour,None,MC8_1_00506,22/11/2024 17:21,Animal,NoahSills,1,Pteronura brasiliensis,22/11/2024 17:21
MC-8-1,05/10/2024,17/12/2024,Ceymour,None,MC8_1_00507,22/11/2024 17:21,Animal,NoahSills,1,Pteronura brasiliensis,22/11/2024 17:21
MC-8-1,05/10/2024,17/12/2024,Ceymour,None,MC8_1_00507,22/11/2024 17:21,Animal,NoahSills,1,Pteronura brasiliensis,22/11/2024 17:21
MC-8-1,05/10/2024,17/12/2024,Ceymour,None,MC8_1_00508,22/11/2024 17:21,Animal,NoahSills,1,Pteronura brasiliensis,22/11/2024 17:21
MC-8-1,05/10/2024,17/12/2024,Ceymour,None,MC8_1_00508,22/11/2024 17:21,Animal,NoahSills,1,Pteronura brasiliensis,22/11/2024 17:21
MC-8-1,05/10/2024,17/12/2024,Ceymour,None,MC8_1_00509,22/11/2024 17:21,Animal,NoahSills,1,Pteronura brasiliensis,22/11/2024 17:21
MC-8-1,05/10/2024,17/12/2024,Ceymour,None,MC8_1_00509,22/11/2024 17:21,Animal,NoahSills,1,Pteronura brasiliensis,22/11/2024 17:21
MC-8-1,05/10/2024,17/12/2024,Ceymour,None,MC8_1_00510,22/11/2024 17:21,Animal,NoahSills,1,Pteronura brasiliensis,22/11/2024 17:21
MC-8-1,05/10/2024,17/12/2024,Ceymour,None,MC8_1_00510,22/11/2024 17:21,Animal,NoahSills,1,Pteronura brasiliensis,22/11/2024 17:21
MC-8-1,05/10/2024,17/12/2024,Ceymour,None,MC8_1_00511,22/11/2024 17:21,Animal,NoahSills,1,Pteronura brasiliensis,22/11/2024 17:21
MC-8-1,05/10/2024,17/12/2024,Ceymour,None,MC8_1_00511,22/11/2024 17:21,Animal,NoahSills,1,Pteronura brasiliensis,22/11/2024 17:21
MC-8-1,05/10/2024,17/12/2024,Ceymour,None,MC8_1_00500,22/11/2024 17:20,Animal,NoahSills,1,Pteronura brasiliensis,22/11/2024 17:20
MC-8-1,05/10/2024,17/12/2024,Ceymour,None,MC8_1_00500,22/11/2024 17:20,Animal,NoahSills,1,Pteronura brasiliensis,22/11/2024 17:20
MC-8-1,05/10/2024,17/12/2024,Ceymour,None,MC8_1_00501,22/11/2024 17:20,Animal,NoahSills,1,Pteronura brasiliensis,22/11/2024 17:20
MC-8-1,05/10/2024,17/12/2024,Ceymour,None,MC8_1_00501,22/11/2024 17:20,Animal,NoahSills,1,Pteronura brasiliensis,22/11/2024 17:20
MC-8-1,05/10/2024,17/12/2024,Ceymour,None,MC8_1_00502,22/11/2024 17:20,Animal,NoahSills,1,Pteronura brasiliensis,22/11/2024 17:20
MC-8-1,05/10/2024,17/12/2024,Ceymour,None,MC8_1_00502,22/11/2024 17:20,Animal,NoahSills,1,Pteronura brasiliensis,22/11/2024 17:20
MC-8-1,05/10/2024,17/12/2024,Ceymour,None,MC8_1_00503,22/11/2024 17:20,Animal,NoahSills,1,Pteronura brasiliensis,22/11/2024 17:20
MC-8-1,05/10/2024,17/12/2024,Ceymour,None,MC8_1_00503,22/11/2024 17:20,Animal,NoahSills,1,Pteronura brasiliensis,22/11/2024 17:20
MC-8-1,05/10/2024,17/12/2024,Ceymour,None,MC8_1_00504,22/11/2024 17:20,Animal,NoahSills,1,Pteronura brasiliensis,22/11/2024 17:20
MC-8-1,05/10/2024,17/12/2024,Ceymour,None,MC8_1_00504,22/11/2024 17:20,Animal,NoahSills,1,Pteronura brasiliensis,22/11/2024 17:20
MC-8-1,05/10/2024,17/12/2024,Ceymour,None,MC8_1_00505,22/11/2024 17:20,Animal,NoahSills,1,Pteronura brasiliensis,22/11/2024 17:20
MC-8-1,05/10/2024,17/12/2024,Ceymour,None,MC8_1_00505,22/11/2024 17:20,Animal,NoahSills,1,Pteronura brasiliensis,22/11/2024 17:20
MC-8-1,05/10/2024,17/12/2024,Ceymour,None,MC8_1_00494,22/11/2024 17:18,Animal,NoahSills,1,Pteronura brasiliensis,22/11/2024 17:18
MC-8-1,05/10/2024,17/12/2024,Ceymour,None,MC8_1_00494,22/11/2024 17:18,Animal,NoahSills,1,Pteronura brasiliensis,22/11/2024 17:18
MC-8-1,05/10/2024,17/12/2024,Ceymour,None,MC8_1_00495,22/11/2024 17:18,Animal,NoahSills,1,Pteronura brasiliensis,22/11/2024 17:18
MC-8-1,05/10/2024,17/12/2024,Ceymour,None,MC8_1_00495,22/11/2024 17:18,Animal,NoahSills,1,Pteronura brasiliensis,22/11/2024 17:18
MC-8-1,05/10/2024,17/12/2024,Ceymour,None,MC8_1_00496,22/11/2024 17:18,Animal,NoahSills,1,Pteronura brasiliensis,22/11/2024 17:18
MC-8-1,05/10/2024,17/12/2024,Ceymour,None,MC8_1_00496,22/11/2024 17:18,Animal,NoahSills,1,Pteronura brasiliensis,22/11/2024 17:18
MC-8-1,05/10/2024,17/12/2024,Ceymour,None,MC8_1_00497,22/11/2024 17:18,Animal,NoahSills,1,Pteronura brasiliensis,22/11/2024 17:18
MC-8-1,05/10/2024,17/12/2024,Ceymour,None,MC8_1_00497,22/11/2024 17:18,Animal,NoahSills,1,Pteronura brasiliensis,22/11/2024 17:18
MC-8-1,05/10/2024,17/12/2024,Ceymour,None,MC8_1_00498,22/11/2024 17:18,Animal,NoahSills,1,Pteronura brasiliensis,22/11/2024 17:18
MC-8-1,05/10/2024,17/12/2024,Ceymour,None,MC8_1_00498,22/11/2024 17:18,Animal,NoahSills,1,Pteronura brasiliensis,22/11/2024 17:18
MC-8-1,05/10/2024,17/12/2024,Ceymour,None,MC8_1_00499,22/11/2024 17:18,Animal,NoahSills,1,Pteronura brasiliensis,22/11/2024 17:18
MC-8-1,05/10/2024,17/12/2024,Ceymour,None,MC8_1_00499,22/11/2024 17:18,Animal,NoahSills,1,Pteronura brasiliensis,22/11/2024 17:18
MC-8-1,05/10/2024,17/12/2024,Ceymour,None,MC8_1_00485,22/11/2024 17:17,Animal,NoahSills,1,Pteronura brasiliensis,22/11/2024 17:17
MC-8-1,05/10/2024,17/12/2024,Ceymour,None,MC8_1_00485,22/11/2024 17:17,Animal,NoahSills,1,Pteronura brasiliensis,22/11/2024 17:17
MC-8-1,05/10/2024,17/12/2024,Ceymour,None,MC8_1_00486,22/11/2024 17:17,Animal,NoahSills,1,Pteronura brasiliensis,22/11/2024 17:17
MC-8-1,05/10/2024,17/12/2024,Ceymour,None,MC8_1_00486,22/11/2024 17:17,Animal,NoahSills,1,Pteronura brasiliensis,22/11/2024 17:17
MC-8-1,05/10/2024,17/12/2024,Ceymour,None,MC8_1_00487,22/11/2024 17:17,Animal,NoahSills,1,Pteronura brasiliensis,22/11/2024 17:17
MC-8-1,05/10/2024,17/12/2024,Ceymour,None,MC8_1_00487,22/11/2024 17:17,Animal,NoahSills,1,Pteronura brasiliensis,22/11/2024 17:17
MC-8-1,05/10/2024,17/12/2024,Ceymour,None,MC8_1_00488,22/11/2024 17:17,Animal,NoahSills,1,Pteronura brasiliensis,22/11/2024 17:17
MC-8-1,05/10/2024,17/12/2024,Ceymour,None,MC8_1_00488,22/11/2024 17:17,Animal,NoahSills,1,Pteronura brasiliensis,22/11/2024 17:17
MC-8-1,05/10/2024,17/12/2024,Ceymour,None,MC8_1_00489,22/11/2024 17:17,Animal,NoahSills,1,Pteronura brasiliensis,22/11/2024 17:17
MC-8-1,05/10/2024,17/12/2024,Ceymour,None,MC8_1_00489,22/11/2024 17:17,Animal,NoahSills,1,Pteronura brasiliensis,22/11/2024 17:17
MC-8-1,05/10/2024,17/12/2024,Ceymour,None,MC8_1_00490,22/11/2024 17:17,Animal,NoahSills,1,Pteronura brasiliensis,22/11/2024 17:17
MC-8-1,05/10/2024,17/12/2024,Ceymour,None,MC8_1_00490,22/11/2024 17:17,Animal,NoahSills,1,Pteronura brasiliensis,22/11/2024 17:17
MC-8-1,05/10/2024,17/12/2024,Ceymour,None,MC8_1_00491,22/11/2024 17:17,Animal,NoahSills,1,Pteronura brasiliensis,22/11/2024 17:17
MC-8-1,05/10/2024,17/12/2024,Ceymour,None,MC8_1_00491,22/11/2024 17:17,Animal,NoahSills,1,Pteronura brasiliensis,22/11/2024 17:17
MC-8-1,05/10/2024,17/12/2024,Ceymour,None,MC8_1_00492,22/11/2024 17:17,Animal,NoahSills,1,Pteronura brasiliensis,22/11/2024 17:17
MC-8-1,05/10/2024,17/12/2024,Ceymour,None,MC8_1_00492,22/11/2024 17:17,Animal,NoahSills,1,Pteronura brasiliensis,22/11/2024 17:17
MC-8-1,05/10/2024,17/12/2024,Ceymour,None,MC8_1_00493,22/11/2024 17:17,Animal,NoahSills,1,Pteronura brasiliensis,22/11/2024 17:17
MC-8-1,05/10/2024,17/12/2024,Ceymour,None,MC8_1_00493,22/11/2024 17:17,Animal,NoahSills,1,Pteronura brasiliensis,22/11/2024 17:17
MC-8-1,05/10/2024,17/12/2024,Ceymour,None,MC8_1_00479,22/11/2024 17:16,Animal,NoahSills,1,Pteronura brasiliensis,22/11/2024 17:16
MC-8-1,05/10/2024,17/12/2024,Ceymour,None,MC8_1_00479,22/11/2024 17:16,Animal,NoahSills,1,Pteronura brasiliensis,22/11/2024 17:16
MC-8-1,05/10/2024,17/12/2024,Ceymour,None,MC8_1_00480,22/11/2024 17:16,Animal,NoahSills,1,Pteronura brasiliensis,22/11/2024 17:16
MC-8-1,05/10/2024,17/12/2024,Ceymour,None,MC8_1_00480,22/11/2024 17:16,Animal,NoahSills,1,Pteronura brasiliensis,22/11/2024 17:16
MC-8-1,05/10/2024,17/12/2024,Ceymour,None,MC8_1_00481,22/11/2024 17:16,Animal,NoahSills,1,Pteronura brasiliensis,22/11/2024 17:16
MC-8-1,05/10/2024,17/12/2024,Ceymour,None,MC8_1_00481,22/11/2024 17:16,Animal,NoahSills,1,Pteronura brasiliensis,22/11/2024 17:16
MC-8-1,05/10/2024,17/12/2024,Ceymour,None,MC8_1_00482,22/11/2024 17:16,Animal,NoahSills,1,Pteronura brasiliensis,22/11/2024 17:16
MC-8-1,05/10/2024,17/12/2024,Ceymour,None,MC8_1_00482,22/11/2024 17:16,Animal,NoahSills,1,Pteronura brasiliensis,22/11/2024 17:16
MC-8-1,05/10/2024,17/12/2024,Ceymour,None,MC8_1_00483,22/11/2024 17:16,Animal,NoahSills,1,Pteronura brasiliensis,22/11/2024 17:16
MC-8-1,05/10/2024,17/12/2024,Ceymour,None,MC8_1_00483,22/11/2024 17:16,Animal,NoahSills,1,Pteronura brasiliensis,22/11/2024 17:16
MC-8-1,05/10/2024,17/12/2024,Ceymour,None,MC8_1_00484,22/11/2024 17:16,Animal,NoahSills,1,Pteronura brasiliensis,22/11/2024 17:16
MC-8-1,05/10/2024,17/12/2024,Ceymour,None,MC8_1_00484,22/11/2024 17:16,Animal,NoahSills,1,Pteronura brasiliensis,22/11/2024 17:16
MC-8-1,05/10/2024,17/12/2024,Ceymour,None,MC8_1_00476,22/11/2024 17:15,Animal,NoahSills,1,Pteronura brasiliensis,22/11/2024 17:15
MC-8-1,05/10/2024,17/12/2024,Ceymour,None,MC8_1_00476,22/11/2024 17:15,Animal,NoahSills,1,Pteronura brasiliensis,22/11/2024 17:15
MC-8-1,05/10/2024,17/12/2024,Ceymour,None,MC8_1_00477,22/11/2024 17:15,Animal,NoahSills,1,Pteronura brasiliensis,22/11/2024 17:15
MC-8-1,05/10/2024,17/12/2024,Ceymour,None,MC8_1_00477,22/11/2024 17:15,Animal,NoahSills,1,Pteronura brasiliensis,22/11/2024 17:15
MC-8-1,05/10/2024,17/12/2024,Ceymour,None,MC8_1_00478,22/11/2024 17:15,Animal,NoahSills,1,Pteronura brasiliensis,22/11/2024 17:15
MC-8-1,05/10/2024,17/12/2024,Ceymour,None,MC8_1_00478,22/11/2024 17:15,Animal,NoahSills,1,Pteronura brasiliensis,22/11/2024 17:15
MC-8-1,05/10/2024,17/12/2024,Ceymour,None,MC8_1_00470,22/11/2024 17:14,Animal,NoahSills,1,Pteronura brasiliensis,22/11/2024 17:14
MC-8-1,05/10/2024,17/12/2024,Ceymour,None,MC8_1_00470,22/11/2024 17:14,Animal,NoahSills,1,Pteronura brasiliensis,22/11/2024 17:14
MC-8-1,05/10/2024,17/12/2024,Ceymour,None,MC8_1_00471,22/11/2024 17:14,Animal,NoahSills,1,Pteronura brasiliensis,22/11/2024 17:14
MC-8-1,05/10/2024,17/12/2024,Ceymour,None,MC8_1_00471,22/11/2024 17:14,Animal,NoahSills,1,Pteronura brasiliensis,22/11/2024 17:14
MC-8-1,05/10/2024,17/12/2024,Ceymour,None,MC8_1_00472,22/11/2024 17:14,Animal,NoahSills,1,Pteronura brasiliensis,22/11/2024 17:14
MC-8-1,05/10/2024,17/12/2024,Ceymour,None,MC8_1_00472,22/11/2024 17:14,Animal,NoahSills,1,Pteronura brasiliensis,22/11/2024 17:14
MC-8-1,05/10/2024,17/12/2024,Ceymour,None,MC8_1_00473,22/11/2024 17:14,Animal,NoahSills,1,Pteronura brasiliensis,22/11/2024 17:14
MC-8-1,05/10/2024,17/12/2024,Ceymour,None,MC8_1_00473,22/11/2024 17:14,Animal,NoahSills,1,Pteronura brasiliensis,22/11/2024 17:14
MC-8-1,05/10/2024,17/12/2024,Ceymour,None,MC8_1_00474,22/11/2024 17:14,Animal,NoahSills,1,Pteronura brasiliensis,22/11/2024 17:14
MC-8-1,05/10/2024,17/12/2024,Ceymour,None,MC8_1_00474,22/11/2024 17:14,Animal,NoahSills,1,Pteronura brasiliensis,22/11/2024 17:14
MC-8-1,05/10/2024,17/12/2024,Ceymour,None,MC8_1_00475,22/11/2024 17:14,Animal,NoahSills,1,Pteronura brasiliensis,22/11/2024 17:14
MC-8-1,05/10/2024,17/12/2024,Ceymour,None,MC8_1_00475,22/11/2024 17:14,Animal,NoahSills,1,Pteronura brasiliensis,22/11/2024 17:14
MC-8-1,05/10/2024,17/12/2024,Ceymour,None,MC8_1_00464,22/11/2024 17:13,Animal,NoahSills,1,Pteronura brasiliensis,22/11/2024 17:13
MC-8-1,05/10/2024,17/12/2024,Ceymour,None,MC8_1_00464,22/11/2024 17:13,Animal,NoahSills,1,Pteronura brasiliensis,22/11/2024 17:13
MC-8-1,05/10/2024,17/12/2024,Ceymour,None,MC8_1_00465,22/11/2024 17:13,Animal,NoahSills,1,Pteronura brasiliensis,22/11/2024 17:13
MC-8-1,05/10/2024,17/12/2024,Ceymour,None,MC8_1_00465,22/11/2024 17:13,Animal,NoahSills,1,Pteronura brasiliensis,22/11/2024 17:13
MC-8-1,05/10/2024,17/12/2024,Ceymour,None,MC8_1_00466,22/11/2024 17:13,Animal,NoahSills,1,Pteronura brasiliensis,22/11/2024 17:13
MC-8-1,05/10/2024,17/12/2024,Ceymour,None,MC8_1_00466,22/11/2024 17:13,Animal,NoahSills,1,Pteronura brasiliensis,22/11/2024 17:13
MC-8-1,05/10/2024,17/12/2024,Ceymour,None,MC8_1_00467,22/11/2024 17:13,Animal,NoahSills,1,Pteronura brasiliensis,22/11/2024 17:13
MC-8-1,05/10/2024,17/12/2024,Ceymour,None,MC8_1_00467,22/11/2024 17:13,Animal,NoahSills,1,Pteronura brasiliensis,22/11/2024 17:13
MC-8-1,05/10/2024,17/12/2024,Ceymour,None,MC8_1_00468,22/11/2024 17:13,Animal,NoahSills,1,Pteronura brasiliensis,22/11/2024 17:13
MC-8-1,05/10/2024,17/12/2024,Ceymour,None,MC8_1_00468,22/11/2024 17:13,Animal,NoahSills,1,Pteronura brasiliensis,22/11/2024 17:13
MC-8-1,05/10/2024,17/12/2024,Ceymour,None,MC8_1_00469,22/11/2024 17:13,Animal,NoahSills,1,Pteronura brasiliensis,22/11/2024 17:13
MC-8-1,05/10/2024,17/12/2024,Ceymour,None,MC8_1_00469,22/11/2024 17:13,Animal,NoahSills,1,Pteronura brasiliensis,22/11/2024 17:13
MC-8-1,05/10/2024,17/12/2024,Ceymour,None,MC8_1_00458,22/11/2024 17:12,Animal,NoahSills,1,Pteronura brasiliensis,22/11/2024 17:12
MC-8-1,05/10/2024,17/12/2024,Ceymour,None,MC8_1_00458,22/11/2024 17:12,Animal,NoahSills,1,Pteronura brasiliensis,22/11/2024 17:12
MC-8-1,05/10/2024,17/12/2024,Ceymour,None,MC8_1_00459,22/11/2024 17:12,Animal,NoahSills,1,Pteronura brasiliensis,22/11/2024 17:12
MC-8-1,05/10/2024,17/12/2024,Ceymour,None,MC8_1_00459,22/11/2024 17:12,Animal,NoahSills,1,Pteronura brasiliensis,22/11/2024 17:12
MC-8-1,05/10/2024,17/12/2024,Ceymour,None,MC8_1_00460,22/11/2024 17:12,Animal,NoahSills,1,Pteronura brasiliensis,22/11/2024 17:12
MC-8-1,05/10/2024,17/12/2024,Ceymour,None,MC8_1_00460,22/11/2024 17:12,Animal,NoahSills,1,Pteronura brasiliensis,22/11/2024 17:12
MC-8-1,05/10/2024,17/12/2024,Ceymour,None,MC8_1_00461,22/11/2024 17:12,Animal,NoahSills,1,Pteronura brasiliensis,22/11/2024 17:12
MC-8-1,05/10/2024,17/12/2024,Ceymour,None,MC8_1_00461,22/11/2024 17:12,Animal,NoahSills,1,Pteronura brasiliensis,22/11/2024 17:12
MC-8-1,05/10/2024,17/12/2024,Ceymour,None,MC8_1_00462,22/11/2024 17:12,Animal,NoahSills,1,Pteronura brasiliensis,22/11/2024 17:12
MC-8-1,05/10/2024,17/12/2024,Ceymour,None,MC8_1_00462,22/11/2024 17:12,Animal,NoahSills,1,Pteronura brasiliensis,22/11/2024 17:12
MC-8-1,05/10/2024,17/12/2024,Ceymour,None,MC8_1_00463,22/11/2024 17:12,Animal,NoahSills,1,Pteronura brasiliensis,22/11/2024 17:12
MC-8-1,05/10/2024,17/12/2024,Ceymour,None,MC8_1_00463,22/11/2024 17:12,Animal,NoahSills,1,Pteronura brasiliensis,22/11/2024 17:12
MC-8-1,05/10/2024,17/12/2024,Ceymour,None,MC8_1_00452,22/11/2024 17:11,Animal,NoahSills,1,Pteronura brasiliensis,22/11/2024 17:11
MC-8-1,05/10/2024,17/12/2024,Ceymour,None,MC8_1_00452,22/11/2024 17:11,Animal,NoahSills,1,Pteronura brasiliensis,22/11/2024 17:11
MC-8-1,05/10/2024,17/12/2024,Ceymour,None,MC8_1_00453,22/11/2024 17:11,Animal,NoahSills,1,Pteronura brasiliensis,22/11/2024 17:11
MC-8-1,05/10/2024,17/12/2024,Ceymour,None,MC8_1_00453,22/11/2024 17:11,Animal,NoahSills,1,Pteronura brasiliensis,22/11/2024 17:11
MC-8-1,05/10/2024,17/12/2024,Ceymour,None,MC8_1_00454,22/11/2024 17:11,Animal,NoahSills,1,Pteronura brasiliensis,22/11/2024 17:11
MC-8-1,05/10/2024,17/12/2024,Ceymour,None,MC8_1_00454,22/11/2024 17:11,Animal,NoahSills,1,Pteronura brasiliensis,22/11/2024 17:11
MC-8-1,05/10/2024,17/12/2024,Ceymour,None,MC8_1_00455,22/11/2024 17:11,Animal,NoahSills,1,Pteronura brasiliensis,22/11/2024 17:11
MC-8-1,05/10/2024,17/12/2024,Ceymour,None,MC8_1_00455,22/11/2024 17:11,Animal,NoahSills,1,Pteronura brasiliensis,22/11/2024 17:11
MC-8-1,05/10/2024,17/12/2024,Ceymour,None,MC8_1_00456,22/11/2024 17:11,Animal,NoahSills,1,Pteronura brasiliensis,22/11/2024 17:11
MC-8-1,05/10/2024,17/12/2024,Ceymour,None,MC8_1_00456,22/11/2024 17:11,Animal,NoahSills,1,Pteronura brasiliensis,22/11/2024 17:11
MC-8-1,05/10/2024,17/12/2024,Ceymour,None,MC8_1_00457,22/11/2024 17:11,Animal,NoahSills,1,Pteronura brasiliensis,22/11/2024 17:11
MC-8-1,05/10/2024,17/12/2024,Ceymour,None,MC8_1_00457,22/11/2024 17:11,Animal,NoahSills,1,Pteronura brasiliensis,22/11/2024 17:11
MC-8-1,05/10/2024,17/12/2024,Ceymour,None,MC8_1_00449,22/11/2024 17:10,Animal,NoahSills,1,Pteronura brasiliensis,22/11/2024 17:10
MC-8-1,05/10/2024,17/12/2024,Ceymour,None,MC8_1_00449,22/11/2024 17:10,Animal,NoahSills,1,Pteronura brasiliensis,22/11/2024 17:10
MC-8-1,05/10/2024,17/12/2024,Ceymour,None,MC8_1_00450,22/11/2024 17:10,Animal,NoahSills,1,Pteronura brasiliensis,22/11/2024 17:10
MC-8-1,05/10/2024,17/12/2024,Ceymour,None,MC8_1_00450,22/11/2024 17:10,Animal,NoahSills,1,Pteronura brasiliensis,22/11/2024 17:10
MC-8-1,05/10/2024,17/12/2024,Ceymour,None,MC8_1_00451,22/11/2024 17:10,Animal,NoahSills,1,Pteronura brasiliensis,22/11/2024 17:10
MC-8-1,05/10/2024,17/12/2024,Ceymour,None,MC8_1_00451,22/11/2024 17:10,Animal,NoahSills,1,Pteronura brasiliensis,22/11/2024 17:10
MC-8-1,05/10/2024,17/12/2024,Ceymour,None,MC8_1_00446,21/11/2024 11:37,Animal,NoahSills,1,Myrmecophaga tridactyla,21/11/2024 11:37
MC-8-1,05/10/2024,17/12/2024,Ceymour,None,MC8_1_00446,21/11/2024 11:37,Animal,NoahSills,1,Myrmecophaga tridactyla,21/11/2024 11:37
MC-8-1,05/10/2024,17/12/2024,Ceymour,None,MC8_1_00447,21/11/2024 11:37,Animal,NoahSills,1,Myrmecophaga tridactyla,21/11/2024 11:37
MC-8-1,05/10/2024,17/12/2024,Ceymour,None,MC8_1_00447,21/11/2024 11:37,Animal,NoahSills,1,Myrmecophaga tridactyla,21/11/2024 11:37
MC-8-1,05/10/2024,17/12/2024,Ceymour,None,MC8_1_00448,21/11/2024 11:37,Animal,NoahSills,1,Myrmecophaga tridactyla,21/11/2024 11:37
MC-8-1,05/10/2024,17/12/2024,Ceymour,None,MC8_1_00448,21/11/2024 11:37,Animal,NoahSills,1,Myrmecophaga tridactyla,21/11/2024 11:37
MC-7-1,05/10/2024,17/12/2024,Ceymour,None,MC7_1_00022,21/11/2024 9:31,Animal,NoahSills,1,Myrmecophaga tridactyla,21/11/2024 9:31
MC-7-1,05/10/2024,17/12/2024,Ceymour,None,MC7_1_00022,21/11/2024 9:31,Animal,NoahSills,1,Myrmecophaga tridactyla,21/11/2024 9:31
C-2,18/09/2024,31/12/2024,Ceymour,None,C2_01092,19/11/2024 16:39,Animal,NoahSills,1,Dasyprocta leporina,19/11/2024 16:39
MC-7-1,05/10/2024,17/12/2024,Ceymour,None,MC7_1_00019,18/11/2024 0:20,Animal,NoahSills,1,Leopardus pardalis,18/11/2024 0:20
MC-7-1,05/10/2024,17/12/2024,Ceymour,None,MC7_1_00019,18/11/2024 0:20,Animal,NoahSills,1,Leopardus pardalis,18/11/2024 0:20
MC-7-1,05/10/2024,17/12/2024,Ceymour,None,MC7_1_00018,18/11/2024 0:14,Animal,NoahSills,1,Leopardus pardalis,18/11/2024 0:14
MC-7-1,05/10/2024,17/12/2024,Ceymour,None,MC7_1_00018,18/11/2024 0:14,Animal,NoahSills,1,Leopardus pardalis,18/11/2024 0:14
MC-8-1,05/10/2024,17/12/2024,Ceymour,None,MC8_1_00437,17/11/2024 17:29,Animal,NoahSills,1,Cochlearius cochlearius,17/11/2024 17:29
MC-8-1,05/10/2024,17/12/2024,Ceymour,None,MC8_1_00437,17/11/2024 17:29,Animal,NoahSills,1,Cochlearius cochlearius,17/11/2024 17:29
MC-8-1,05/10/2024,17/12/2024,Ceymour,None,MC8_1_00438,17/11/2024 17:29,Animal,NoahSills,1,Cochlearius cochlearius,17/11/2024 17:29
MC-8-1,05/10/2024,17/12/2024,Ceymour,None,MC8_1_00438,17/11/2024 17:29,Animal,NoahSills,1,Cochlearius cochlearius,17/11/2024 17:29
MC-8-1,05/10/2024,17/12/2024,Ceymour,None,MC8_1_00439,17/11/2024 17:29,Animal,NoahSills,1,Cochlearius cochlearius,17/11/2024 17:29
MC-8-1,05/10/2024,17/12/2024,Ceymour,None,MC8_1_00439,17/11/2024 17:29,Animal,NoahSills,1,Cochlearius cochlearius,17/11/2024 17:29
MC-2-1,05/10/2024,26/11/2024,Ceymour,None,MC2_1_00021,15/11/2024 19:29,Animal,NoahSills,1,Proechimys guairae,15/11/2024 19:29
MC-2-1,05/10/2024,26/11/2024,Ceymour,None,MC2_1_00021,15/11/2024 19:29,Animal,NoahSills,1,Proechimys guairae,15/11/2024 19:29
C-1,18/09/2024,31/12/2024,Ceymour,None,C1_00098,14/11/2024 17:20,Animal,NoahSills,1,Dasyprocta leporina,14/11/2024 17:20
C-1,18/09/2024,31/12/2024,Ceymour,None,C1_00097,14/11/2024 16:31,Animal,NoahSills,1,Dasyprocta leporina,14/11/2024 16:31
MC-8-1,05/10/2024,17/12/2024,Ceymour,None,MC8_1_00434,14/11/2024 13:06,Animal,NoahSills,1,Pteronura brasiliensis,14/11/2024 13:06
MC-8-1,05/10/2024,17/12/2024,Ceymour,None,MC8_1_00434,14/11/2024 13:06,Animal,NoahSills,1,Pteronura brasiliensis,14/11/2024 13:06
MC-8-1,05/10/2024,17/12/2024,Ceymour,None,MC8_1_00435,14/11/2024 13:06,Animal,NoahSills,1,Pteronura brasiliensis,14/11/2024 13:06
MC-8-1,05/10/2024,17/12/2024,Ceymour,None,MC8_1_00435,14/11/2024 13:06,Animal,NoahSills,1,Pteronura brasiliensis,14/11/2024 13:06
MC-8-1,05/10/2024,17/12/2024,Ceymour,None,MC8_1_00436,14/11/2024 13:06,Animal,NoahSills,1,Pteronura brasiliensis,14/11/2024 13:06
MC-8-1,05/10/2024,17/12/2024,Ceymour,None,MC8_1_00436,14/11/2024 13:06,Animal,NoahSills,1,Pteronura brasiliensis,14/11/2024 13:06
MC-7-1,05/10/2024,17/12/2024,Ceymour,None,MC7_1_00017,14/11/2024 12:02,Animal,NoahSills,7,Pecari tajacu,14/11/2024 12:02
MC-7-1,05/10/2024,17/12/2024,Ceymour,None,MC7_1_00017,14/11/2024 12:02,Animal,NoahSills,7,Pecari tajacu,14/11/2024 12:02
MC-5-1,05/10/2024,21/11/2024,Ceymour,None,MC5_1_00021,14/11/2024 1:31,Animal,NoahSills,1,Mazama americana,14/11/2024 1:31
MC-5-1,05/10/2024,21/11/2024,Ceymour,None,MC5_1_00021,14/11/2024 1:31,Animal,NoahSills,1,Mazama americana,14/11/2024 1:31
MC-8-1,05/10/2024,17/12/2024,Ceymour,None,MC8_1_00428,13/11/2024 16:27,Animal,NoahSills,1,Pteronura brasiliensis,13/11/2024 16:27
MC-8-1,05/10/2024,17/12/2024,Ceymour,None,MC8_1_00428,13/11/2024 16:27,Animal,NoahSills,1,Pteronura brasiliensis,13/11/2024 16:27
MC-8-1,05/10/2024,17/12/2024,Ceymour,None,MC8_1_00429,13/11/2024 16:27,Animal,NoahSills,1,Pteronura brasiliensis,13/11/2024 16:27
MC-8-1,05/10/2024,17/12/2024,Ceymour,None,MC8_1_00429,13/11/2024 16:27,Animal,NoahSills,1,Pteronura brasiliensis,13/11/2024 16:27
MC-8-1,05/10/2024,17/12/2024,Ceymour,None,MC8_1_00430,13/11/2024 16:27,Animal,NoahSills,1,Pteronura brasiliensis,13/11/2024 16:27
MC-8-1,05/10/2024,17/12/2024,Ceymour,None,MC8_1_00430,13/11/2024 16:27,Animal,NoahSills,1,Pteronura brasiliensis,13/11/2024 16:27
MC-2-1,05/10/2024,26/11/2024,Ceymour,None,MC2_1_00020,12/11/2024 4:31,Animal,NoahSills,1,Proechimys guairae,12/11/2024 4:31
MC-2-1,05/10/2024,26/11/2024,Ceymour,None,MC2_1_00020,12/11/2024 4:31,Animal,NoahSills,1,Proechimys guairae,12/11/2024 4:31
MC-2-1,05/10/2024,26/11/2024,Ceymour,None,MC2_1_00019,11/11/2024 6:02,Animal,NoahSills,2,Ortalis motmot,11/11/2024 6:02
MC-2-1,05/10/2024,26/11/2024,Ceymour,None,MC2_1_00019,11/11/2024 6:02,Animal,NoahSills,2,Ortalis motmot,11/11/2024 6:02
MC-4-1,05/10/2024,21/11/2024,Ceymour,None,MC4_1_00010,45606.68113,Animal,NoahSills,2,Pecari tajacu,20:49.6
MC-4-1,05/10/2024,21/11/2024,Ceymour,None,MC4_1_00010,45606.68113,Animal,NoahSills,2,Pecari tajacu,20:49.6
MC-4-1,05/10/2024,21/11/2024,Ceymour,None,MC4_1_00009,45606.68063,Animal,NoahSills,1,Pecari tajacu,20:06.4
MC-4-1,05/10/2024,21/11/2024,Ceymour,None,MC4_1_00009,45606.68063,Animal,NoahSills,1,Pecari tajacu,20:06.4
MC-4-1,05/10/2024,21/11/2024,Ceymour,None,MC4_1_00008,45605.9819,Animal,NoahSills,1,Panthera onca,33:56.2
MC-4-1,05/10/2024,21/11/2024,Ceymour,None,MC4_1_00008,45605.9819,Animal,NoahSills,1,Panthera onca,33:56.2
C-1,18/09/2024,31/12/2024,Ceymour,None,C1_00096,09/11/2024 16:22,Animal,NoahSills,1,Dasyprocta leporina,09/11/2024 16:22
C-2,18/09/2024,31/12/2024,Ceymour,None,C2_01086,08/11/2024 17:25,Animal,NoahSills,1,Dasyprocta leporina,08/11/2024 17:25
C-2,18/09/2024,31/12/2024,Ceymour,None,C2_01085,08/11/2024 6:20,Animal,NoahSills,1,Dasyprocta leporina,08/11/2024 6:20
C-2,18/09/2024,31/12/2024,Ceymour,None,C2_01084,08/11/2024 6:14,Animal,NoahSills,1,Dasyprocta leporina,08/11/2024 6:14
C-2,18/09/2024,31/12/2024,Ceymour,None,C2_01083,08/11/2024 6:11,Animal,NoahSills,1,Dasyprocta leporina,08/11/2024 6:11
C-2,18/09/2024,31/12/2024,Ceymour,None,C2_01082,07/11/2024 16:28,Animal,NoahSills,1,Dasyprocta leporina,07/11/2024 16:28
C-2,18/09/2024,31/12/2024,Ceymour,None,C2_01081,06/11/2024 17:05,Animal,NoahSills,1,Dasyprocta leporina,06/11/2024 17:05
MC-2-1,05/10/2024,26/11/2024,Ceymour,None,MC2_1_00018,06/11/2024 13:24,Animal,NoahSills,1,Myrmecophaga tridactyla,06/11/2024 13:24
MC-2-1,05/10/2024,26/11/2024,Ceymour,None,MC2_1_00018,06/11/2024 13:24,Animal,NoahSills,1,Myrmecophaga tridactyla,06/11/2024 13:24
MC-5-1,05/10/2024,21/11/2024,Ceymour,None,MC5_1_00014,06/11/2024 7:32,Animal,NoahSills,1,Mazama americana,06/11/2024 7:32
MC-5-1,05/10/2024,21/11/2024,Ceymour,None,MC5_1_00014,06/11/2024 7:32,Animal,NoahSills,1,Mazama americana,06/11/2024 7:32
C-2,18/09/2024,31/12/2024,Ceymour,None,C2_01080,06/11/2024 5:29,Animal,NoahSills,1,Dasyprocta leporina,06/11/2024 5:29
MC-8-1,05/10/2024,17/12/2024,Ceymour,None,MC8_1_00413,05/11/2024 14:33,Animal,NoahSills,1,Pteronura brasiliensis,05/11/2024 14:33
MC-8-1,05/10/2024,17/12/2024,Ceymour,None,MC8_1_00413,05/11/2024 14:33,Animal,NoahSills,1,Pteronura brasiliensis,05/11/2024 14:33
MC-8-1,05/10/2024,17/12/2024,Ceymour,None,MC8_1_00414,05/11/2024 14:33,Animal,NoahSills,1,Pteronura brasiliensis,05/11/2024 14:33
MC-8-1,05/10/2024,17/12/2024,Ceymour,None,MC8_1_00414,05/11/2024 14:33,Animal,NoahSills,1,Pteronura brasiliensis,05/11/2024 14:33
MC-8-1,05/10/2024,17/12/2024,Ceymour,None,MC8_1_00415,05/11/2024 14:33,Animal,NoahSills,1,Pteronura brasiliensis,05/11/2024 14:33
MC-8-1,05/10/2024,17/12/2024,Ceymour,None,MC8_1_00415,05/11/2024 14:33,Animal,NoahSills,1,Pteronura brasiliensis,05/11/2024 14:33
MC-8-1,05/10/2024,17/12/2024,Ceymour,None,MC8_1_00407,05/11/2024 2:36,Animal,NoahSills,1,Didelphis marsupialis,05/11/2024 2:36
MC-8-1,05/10/2024,17/12/2024,Ceymour,None,MC8_1_00407,05/11/2024 2:36,Animal,NoahSills,1,Didelphis marsupialis,05/11/2024 2:36
MC-8-1,05/10/2024,17/12/2024,Ceymour,None,MC8_1_00408,05/11/2024 2:36,Animal,NoahSills,1,Didelphis marsupialis,05/11/2024 2:36
MC-8-1,05/10/2024,17/12/2024,Ceymour,None,MC8_1_00408,05/11/2024 2:36,Animal,NoahSills,1,Didelphis marsupialis,05/11/2024 2:36
MC-8-1,05/10/2024,17/12/2024,Ceymour,None,MC8_1_00409,05/11/2024 2:36,Animal,NoahSills,1,Didelphis marsupialis,05/11/2024 2:36
MC-8-1,05/10/2024,17/12/2024,Ceymour,None,MC8_1_00409,05/11/2024 2:36,Animal,NoahSills,1,Didelphis marsupialis,05/11/2024 2:36
MC-2-1,05/10/2024,26/11/2024,Ceymour,None,MC2_1_00017,04/11/2024 21:25,Animal,NoahSills,1,Proechimys guairae,04/11/2024 21:25
MC-2-1,05/10/2024,26/11/2024,Ceymour,None,MC2_1_00017,04/11/2024 21:25,Animal,NoahSills,1,Proechimys guairae,04/11/2024 21:25
MC-2-1,05/10/2024,26/11/2024,Ceymour,None,MC2_1_00016,04/11/2024 2:50,Animal,NoahSills,1,Proechimys guairae,04/11/2024 2:50
MC-2-1,05/10/2024,26/11/2024,Ceymour,None,MC2_1_00016,04/11/2024 2:50,Animal,NoahSills,1,Proechimys guairae,04/11/2024 2:50
MC-5-1,05/10/2024,21/11/2024,Ceymour,None,MC5_1_00013,03/11/2024 19:58,Animal,NoahSills,1,Mazama americana,03/11/2024 19:58
MC-5-1,05/10/2024,21/11/2024,Ceymour,None,MC5_1_00013,03/11/2024 19:58,Animal,NoahSills,1,Mazama americana,03/11/2024 19:58
C-2,18/09/2024,31/12/2024,Ceymour,None,C2_01078,03/11/2024 17:45,Animal,NoahSills,1,Dasyprocta leporina,03/11/2024 17:45
C-2,18/09/2024,31/12/2024,Ceymour,None,C2_01077,03/11/2024 10:45,Animal,NoahSills,1,Dasyprocta leporina,03/11/2024 10:45
C-2,18/09/2024,31/12/2024,Ceymour,None,C2_01076,03/11/2024 10:40,Animal,NoahSills,1,Dasyprocta leporina,03/11/2024 10:40
MC-8-1,05/10/2024,17/12/2024,Ceymour,None,MC8_1_00398,03/11/2024 9:52,Animal,NoahSills,1,Pteronura brasiliensis,03/11/2024 9:52
MC-8-1,05/10/2024,17/12/2024,Ceymour,None,MC8_1_00398,03/11/2024 9:52,Animal,NoahSills,1,Pteronura brasiliensis,03/11/2024 9:52
MC-8-1,05/10/2024,17/12/2024,Ceymour,None,MC8_1_00399,03/11/2024 9:52,Animal,NoahSills,1,Pteronura brasiliensis,03/11/2024 9:52
MC-8-1,05/10/2024,17/12/2024,Ceymour,None,MC8_1_00399,03/11/2024 9:52,Animal,NoahSills,1,Pteronura brasiliensis,03/11/2024 9:52
MC-8-1,05/10/2024,17/12/2024,Ceymour,None,MC8_1_00400,03/11/2024 9:52,Animal,NoahSills,1,Pteronura brasiliensis,03/11/2024 9:52
MC-8-1,05/10/2024,17/12/2024,Ceymour,None,MC8_1_00400,03/11/2024 9:52,Animal,NoahSills,1,Pteronura brasiliensis,03/11/2024 9:52
MC-8-1,05/10/2024,17/12/2024,Ceymour,None,MC8_1_00395,03/11/2024 9:51,Animal,NoahSills,1,Pteronura brasiliensis,03/11/2024 9:51
MC-8-1,05/10/2024,17/12/2024,Ceymour,None,MC8_1_00395,03/11/2024 9:51,Animal,NoahSills,1,Pteronura brasiliensis,03/11/2024 9:51
MC-8-1,05/10/2024,17/12/2024,Ceymour,None,MC8_1_00396,03/11/2024 9:51,Animal,NoahSills,1,Pteronura brasiliensis,03/11/2024 9:51
MC-8-1,05/10/2024,17/12/2024,Ceymour,None,MC8_1_00396,03/11/2024 9:51,Animal,NoahSills,1,Pteronura brasiliensis,03/11/2024 9:51
MC-8-1,05/10/2024,17/12/2024,Ceymour,None,MC8_1_00397,03/11/2024 9:51,Animal,NoahSills,1,Pteronura brasiliensis,03/11/2024 9:51
MC-8-1,05/10/2024,17/12/2024,Ceymour,None,MC8_1_00397,03/11/2024 9:51,Animal,NoahSills,1,Pteronura brasiliensis,03/11/2024 9:51
MC-8-1,05/10/2024,17/12/2024,Ceymour,None,MC8_1_00389,03/11/2024 9:50,Animal,NoahSills,1,Pteronura brasiliensis,03/11/2024 9:50
MC-8-1,05/10/2024,17/12/2024,Ceymour,None,MC8_1_00389,03/11/2024 9:50,Animal,NoahSills,1,Pteronura brasiliensis,03/11/2024 9:50
MC-8-1,05/10/2024,17/12/2024,Ceymour,None,MC8_1_00390,03/11/2024 9:50,Animal,NoahSills,1,Pteronura brasiliensis,03/11/2024 9:50
MC-8-1,05/10/2024,17/12/2024,Ceymour,None,MC8_1_00390,03/11/2024 9:50,Animal,NoahSills,1,Pteronura brasiliensis,03/11/2024 9:50
MC-8-1,05/10/2024,17/12/2024,Ceymour,None,MC8_1_00391,03/11/2024 9:50,Animal,NoahSills,1,Pteronura brasiliensis,03/11/2024 9:50
MC-8-1,05/10/2024,17/12/2024,Ceymour,None,MC8_1_00391,03/11/2024 9:50,Animal,NoahSills,1,Pteronura brasiliensis,03/11/2024 9:50
MC-8-1,05/10/2024,17/12/2024,Ceymour,None,MC8_1_00392,03/11/2024 9:50,Animal,NoahSills,1,Pteronura brasiliensis,03/11/2024 9:50
MC-8-1,05/10/2024,17/12/2024,Ceymour,None,MC8_1_00392,03/11/2024 9:50,Animal,NoahSills,1,Pteronura brasiliensis,03/11/2024 9:50
MC-8-1,05/10/2024,17/12/2024,Ceymour,None,MC8_1_00393,03/11/2024 9:50,Animal,NoahSills,1,Pteronura brasiliensis,03/11/2024 9:50
MC-8-1,05/10/2024,17/12/2024,Ceymour,None,MC8_1_00393,03/11/2024 9:50,Animal,NoahSills,1,Pteronura brasiliensis,03/11/2024 9:50
MC-8-1,05/10/2024,17/12/2024,Ceymour,None,MC8_1_00394,03/11/2024 9:50,Animal,NoahSills,1,Pteronura brasiliensis,03/11/2024 9:50
MC-8-1,05/10/2024,17/12/2024,Ceymour,None,MC8_1_00394,03/11/2024 9:50,Animal,NoahSills,1,Pteronura brasiliensis,03/11/2024 9:50
C-2,18/09/2024,31/12/2024,Ceymour,None,C2_01072,02/11/2024 5:49,Animal,NoahSills,1,Dasyprocta leporina,02/11/2024 5:49
C-2,18/09/2024,31/12/2024,Ceymour,None,C2_01071,01/11/2024 9:01,Animal,NoahSills,1,Dasyprocta leporina,01/11/2024 9:01
MC-3-1,05/10/2024,21/11/2024,Ceymour,None,MC3_1_00027,45596.91824,Animal,NoahSills,1,Cuniculus paca,02:15.9
MC-3-1,05/10/2024,21/11/2024,Ceymour,None,MC3_1_00027,45596.91824,Animal,NoahSills,1,Cuniculus paca,02:15.9
MC-3-1,05/10/2024,21/11/2024,Ceymour,None,MC3_1_00026,45596.57032,Animal,NoahSills,1,Tupinambis teguixin,41:15.6
MC-3-1,05/10/2024,21/11/2024,Ceymour,None,MC3_1_00026,45596.57032,Animal,NoahSills,1,Tupinambis teguixin,41:15.6
MC-3-1,05/10/2024,21/11/2024,Ceymour,None,MC3_1_00025,45595.49563,Animal,NoahSills,1,Tupinambis teguixin,53:42.4
MC-3-1,05/10/2024,21/11/2024,Ceymour,None,MC3_1_00025,45595.49563,Animal,NoahSills,1,Tupinambis teguixin,53:42.4
MC-3-1,05/10/2024,21/11/2024,Ceymour,None,MC3_1_00024,45595.31833,Animal,NoahSills,1,Leptotila rufaxilla,38:23.7
MC-3-1,05/10/2024,21/11/2024,Ceymour,None,MC3_1_00024,45595.31833,Animal,NoahSills,1,Leptotila rufaxilla,38:23.7
MC-3-1,05/10/2024,21/11/2024,Ceymour,None,MC3_1_00023,45594.5723,Animal,NoahSills,1,Tupinambis teguixin,44:06.7
MC-3-1,05/10/2024,21/11/2024,Ceymour,None,MC3_1_00023,45594.5723,Animal,NoahSills,1,Tupinambis teguixin,44:06.7
MC-3-1,05/10/2024,21/11/2024,Ceymour,None,MC3_1_00022,45594.45072,Animal,NoahSills,1,Dasyprocta leporina,49:02.2
MC-3-1,05/10/2024,21/11/2024,Ceymour,None,MC3_1_00022,45594.45072,Animal,NoahSills,1,Dasyprocta leporina,49:02.2
MC-3-1,05/10/2024,21/11/2024,Ceymour,None,MC3_1_00021,45594.38466,Animal,NoahSills,1,Pecari tajacu,13:54.6
MC-3-1,05/10/2024,21/11/2024,Ceymour,None,MC3_1_00021,45594.38466,Animal,NoahSills,1,Pecari tajacu,13:54.6
C-2,18/09/2024,31/12/2024,Ceymour,None,C2_01066,29/10/2024 6:24,Animal,NoahSills,1,Dasyprocta leporina,29/10/2024 6:24
C-2,18/09/2024,31/12/2024,Ceymour,None,C2_01065,29/10/2024 5:16,Animal,NoahSills,1,Dasyprocta leporina,29/10/2024 5:16
MC-3-1,05/10/2024,21/11/2024,Ceymour,None,MC3_1_00018,45594.1276,Animal,NoahSills,1,Proechimys guyannensis,03:44.6
MC-3-1,05/10/2024,21/11/2024,Ceymour,None,MC3_1_00018,45594.1276,Animal,NoahSills,1,Proechimys guyannensis,03:44.6
MC-5-1,05/10/2024,21/11/2024,Ceymour,None,MC5_1_00012,28/10/2024 19:10,Animal,NoahSills,1,Mazama americana,28/10/2024 19:10
MC-5-1,05/10/2024,21/11/2024,Ceymour,None,MC5_1_00012,28/10/2024 19:10,Animal,NoahSills,1,Mazama americana,28/10/2024 19:10
C-2,18/09/2024,31/12/2024,Ceymour,None,C2_01063,28/10/2024 5:37,Animal,NoahSills,1,Dasyprocta leporina,28/10/2024 5:37
MC-3-1,05/10/2024,21/11/2024,Ceymour,None,MC3_1_00017,45593.11435,Animal,NoahSills,1,Proechimys guyannensis,44:39.8
MC-3-1,05/10/2024,21/11/2024,Ceymour,None,MC3_1_00017,45593.11435,Animal,NoahSills,1,Proechimys guyannensis,44:39.8
MC-3-1,05/10/2024,21/11/2024,Ceymour,None,MC3_1_00016,45592.35304,Animal,NoahSills,1,Tupinambis teguixin,28:22.7
MC-3-1,05/10/2024,21/11/2024,Ceymour,None,MC3_1_00016,45592.35304,Animal,NoahSills,1,Tupinambis teguixin,28:22.7
C-2,18/09/2024,31/12/2024,Ceymour,None,C2_01062,27/10/2024 5:26,Animal,NoahSills,1,Dasyprocta leporina,27/10/2024 5:26
MC-3-1,05/10/2024,21/11/2024,Ceymour,None,MC3_1_00015,45592.07272,Animal,NoahSills,1,Proechimys guyannensis,44:43.0
MC-3-1,05/10/2024,21/11/2024,Ceymour,None,MC3_1_00015,45592.07272,Animal,NoahSills,1,Proechimys guyannensis,44:43.0
C-2,18/09/2024,31/12/2024,Ceymour,None,C2_01061,26/10/2024 17:45,Animal,NoahSills,1,Dasyprocta leporina,26/10/2024 17:45
C-2,18/09/2024,31/12/2024,Ceymour,None,C2_01060,26/10/2024 17:38,Animal,NoahSills,1,Dasyprocta leporina,26/10/2024 17:38
C-2,18/09/2024,31/12/2024,Ceymour,None,C2_01059,26/10/2024 15:59,Animal,NoahSills,1,Dasyprocta leporina,26/10/2024 15:59
C-2,18/09/2024,31/12/2024,Ceymour,None,C2_01058,26/10/2024 15:19,Animal,NoahSills,1,Dasyprocta leporina,26/10/2024 15:19
C-2,18/09/2024,31/12/2024,Ceymour,None,C2_01057,26/10/2024 15:18,Animal,NoahSills,1,Dasyprocta leporina,26/10/2024 15:18
MC-8-1,05/10/2024,17/12/2024,Ceymour,None,MC8_1_00381,26/10/2024 11:49,Animal,NoahSills,1,Pteronura brasiliensis,26/10/2024 11:49
MC-8-1,05/10/2024,17/12/2024,Ceymour,None,MC8_1_00381,26/10/2024 11:49,Animal,NoahSills,1,Pteronura brasiliensis,26/10/2024 11:49
MC-8-1,05/10/2024,17/12/2024,Ceymour,None,MC8_1_00382,26/10/2024 11:49,Animal,NoahSills,1,Pteronura brasiliensis,26/10/2024 11:49
MC-8-1,05/10/2024,17/12/2024,Ceymour,None,MC8_1_00382,26/10/2024 11:49,Animal,NoahSills,1,Pteronura brasiliensis,26/10/2024 11:49
MC-8-1,05/10/2024,17/12/2024,Ceymour,None,MC8_1_00383,26/10/2024 11:49,Animal,NoahSills,1,Pteronura brasiliensis,26/10/2024 11:49
MC-8-1,05/10/2024,17/12/2024,Ceymour,None,MC8_1_00383,26/10/2024 11:49,Animal,NoahSills,1,Pteronura brasiliensis,26/10/2024 11:49
MC-8-1,05/10/2024,17/12/2024,Ceymour,None,MC8_1_00384,26/10/2024 11:49,Animal,NoahSills,1,Pteronura brasiliensis,26/10/2024 11:49
MC-8-1,05/10/2024,17/12/2024,Ceymour,None,MC8_1_00384,26/10/2024 11:49,Animal,NoahSills,1,Pteronura brasiliensis,26/10/2024 11:49
MC-8-1,05/10/2024,17/12/2024,Ceymour,None,MC8_1_00385,26/10/2024 11:49,Animal,NoahSills,1,Pteronura brasiliensis,26/10/2024 11:49
MC-8-1,05/10/2024,17/12/2024,Ceymour,None,MC8_1_00385,26/10/2024 11:49,Animal,NoahSills,1,Pteronura brasiliensis,26/10/2024 11:49
MC-8-1,05/10/2024,17/12/2024,Ceymour,None,MC8_1_00377,26/10/2024 11:48,Animal,NoahSills,1,Pteronura brasiliensis,26/10/2024 11:48
MC-8-1,05/10/2024,17/12/2024,Ceymour,None,MC8_1_00377,26/10/2024 11:48,Animal,NoahSills,1,Pteronura brasiliensis,26/10/2024 11:48
MC-8-1,05/10/2024,17/12/2024,Ceymour,None,MC8_1_00378,26/10/2024 11:48,Animal,NoahSills,1,Pteronura brasiliensis,26/10/2024 11:48
MC-8-1,05/10/2024,17/12/2024,Ceymour,None,MC8_1_00378,26/10/2024 11:48,Animal,NoahSills,1,Pteronura brasiliensis,26/10/2024 11:48
MC-8-1,05/10/2024,17/12/2024,Ceymour,None,MC8_1_00372,26/10/2024 11:47,Animal,NoahSills,1,Pteronura brasiliensis,26/10/2024 11:47
MC-8-1,05/10/2024,17/12/2024,Ceymour,None,MC8_1_00372,26/10/2024 11:47,Animal,NoahSills,1,Pteronura brasiliensis,26/10/2024 11:47
MC-8-1,05/10/2024,17/12/2024,Ceymour,None,MC8_1_00373,26/10/2024 11:47,Animal,NoahSills,1,Pteronura brasiliensis,26/10/2024 11:47
MC-8-1,05/10/2024,17/12/2024,Ceymour,None,MC8_1_00373,26/10/2024 11:47,Animal,NoahSills,1,Pteronura brasiliensis,26/10/2024 11:47
MC-8-1,05/10/2024,17/12/2024,Ceymour,None,MC8_1_00374,26/10/2024 11:47,Animal,NoahSills,1,Pteronura brasiliensis,26/10/2024 11:47
MC-8-1,05/10/2024,17/12/2024,Ceymour,None,MC8_1_00374,26/10/2024 11:47,Animal,NoahSills,1,Pteronura brasiliensis,26/10/2024 11:47
MC-8-1,05/10/2024,17/12/2024,Ceymour,None,MC8_1_00375,26/10/2024 11:47,Animal,NoahSills,1,Pteronura brasiliensis,26/10/2024 11:47
MC-8-1,05/10/2024,17/12/2024,Ceymour,None,MC8_1_00375,26/10/2024 11:47,Animal,NoahSills,1,Pteronura brasiliensis,26/10/2024 11:47
MC-8-1,05/10/2024,17/12/2024,Ceymour,None,MC8_1_00376,26/10/2024 11:47,Animal,NoahSills,1,Pteronura brasiliensis,26/10/2024 11:47
MC-8-1,05/10/2024,17/12/2024,Ceymour,None,MC8_1_00376,26/10/2024 11:47,Animal,NoahSills,1,Pteronura brasiliensis,26/10/2024 11:47
MC-8-1,05/10/2024,17/12/2024,Ceymour,None,MC8_1_00371,26/10/2024 11:46,Animal,NoahSills,1,Pteronura brasiliensis,26/10/2024 11:46
MC-8-1,05/10/2024,17/12/2024,Ceymour,None,MC8_1_00371,26/10/2024 11:46,Animal,NoahSills,1,Pteronura brasiliensis,26/10/2024 11:46
MC-8-1,05/10/2024,17/12/2024,Ceymour,None,MC8_1_00369,26/10/2024 11:45,Animal,NoahSills,1,Pteronura brasiliensis,26/10/2024 11:45
MC-8-1,05/10/2024,17/12/2024,Ceymour,None,MC8_1_00369,26/10/2024 11:45,Animal,NoahSills,1,Pteronura brasiliensis,26/10/2024 11:45
MC-8-1,05/10/2024,17/12/2024,Ceymour,None,MC8_1_00370,26/10/2024 11:45,Animal,NoahSills,1,Pteronura brasiliensis,26/10/2024 11:45
MC-8-1,05/10/2024,17/12/2024,Ceymour,None,MC8_1_00370,26/10/2024 11:45,Animal,NoahSills,1,Pteronura brasiliensis,26/10/2024 11:45
MC-8-1,05/10/2024,17/12/2024,Ceymour,None,MC8_1_00362,26/10/2024 11:44,Animal,NoahSills,1,Pteronura brasiliensis,26/10/2024 11:44
MC-8-1,05/10/2024,17/12/2024,Ceymour,None,MC8_1_00362,26/10/2024 11:44,Animal,NoahSills,1,Pteronura brasiliensis,26/10/2024 11:44
MC-8-1,05/10/2024,17/12/2024,Ceymour,None,MC8_1_00363,26/10/2024 11:44,Animal,NoahSills,1,Pteronura brasiliensis,26/10/2024 11:44
MC-8-1,05/10/2024,17/12/2024,Ceymour,None,MC8_1_00363,26/10/2024 11:44,Animal,NoahSills,1,Pteronura brasiliensis,26/10/2024 11:44
MC-8-1,05/10/2024,17/12/2024,Ceymour,None,MC8_1_00364,26/10/2024 11:44,Animal,NoahSills,1,Pteronura brasiliensis,26/10/2024 11:44
MC-8-1,05/10/2024,17/12/2024,Ceymour,None,MC8_1_00364,26/10/2024 11:44,Animal,NoahSills,1,Pteronura brasiliensis,26/10/2024 11:44
MC-8-1,05/10/2024,17/12/2024,Ceymour,None,MC8_1_00365,26/10/2024 11:44,Animal,NoahSills,1,Pteronura brasiliensis,26/10/2024 11:44
MC-8-1,05/10/2024,17/12/2024,Ceymour,None,MC8_1_00365,26/10/2024 11:44,Animal,NoahSills,1,Pteronura brasiliensis,26/10/2024 11:44
MC-8-1,05/10/2024,17/12/2024,Ceymour,None,MC8_1_00366,26/10/2024 11:44,Animal,NoahSills,1,Pteronura brasiliensis,26/10/2024 11:44
MC-8-1,05/10/2024,17/12/2024,Ceymour,None,MC8_1_00366,26/10/2024 11:44,Animal,NoahSills,1,Pteronura brasiliensis,26/10/2024 11:44
MC-8-1,05/10/2024,17/12/2024,Ceymour,None,MC8_1_00367,26/10/2024 11:44,Animal,NoahSills,1,Pteronura brasiliensis,26/10/2024 11:44
MC-8-1,05/10/2024,17/12/2024,Ceymour,None,MC8_1_00367,26/10/2024 11:44,Animal,NoahSills,1,Pteronura brasiliensis,26/10/2024 11:44
MC-8-1,05/10/2024,17/12/2024,Ceymour,None,MC8_1_00368,26/10/2024 11:44,Animal,NoahSills,1,Pteronura brasiliensis,26/10/2024 11:44
MC-8-1,05/10/2024,17/12/2024,Ceymour,None,MC8_1_00368,26/10/2024 11:44,Animal,NoahSills,1,Pteronura brasiliensis,26/10/2024 11:44
MC-8-1,05/10/2024,17/12/2024,Ceymour,None,MC8_1_00356,26/10/2024 11:43,Animal,NoahSills,1,Pteronura brasiliensis,26/10/2024 11:43
MC-8-1,05/10/2024,17/12/2024,Ceymour,None,MC8_1_00356,26/10/2024 11:43,Animal,NoahSills,1,Pteronura brasiliensis,26/10/2024 11:43
MC-8-1,05/10/2024,17/12/2024,Ceymour,None,MC8_1_00357,26/10/2024 11:43,Animal,NoahSills,1,Pteronura brasiliensis,26/10/2024 11:43
MC-8-1,05/10/2024,17/12/2024,Ceymour,None,MC8_1_00357,26/10/2024 11:43,Animal,NoahSills,1,Pteronura brasiliensis,26/10/2024 11:43
MC-8-1,05/10/2024,17/12/2024,Ceymour,None,MC8_1_00358,26/10/2024 11:43,Animal,NoahSills,1,Pteronura brasiliensis,26/10/2024 11:43
MC-8-1,05/10/2024,17/12/2024,Ceymour,None,MC8_1_00358,26/10/2024 11:43,Animal,NoahSills,1,Pteronura brasiliensis,26/10/2024 11:43
MC-8-1,05/10/2024,17/12/2024,Ceymour,None,MC8_1_00359,26/10/2024 11:43,Animal,NoahSills,1,Pteronura brasiliensis,26/10/2024 11:43
MC-8-1,05/10/2024,17/12/2024,Ceymour,None,MC8_1_00359,26/10/2024 11:43,Animal,NoahSills,1,Pteronura brasiliensis,26/10/2024 11:43
MC-8-1,05/10/2024,17/12/2024,Ceymour,None,MC8_1_00360,26/10/2024 11:43,Animal,NoahSills,1,Pteronura brasiliensis,26/10/2024 11:43
MC-8-1,05/10/2024,17/12/2024,Ceymour,None,MC8_1_00360,26/10/2024 11:43,Animal,NoahSills,1,Pteronura brasiliensis,26/10/2024 11:43
MC-8-1,05/10/2024,17/12/2024,Ceymour,None,MC8_1_00361,26/10/2024 11:43,Animal,NoahSills,1,Pteronura brasiliensis,26/10/2024 11:43
MC-8-1,05/10/2024,17/12/2024,Ceymour,None,MC8_1_00361,26/10/2024 11:43,Animal,NoahSills,1,Pteronura brasiliensis,26/10/2024 11:43
MC-8-1,05/10/2024,17/12/2024,Ceymour,None,MC8_1_00353,26/10/2024 11:42,Animal,NoahSills,1,Pteronura brasiliensis,26/10/2024 11:42
MC-8-1,05/10/2024,17/12/2024,Ceymour,None,MC8_1_00353,26/10/2024 11:42,Animal,NoahSills,1,Pteronura brasiliensis,26/10/2024 11:42
MC-8-1,05/10/2024,17/12/2024,Ceymour,None,MC8_1_00354,26/10/2024 11:42,Animal,NoahSills,1,Pteronura brasiliensis,26/10/2024 11:42
MC-8-1,05/10/2024,17/12/2024,Ceymour,None,MC8_1_00354,26/10/2024 11:42,Animal,NoahSills,1,Pteronura brasiliensis,26/10/2024 11:42
MC-8-1,05/10/2024,17/12/2024,Ceymour,None,MC8_1_00355,26/10/2024 11:42,Animal,NoahSills,1,Pteronura brasiliensis,26/10/2024 11:42
MC-8-1,05/10/2024,17/12/2024,Ceymour,None,MC8_1_00355,26/10/2024 11:42,Animal,NoahSills,1,Pteronura brasiliensis,26/10/2024 11:42
MC-8-1,05/10/2024,17/12/2024,Ceymour,None,MC8_1_00347,26/10/2024 11:28,Animal,NoahSills,1,Pteronura brasiliensis,26/10/2024 11:28
MC-8-1,05/10/2024,17/12/2024,Ceymour,None,MC8_1_00347,26/10/2024 11:28,Animal,NoahSills,1,Pteronura brasiliensis,26/10/2024 11:28
MC-8-1,05/10/2024,17/12/2024,Ceymour,None,MC8_1_00348,26/10/2024 11:28,Animal,NoahSills,1,Pteronura brasiliensis,26/10/2024 11:28
MC-8-1,05/10/2024,17/12/2024,Ceymour,None,MC8_1_00348,26/10/2024 11:28,Animal,NoahSills,1,Pteronura brasiliensis,26/10/2024 11:28
MC-8-1,05/10/2024,17/12/2024,Ceymour,None,MC8_1_00349,26/10/2024 11:28,Animal,NoahSills,1,Pteronura brasiliensis,26/10/2024 11:28
MC-8-1,05/10/2024,17/12/2024,Ceymour,None,MC8_1_00349,26/10/2024 11:28,Animal,NoahSills,1,Pteronura brasiliensis,26/10/2024 11:28
MC-8-1,05/10/2024,17/12/2024,Ceymour,None,MC8_1_00350,26/10/2024 11:28,Animal,NoahSills,1,Pteronura brasiliensis,26/10/2024 11:28
MC-8-1,05/10/2024,17/12/2024,Ceymour,None,MC8_1_00350,26/10/2024 11:28,Animal,NoahSills,1,Pteronura brasiliensis,26/10/2024 11:28
MC-8-1,05/10/2024,17/12/2024,Ceymour,None,MC8_1_00351,26/10/2024 11:28,Animal,NoahSills,1,Pteronura brasiliensis,26/10/2024 11:28
MC-8-1,05/10/2024,17/12/2024,Ceymour,None,MC8_1_00351,26/10/2024 11:28,Animal,NoahSills,1,Pteronura brasiliensis,26/10/2024 11:28
MC-8-1,05/10/2024,17/12/2024,Ceymour,None,MC8_1_00352,26/10/2024 11:28,Animal,NoahSills,1,Pteronura brasiliensis,26/10/2024 11:28
MC-8-1,05/10/2024,17/12/2024,Ceymour,None,MC8_1_00352,26/10/2024 11:28,Animal,NoahSills,1,Pteronura brasiliensis,26/10/2024 11:28
MC-8-1,05/10/2024,17/12/2024,Ceymour,None,MC8_1_00338,26/10/2024 11:27,Animal,NoahSills,1,Pteronura brasiliensis,26/10/2024 11:27
MC-8-1,05/10/2024,17/12/2024,Ceymour,None,MC8_1_00338,26/10/2024 11:27,Animal,NoahSills,1,Pteronura brasiliensis,26/10/2024 11:27
MC-8-1,05/10/2024,17/12/2024,Ceymour,None,MC8_1_00339,26/10/2024 11:27,Animal,NoahSills,1,Pteronura brasiliensis,26/10/2024 11:27
MC-8-1,05/10/2024,17/12/2024,Ceymour,None,MC8_1_00339,26/10/2024 11:27,Animal,NoahSills,1,Pteronura brasiliensis,26/10/2024 11:27
MC-8-1,05/10/2024,17/12/2024,Ceymour,None,MC8_1_00340,26/10/2024 11:27,Animal,NoahSills,1,Pteronura brasiliensis,26/10/2024 11:27
MC-8-1,05/10/2024,17/12/2024,Ceymour,None,MC8_1_00340,26/10/2024 11:27,Animal,NoahSills,1,Pteronura brasiliensis,26/10/2024 11:27
MC-8-1,05/10/2024,17/12/2024,Ceymour,None,MC8_1_00341,26/10/2024 11:27,Animal,NoahSills,1,Pteronura brasiliensis,26/10/2024 11:27
MC-8-1,05/10/2024,17/12/2024,Ceymour,None,MC8_1_00341,26/10/2024 11:27,Animal,NoahSills,1,Pteronura brasiliensis,26/10/2024 11:27
MC-8-1,05/10/2024,17/12/2024,Ceymour,None,MC8_1_00342,26/10/2024 11:27,Animal,NoahSills,1,Pteronura brasiliensis,26/10/2024 11:27
MC-8-1,05/10/2024,17/12/2024,Ceymour,None,MC8_1_00342,26/10/2024 11:27,Animal,NoahSills,1,Pteronura brasiliensis,26/10/2024 11:27
MC-8-1,05/10/2024,17/12/2024,Ceymour,None,MC8_1_00343,26/10/2024 11:27,Animal,NoahSills,1,Pteronura brasiliensis,26/10/2024 11:27
MC-8-1,05/10/2024,17/12/2024,Ceymour,None,MC8_1_00343,26/10/2024 11:27,Animal,NoahSills,1,Pteronura brasiliensis,26/10/2024 11:27
MC-8-1,05/10/2024,17/12/2024,Ceymour,None,MC8_1_00344,26/10/2024 11:27,Animal,NoahSills,1,Pteronura brasiliensis,26/10/2024 11:27
MC-8-1,05/10/2024,17/12/2024,Ceymour,None,MC8_1_00344,26/10/2024 11:27,Animal,NoahSills,1,Pteronura brasiliensis,26/10/2024 11:27
MC-8-1,05/10/2024,17/12/2024,Ceymour,None,MC8_1_00345,26/10/2024 11:27,Animal,NoahSills,1,Pteronura brasiliensis,26/10/2024 11:27
MC-8-1,05/10/2024,17/12/2024,Ceymour,None,MC8_1_00345,26/10/2024 11:27,Animal,NoahSills,1,Pteronura brasiliensis,26/10/2024 11:27
MC-8-1,05/10/2024,17/12/2024,Ceymour,None,MC8_1_00346,26/10/2024 11:27,Animal,NoahSills,1,Pteronura brasiliensis,26/10/2024 11:27
MC-8-1,05/10/2024,17/12/2024,Ceymour,None,MC8_1_00346,26/10/2024 11:27,Animal,NoahSills,1,Pteronura brasiliensis,26/10/2024 11:27
MC-8-1,05/10/2024,17/12/2024,Ceymour,None,MC8_1_00332,26/10/2024 11:26,Animal,NoahSills,1,Pteronura brasiliensis,26/10/2024 11:26
MC-8-1,05/10/2024,17/12/2024,Ceymour,None,MC8_1_00332,26/10/2024 11:26,Animal,NoahSills,1,Pteronura brasiliensis,26/10/2024 11:26
MC-8-1,05/10/2024,17/12/2024,Ceymour,None,MC8_1_00333,26/10/2024 11:26,Animal,NoahSills,1,Pteronura brasiliensis,26/10/2024 11:26
MC-8-1,05/10/2024,17/12/2024,Ceymour,None,MC8_1_00333,26/10/2024 11:26,Animal,NoahSills,1,Pteronura brasiliensis,26/10/2024 11:26
MC-8-1,05/10/2024,17/12/2024,Ceymour,None,MC8_1_00334,26/10/2024 11:26,Animal,NoahSills,1,Pteronura brasiliensis,26/10/2024 11:26
MC-8-1,05/10/2024,17/12/2024,Ceymour,None,MC8_1_00334,26/10/2024 11:26,Animal,NoahSills,1,Pteronura brasiliensis,26/10/2024 11:26
MC-8-1,05/10/2024,17/12/2024,Ceymour,None,MC8_1_00335,26/10/2024 11:26,Animal,NoahSills,1,Pteronura brasiliensis,26/10/2024 11:26
MC-8-1,05/10/2024,17/12/2024,Ceymour,None,MC8_1_00335,26/10/2024 11:26,Animal,NoahSills,1,Pteronura brasiliensis,26/10/2024 11:26
MC-8-1,05/10/2024,17/12/2024,Ceymour,None,MC8_1_00336,26/10/2024 11:26,Animal,NoahSills,1,Pteronura brasiliensis,26/10/2024 11:26
MC-8-1,05/10/2024,17/12/2024,Ceymour,None,MC8_1_00336,26/10/2024 11:26,Animal,NoahSills,1,Pteronura brasiliensis,26/10/2024 11:26
MC-8-1,05/10/2024,17/12/2024,Ceymour,None,MC8_1_00337,26/10/2024 11:26,Animal,NoahSills,1,Pteronura brasiliensis,26/10/2024 11:26
MC-8-1,05/10/2024,17/12/2024,Ceymour,None,MC8_1_00337,26/10/2024 11:26,Animal,NoahSills,1,Pteronura brasiliensis,26/10/2024 11:26
MC-8-1,05/10/2024,17/12/2024,Ceymour,None,MC8_1_00329,26/10/2024 11:25,Animal,NoahSills,1,Pteronura brasiliensis,26/10/2024 11:25
MC-8-1,05/10/2024,17/12/2024,Ceymour,None,MC8_1_00329,26/10/2024 11:25,Animal,NoahSills,1,Pteronura brasiliensis,26/10/2024 11:25
MC-8-1,05/10/2024,17/12/2024,Ceymour,None,MC8_1_00330,26/10/2024 11:25,Animal,NoahSills,1,Pteronura brasiliensis,26/10/2024 11:25
MC-8-1,05/10/2024,17/12/2024,Ceymour,None,MC8_1_00330,26/10/2024 11:25,Animal,NoahSills,1,Pteronura brasiliensis,26/10/2024 11:25
MC-8-1,05/10/2024,17/12/2024,Ceymour,None,MC8_1_00331,26/10/2024 11:25,Animal,NoahSills,1,Pteronura brasiliensis,26/10/2024 11:25
MC-8-1,05/10/2024,17/12/2024,Ceymour,None,MC8_1_00331,26/10/2024 11:25,Animal,NoahSills,1,Pteronura brasiliensis,26/10/2024 11:25
MC-8-1,05/10/2024,17/12/2024,Ceymour,None,MC8_1_00326,26/10/2024 11:24,Animal,NoahSills,1,Pteronura brasiliensis,26/10/2024 11:24
MC-8-1,05/10/2024,17/12/2024,Ceymour,None,MC8_1_00326,26/10/2024 11:24,Animal,NoahSills,1,Pteronura brasiliensis,26/10/2024 11:24
MC-8-1,05/10/2024,17/12/2024,Ceymour,None,MC8_1_00327,26/10/2024 11:24,Animal,NoahSills,1,Pteronura brasiliensis,26/10/2024 11:24
MC-8-1,05/10/2024,17/12/2024,Ceymour,None,MC8_1_00327,26/10/2024 11:24,Animal,NoahSills,1,Pteronura brasiliensis,26/10/2024 11:24
MC-8-1,05/10/2024,17/12/2024,Ceymour,None,MC8_1_00328,26/10/2024 11:24,Animal,NoahSills,1,Pteronura brasiliensis,26/10/2024 11:24
MC-8-1,05/10/2024,17/12/2024,Ceymour,None,MC8_1_00328,26/10/2024 11:24,Animal,NoahSills,1,Pteronura brasiliensis,26/10/2024 11:24
MC-8-1,05/10/2024,17/12/2024,Ceymour,None,MC8_1_00323,26/10/2024 11:18,Animal,NoahSills,1,Pteronura brasiliensis,26/10/2024 11:18
MC-8-1,05/10/2024,17/12/2024,Ceymour,None,MC8_1_00323,26/10/2024 11:18,Animal,NoahSills,1,Pteronura brasiliensis,26/10/2024 11:18
MC-8-1,05/10/2024,17/12/2024,Ceymour,None,MC8_1_00324,26/10/2024 11:18,Animal,NoahSills,1,Pteronura brasiliensis,26/10/2024 11:18
MC-8-1,05/10/2024,17/12/2024,Ceymour,None,MC8_1_00324,26/10/2024 11:18,Animal,NoahSills,1,Pteronura brasiliensis,26/10/2024 11:18
MC-8-1,05/10/2024,17/12/2024,Ceymour,None,MC8_1_00325,26/10/2024 11:18,Animal,NoahSills,1,Pteronura brasiliensis,26/10/2024 11:18
MC-8-1,05/10/2024,17/12/2024,Ceymour,None,MC8_1_00325,26/10/2024 11:18,Animal,NoahSills,1,Pteronura brasiliensis,26/10/2024 11:18
MC-8-1,05/10/2024,17/12/2024,Ceymour,None,MC8_1_00314,26/10/2024 11:17,Animal,NoahSills,1,Pteronura brasiliensis,26/10/2024 11:17
MC-8-1,05/10/2024,17/12/2024,Ceymour,None,MC8_1_00314,26/10/2024 11:17,Animal,NoahSills,1,Pteronura brasiliensis,26/10/2024 11:17
MC-8-1,05/10/2024,17/12/2024,Ceymour,None,MC8_1_00315,26/10/2024 11:17,Animal,NoahSills,1,Pteronura brasiliensis,26/10/2024 11:17
MC-8-1,05/10/2024,17/12/2024,Ceymour,None,MC8_1_00315,26/10/2024 11:17,Animal,NoahSills,1,Pteronura brasiliensis,26/10/2024 11:17
MC-8-1,05/10/2024,17/12/2024,Ceymour,None,MC8_1_00316,26/10/2024 11:17,Animal,NoahSills,1,Pteronura brasiliensis,26/10/2024 11:17
MC-8-1,05/10/2024,17/12/2024,Ceymour,None,MC8_1_00316,26/10/2024 11:17,Animal,NoahSills,1,Pteronura brasiliensis,26/10/2024 11:17
MC-8-1,05/10/2024,17/12/2024,Ceymour,None,MC8_1_00317,26/10/2024 11:17,Animal,NoahSills,1,Pteronura brasiliensis,26/10/2024 11:17
MC-8-1,05/10/2024,17/12/2024,Ceymour,None,MC8_1_00317,26/10/2024 11:17,Animal,NoahSills,1,Pteronura brasiliensis,26/10/2024 11:17
MC-8-1,05/10/2024,17/12/2024,Ceymour,None,MC8_1_00318,26/10/2024 11:17,Animal,NoahSills,1,Pteronura brasiliensis,26/10/2024 11:17
MC-8-1,05/10/2024,17/12/2024,Ceymour,None,MC8_1_00318,26/10/2024 11:17,Animal,NoahSills,1,Pteronura brasiliensis,26/10/2024 11:17
MC-8-1,05/10/2024,17/12/2024,Ceymour,None,MC8_1_00319,26/10/2024 11:17,Animal,NoahSills,1,Pteronura brasiliensis,26/10/2024 11:17
MC-8-1,05/10/2024,17/12/2024,Ceymour,None,MC8_1_00319,26/10/2024 11:17,Animal,NoahSills,1,Pteronura brasiliensis,26/10/2024 11:17
MC-8-1,05/10/2024,17/12/2024,Ceymour,None,MC8_1_00320,26/10/2024 11:17,Animal,NoahSills,1,Pteronura brasiliensis,26/10/2024 11:17
MC-8-1,05/10/2024,17/12/2024,Ceymour,None,MC8_1_00320,26/10/2024 11:17,Animal,NoahSills,1,Pteronura brasiliensis,26/10/2024 11:17
MC-8-1,05/10/2024,17/12/2024,Ceymour,None,MC8_1_00321,26/10/2024 11:17,Animal,NoahSills,1,Pteronura brasiliensis,26/10/2024 11:17
MC-8-1,05/10/2024,17/12/2024,Ceymour,None,MC8_1_00321,26/10/2024 11:17,Animal,NoahSills,1,Pteronura brasiliensis,26/10/2024 11:17
MC-8-1,05/10/2024,17/12/2024,Ceymour,None,MC8_1_00322,26/10/2024 11:17,Animal,NoahSills,1,Pteronura brasiliensis,26/10/2024 11:17
MC-8-1,05/10/2024,17/12/2024,Ceymour,None,MC8_1_00322,26/10/2024 11:17,Animal,NoahSills,1,Pteronura brasiliensis,26/10/2024 11:17
MC-8-1,05/10/2024,17/12/2024,Ceymour,None,MC8_1_00311,26/10/2024 11:16,Animal,NoahSills,1,Pteronura brasiliensis,26/10/2024 11:16
MC-8-1,05/10/2024,17/12/2024,Ceymour,None,MC8_1_00311,26/10/2024 11:16,Animal,NoahSills,1,Pteronura brasiliensis,26/10/2024 11:16
MC-8-1,05/10/2024,17/12/2024,Ceymour,None,MC8_1_00312,26/10/2024 11:16,Animal,NoahSills,1,Pteronura brasiliensis,26/10/2024 11:16
MC-8-1,05/10/2024,17/12/2024,Ceymour,None,MC8_1_00312,26/10/2024 11:16,Animal,NoahSills,1,Pteronura brasiliensis,26/10/2024 11:16
MC-8-1,05/10/2024,17/12/2024,Ceymour,None,MC8_1_00313,26/10/2024 11:16,Animal,NoahSills,1,Pteronura brasiliensis,26/10/2024 11:16
MC-8-1,05/10/2024,17/12/2024,Ceymour,None,MC8_1_00313,26/10/2024 11:16,Animal,NoahSills,1,Pteronura brasiliensis,26/10/2024 11:16
MC-8-1,05/10/2024,17/12/2024,Ceymour,None,MC8_1_00305,26/10/2024 11:14,Animal,NoahSills,1,Pteronura brasiliensis,26/10/2024 11:14
MC-8-1,05/10/2024,17/12/2024,Ceymour,None,MC8_1_00305,26/10/2024 11:14,Animal,NoahSills,1,Pteronura brasiliensis,26/10/2024 11:14
MC-8-1,05/10/2024,17/12/2024,Ceymour,None,MC8_1_00306,26/10/2024 11:14,Animal,NoahSills,1,Pteronura brasiliensis,26/10/2024 11:14
MC-8-1,05/10/2024,17/12/2024,Ceymour,None,MC8_1_00306,26/10/2024 11:14,Animal,NoahSills,1,Pteronura brasiliensis,26/10/2024 11:14
MC-8-1,05/10/2024,17/12/2024,Ceymour,None,MC8_1_00307,26/10/2024 11:14,Animal,NoahSills,1,Pteronura brasiliensis,26/10/2024 11:14
MC-8-1,05/10/2024,17/12/2024,Ceymour,None,MC8_1_00307,26/10/2024 11:14,Animal,NoahSills,1,Pteronura brasiliensis,26/10/2024 11:14
MC-8-1,05/10/2024,17/12/2024,Ceymour,None,MC8_1_00308,26/10/2024 11:14,Animal,NoahSills,1,Pteronura brasiliensis,26/10/2024 11:14
MC-8-1,05/10/2024,17/12/2024,Ceymour,None,MC8_1_00308,26/10/2024 11:14,Animal,NoahSills,1,Pteronura brasiliensis,26/10/2024 11:14
MC-8-1,05/10/2024,17/12/2024,Ceymour,None,MC8_1_00309,26/10/2024 11:14,Animal,NoahSills,1,Pteronura brasiliensis,26/10/2024 11:14
MC-8-1,05/10/2024,17/12/2024,Ceymour,None,MC8_1_00309,26/10/2024 11:14,Animal,NoahSills,1,Pteronura brasiliensis,26/10/2024 11:14
MC-8-1,05/10/2024,17/12/2024,Ceymour,None,MC8_1_00310,26/10/2024 11:14,Animal,NoahSills,1,Pteronura brasiliensis,26/10/2024 11:14
MC-8-1,05/10/2024,17/12/2024,Ceymour,None,MC8_1_00310,26/10/2024 11:14,Animal,NoahSills,1,Pteronura brasiliensis,26/10/2024 11:14
MC-8-1,05/10/2024,17/12/2024,Ceymour,None,MC8_1_00302,26/10/2024 11:13,Animal,NoahSills,1,Pteronura brasiliensis,26/10/2024 11:13
MC-8-1,05/10/2024,17/12/2024,Ceymour,None,MC8_1_00302,26/10/2024 11:13,Animal,NoahSills,1,Pteronura brasiliensis,26/10/2024 11:13
MC-8-1,05/10/2024,17/12/2024,Ceymour,None,MC8_1_00303,26/10/2024 11:13,Animal,NoahSills,1,Pteronura brasiliensis,26/10/2024 11:13
MC-8-1,05/10/2024,17/12/2024,Ceymour,None,MC8_1_00303,26/10/2024 11:13,Animal,NoahSills,1,Pteronura brasiliensis,26/10/2024 11:13
MC-8-1,05/10/2024,17/12/2024,Ceymour,None,MC8_1_00304,26/10/2024 11:13,Animal,NoahSills,1,Pteronura brasiliensis,26/10/2024 11:13
MC-8-1,05/10/2024,17/12/2024,Ceymour,None,MC8_1_00304,26/10/2024 11:13,Animal,NoahSills,1,Pteronura brasiliensis,26/10/2024 11:13
MC-8-1,05/10/2024,17/12/2024,Ceymour,None,MC8_1_00299,26/10/2024 11:12,Animal,NoahSills,1,Pteronura brasiliensis,26/10/2024 11:12
MC-8-1,05/10/2024,17/12/2024,Ceymour,None,MC8_1_00299,26/10/2024 11:12,Animal,NoahSills,1,Pteronura brasiliensis,26/10/2024 11:12
MC-8-1,05/10/2024,17/12/2024,Ceymour,None,MC8_1_00300,26/10/2024 11:12,Animal,NoahSills,1,Pteronura brasiliensis,26/10/2024 11:12
MC-8-1,05/10/2024,17/12/2024,Ceymour,None,MC8_1_00300,26/10/2024 11:12,Animal,NoahSills,1,Pteronura brasiliensis,26/10/2024 11:12
MC-8-1,05/10/2024,17/12/2024,Ceymour,None,MC8_1_00301,26/10/2024 11:12,Animal,NoahSills,1,Pteronura brasiliensis,26/10/2024 11:12
MC-8-1,05/10/2024,17/12/2024,Ceymour,None,MC8_1_00301,26/10/2024 11:12,Animal,NoahSills,1,Pteronura brasiliensis,26/10/2024 11:12
MC-8-1,05/10/2024,17/12/2024,Ceymour,None,MC8_1_00296,26/10/2024 11:10,Animal,NoahSills,1,Pteronura brasiliensis,26/10/2024 11:10
MC-8-1,05/10/2024,17/12/2024,Ceymour,None,MC8_1_00296,26/10/2024 11:10,Animal,NoahSills,1,Pteronura brasiliensis,26/10/2024 11:10
MC-8-1,05/10/2024,17/12/2024,Ceymour,None,MC8_1_00297,26/10/2024 11:10,Animal,NoahSills,1,Pteronura brasiliensis,26/10/2024 11:10
MC-8-1,05/10/2024,17/12/2024,Ceymour,None,MC8_1_00297,26/10/2024 11:10,Animal,NoahSills,1,Pteronura brasiliensis,26/10/2024 11:10
MC-8-1,05/10/2024,17/12/2024,Ceymour,None,MC8_1_00298,26/10/2024 11:10,Animal,NoahSills,1,Pteronura brasiliensis,26/10/2024 11:10
MC-8-1,05/10/2024,17/12/2024,Ceymour,None,MC8_1_00298,26/10/2024 11:10,Animal,NoahSills,1,Pteronura brasiliensis,26/10/2024 11:10
MC-8-1,05/10/2024,17/12/2024,Ceymour,None,MC8_1_00290,26/10/2024 11:09,Animal,NoahSills,1,Pteronura brasiliensis,26/10/2024 11:09
MC-8-1,05/10/2024,17/12/2024,Ceymour,None,MC8_1_00290,26/10/2024 11:09,Animal,NoahSills,1,Pteronura brasiliensis,26/10/2024 11:09
MC-8-1,05/10/2024,17/12/2024,Ceymour,None,MC8_1_00291,26/10/2024 11:09,Animal,NoahSills,1,Pteronura brasiliensis,26/10/2024 11:09
MC-8-1,05/10/2024,17/12/2024,Ceymour,None,MC8_1_00291,26/10/2024 11:09,Animal,NoahSills,1,Pteronura brasiliensis,26/10/2024 11:09
MC-8-1,05/10/2024,17/12/2024,Ceymour,None,MC8_1_00292,26/10/2024 11:09,Animal,NoahSills,1,Pteronura brasiliensis,26/10/2024 11:09
MC-8-1,05/10/2024,17/12/2024,Ceymour,None,MC8_1_00292,26/10/2024 11:09,Animal,NoahSills,1,Pteronura brasiliensis,26/10/2024 11:09
MC-8-1,05/10/2024,17/12/2024,Ceymour,None,MC8_1_00293,26/10/2024 11:09,Animal,NoahSills,1,Pteronura brasiliensis,26/10/2024 11:09
MC-8-1,05/10/2024,17/12/2024,Ceymour,None,MC8_1_00293,26/10/2024 11:09,Animal,NoahSills,1,Pteronura brasiliensis,26/10/2024 11:09
MC-8-1,05/10/2024,17/12/2024,Ceymour,None,MC8_1_00294,26/10/2024 11:09,Animal,NoahSills,1,Pteronura brasiliensis,26/10/2024 11:09
MC-8-1,05/10/2024,17/12/2024,Ceymour,None,MC8_1_00294,26/10/2024 11:09,Animal,NoahSills,1,Pteronura brasiliensis,26/10/2024 11:09
MC-8-1,05/10/2024,17/12/2024,Ceymour,None,MC8_1_00295,26/10/2024 11:09,Animal,NoahSills,1,Pteronura brasiliensis,26/10/2024 11:09
MC-8-1,05/10/2024,17/12/2024,Ceymour,None,MC8_1_00295,26/10/2024 11:09,Animal,NoahSills,1,Pteronura brasiliensis,26/10/2024 11:09
MC-8-1,05/10/2024,17/12/2024,Ceymour,None,MC8_1_00284,26/10/2024 11:05,Animal,NoahSills,1,Pteronura brasiliensis,26/10/2024 11:05
MC-8-1,05/10/2024,17/12/2024,Ceymour,None,MC8_1_00284,26/10/2024 11:05,Animal,NoahSills,1,Pteronura brasiliensis,26/10/2024 11:05
MC-8-1,05/10/2024,17/12/2024,Ceymour,None,MC8_1_00285,26/10/2024 11:05,Animal,NoahSills,1,Pteronura brasiliensis,26/10/2024 11:05
MC-8-1,05/10/2024,17/12/2024,Ceymour,None,MC8_1_00285,26/10/2024 11:05,Animal,NoahSills,1,Pteronura brasiliensis,26/10/2024 11:05
MC-8-1,05/10/2024,17/12/2024,Ceymour,None,MC8_1_00286,26/10/2024 11:05,Animal,NoahSills,1,Pteronura brasiliensis,26/10/2024 11:05
MC-8-1,05/10/2024,17/12/2024,Ceymour,None,MC8_1_00286,26/10/2024 11:05,Animal,NoahSills,1,Pteronura brasiliensis,26/10/2024 11:05
MC-8-1,05/10/2024,17/12/2024,Ceymour,None,MC8_1_00287,26/10/2024 11:05,Animal,NoahSills,1,Pteronura brasiliensis,26/10/2024 11:05
MC-8-1,05/10/2024,17/12/2024,Ceymour,None,MC8_1_00287,26/10/2024 11:05,Animal,NoahSills,1,Pteronura brasiliensis,26/10/2024 11:05
MC-8-1,05/10/2024,17/12/2024,Ceymour,None,MC8_1_00288,26/10/2024 11:05,Animal,NoahSills,1,Pteronura brasiliensis,26/10/2024 11:05
MC-8-1,05/10/2024,17/12/2024,Ceymour,None,MC8_1_00288,26/10/2024 11:05,Animal,NoahSills,1,Pteronura brasiliensis,26/10/2024 11:05
MC-8-1,05/10/2024,17/12/2024,Ceymour,None,MC8_1_00289,26/10/2024 11:05,Animal,NoahSills,1,Pteronura brasiliensis,26/10/2024 11:05
MC-8-1,05/10/2024,17/12/2024,Ceymour,None,MC8_1_00289,26/10/2024 11:05,Animal,NoahSills,1,Pteronura brasiliensis,26/10/2024 11:05
MC-8-1,05/10/2024,17/12/2024,Ceymour,None,MC8_1_00281,26/10/2024 11:04,Animal,NoahSills,1,Pteronura brasiliensis,26/10/2024 11:04
MC-8-1,05/10/2024,17/12/2024,Ceymour,None,MC8_1_00281,26/10/2024 11:04,Animal,NoahSills,1,Pteronura brasiliensis,26/10/2024 11:04
MC-8-1,05/10/2024,17/12/2024,Ceymour,None,MC8_1_00282,26/10/2024 11:04,Animal,NoahSills,1,Pteronura brasiliensis,26/10/2024 11:04
MC-8-1,05/10/2024,17/12/2024,Ceymour,None,MC8_1_00282,26/10/2024 11:04,Animal,NoahSills,1,Pteronura brasiliensis,26/10/2024 11:04
MC-8-1,05/10/2024,17/12/2024,Ceymour,None,MC8_1_00283,26/10/2024 11:04,Animal,NoahSills,1,Pteronura brasiliensis,26/10/2024 11:04
MC-8-1,05/10/2024,17/12/2024,Ceymour,None,MC8_1_00283,26/10/2024 11:04,Animal,NoahSills,1,Pteronura brasiliensis,26/10/2024 11:04
MC-8-1,05/10/2024,17/12/2024,Ceymour,None,MC8_1_00275,26/10/2024 11:03,Animal,NoahSills,1,Pteronura brasiliensis,26/10/2024 11:03
MC-8-1,05/10/2024,17/12/2024,Ceymour,None,MC8_1_00275,26/10/2024 11:03,Animal,NoahSills,1,Pteronura brasiliensis,26/10/2024 11:03
MC-8-1,05/10/2024,17/12/2024,Ceymour,None,MC8_1_00276,26/10/2024 11:03,Animal,NoahSills,1,Pteronura brasiliensis,26/10/2024 11:03
MC-8-1,05/10/2024,17/12/2024,Ceymour,None,MC8_1_00276,26/10/2024 11:03,Animal,NoahSills,1,Pteronura brasiliensis,26/10/2024 11:03
MC-8-1,05/10/2024,17/12/2024,Ceymour,None,MC8_1_00277,26/10/2024 11:03,Animal,NoahSills,1,Pteronura brasiliensis,26/10/2024 11:03
MC-8-1,05/10/2024,17/12/2024,Ceymour,None,MC8_1_00277,26/10/2024 11:03,Animal,NoahSills,1,Pteronura brasiliensis,26/10/2024 11:03
MC-8-1,05/10/2024,17/12/2024,Ceymour,None,MC8_1_00278,26/10/2024 11:03,Animal,NoahSills,1,Pteronura brasiliensis,26/10/2024 11:03
MC-8-1,05/10/2024,17/12/2024,Ceymour,None,MC8_1_00278,26/10/2024 11:03,Animal,NoahSills,1,Pteronura brasiliensis,26/10/2024 11:03
MC-8-1,05/10/2024,17/12/2024,Ceymour,None,MC8_1_00279,26/10/2024 11:03,Animal,NoahSills,1,Pteronura brasiliensis,26/10/2024 11:03
MC-8-1,05/10/2024,17/12/2024,Ceymour,None,MC8_1_00279,26/10/2024 11:03,Animal,NoahSills,1,Pteronura brasiliensis,26/10/2024 11:03
MC-8-1,05/10/2024,17/12/2024,Ceymour,None,MC8_1_00280,26/10/2024 11:03,Animal,NoahSills,1,Pteronura brasiliensis,26/10/2024 11:03
MC-8-1,05/10/2024,17/12/2024,Ceymour,None,MC8_1_00280,26/10/2024 11:03,Animal,NoahSills,1,Pteronura brasiliensis,26/10/2024 11:03
MC-8-1,05/10/2024,17/12/2024,Ceymour,None,MC8_1_00269,26/10/2024 10:43,Animal,NoahSills,1,Pteronura brasiliensis,26/10/2024 10:43
MC-8-1,05/10/2024,17/12/2024,Ceymour,None,MC8_1_00269,26/10/2024 10:43,Animal,NoahSills,1,Pteronura brasiliensis,26/10/2024 10:43
MC-8-1,05/10/2024,17/12/2024,Ceymour,None,MC8_1_00270,26/10/2024 10:43,Animal,NoahSills,1,Pteronura brasiliensis,26/10/2024 10:43
MC-8-1,05/10/2024,17/12/2024,Ceymour,None,MC8_1_00270,26/10/2024 10:43,Animal,NoahSills,1,Pteronura brasiliensis,26/10/2024 10:43
MC-8-1,05/10/2024,17/12/2024,Ceymour,None,MC8_1_00271,26/10/2024 10:43,Animal,NoahSills,1,Pteronura brasiliensis,26/10/2024 10:43
MC-8-1,05/10/2024,17/12/2024,Ceymour,None,MC8_1_00271,26/10/2024 10:43,Animal,NoahSills,1,Pteronura brasiliensis,26/10/2024 10:43
MC-8-1,05/10/2024,17/12/2024,Ceymour,None,MC8_1_00272,26/10/2024 10:43,Animal,NoahSills,1,Pteronura brasiliensis,26/10/2024 10:43
MC-8-1,05/10/2024,17/12/2024,Ceymour,None,MC8_1_00272,26/10/2024 10:43,Animal,NoahSills,1,Pteronura brasiliensis,26/10/2024 10:43
MC-8-1,05/10/2024,17/12/2024,Ceymour,None,MC8_1_00273,26/10/2024 10:43,Animal,NoahSills,1,Pteronura brasiliensis,26/10/2024 10:43
MC-8-1,05/10/2024,17/12/2024,Ceymour,None,MC8_1_00273,26/10/2024 10:43,Animal,NoahSills,1,Pteronura brasiliensis,26/10/2024 10:43
MC-8-1,05/10/2024,17/12/2024,Ceymour,None,MC8_1_00274,26/10/2024 10:43,Animal,NoahSills,1,Pteronura brasiliensis,26/10/2024 10:43
MC-8-1,05/10/2024,17/12/2024,Ceymour,None,MC8_1_00274,26/10/2024 10:43,Animal,NoahSills,1,Pteronura brasiliensis,26/10/2024 10:43
MC-8-1,05/10/2024,17/12/2024,Ceymour,None,MC8_1_00263,26/10/2024 10:37,Animal,NoahSills,1,Pteronura brasiliensis,26/10/2024 10:37
MC-8-1,05/10/2024,17/12/2024,Ceymour,None,MC8_1_00263,26/10/2024 10:37,Animal,NoahSills,1,Pteronura brasiliensis,26/10/2024 10:37
MC-8-1,05/10/2024,17/12/2024,Ceymour,None,MC8_1_00264,26/10/2024 10:37,Animal,NoahSills,1,Pteronura brasiliensis,26/10/2024 10:37
MC-8-1,05/10/2024,17/12/2024,Ceymour,None,MC8_1_00264,26/10/2024 10:37,Animal,NoahSills,1,Pteronura brasiliensis,26/10/2024 10:37
MC-8-1,05/10/2024,17/12/2024,Ceymour,None,MC8_1_00265,26/10/2024 10:37,Animal,NoahSills,1,Pteronura brasiliensis,26/10/2024 10:37
MC-8-1,05/10/2024,17/12/2024,Ceymour,None,MC8_1_00265,26/10/2024 10:37,Animal,NoahSills,1,Pteronura brasiliensis,26/10/2024 10:37
MC-8-1,05/10/2024,17/12/2024,Ceymour,None,MC8_1_00266,26/10/2024 10:37,Animal,NoahSills,1,Pteronura brasiliensis,26/10/2024 10:37
MC-8-1,05/10/2024,17/12/2024,Ceymour,None,MC8_1_00266,26/10/2024 10:37,Animal,NoahSills,1,Pteronura brasiliensis,26/10/2024 10:37
MC-8-1,05/10/2024,17/12/2024,Ceymour,None,MC8_1_00267,26/10/2024 10:37,Animal,NoahSills,1,Pteronura brasiliensis,26/10/2024 10:37
MC-8-1,05/10/2024,17/12/2024,Ceymour,None,MC8_1_00267,26/10/2024 10:37,Animal,NoahSills,1,Pteronura brasiliensis,26/10/2024 10:37
MC-8-1,05/10/2024,17/12/2024,Ceymour,None,MC8_1_00268,26/10/2024 10:37,Animal,NoahSills,1,Pteronura brasiliensis,26/10/2024 10:37
MC-8-1,05/10/2024,17/12/2024,Ceymour,None,MC8_1_00268,26/10/2024 10:37,Animal,NoahSills,1,Pteronura brasiliensis,26/10/2024 10:37
MC-8-1,05/10/2024,17/12/2024,Ceymour,None,MC8_1_00260,26/10/2024 10:36,Animal,NoahSills,1,Pteronura brasiliensis,26/10/2024 10:36
MC-8-1,05/10/2024,17/12/2024,Ceymour,None,MC8_1_00260,26/10/2024 10:36,Animal,NoahSills,1,Pteronura brasiliensis,26/10/2024 10:36
MC-8-1,05/10/2024,17/12/2024,Ceymour,None,MC8_1_00261,26/10/2024 10:36,Animal,NoahSills,1,Pteronura brasiliensis,26/10/2024 10:36
MC-8-1,05/10/2024,17/12/2024,Ceymour,None,MC8_1_00261,26/10/2024 10:36,Animal,NoahSills,1,Pteronura brasiliensis,26/10/2024 10:36
MC-8-1,05/10/2024,17/12/2024,Ceymour,None,MC8_1_00262,26/10/2024 10:36,Animal,NoahSills,1,Pteronura brasiliensis,26/10/2024 10:36
MC-8-1,05/10/2024,17/12/2024,Ceymour,None,MC8_1_00262,26/10/2024 10:36,Animal,NoahSills,1,Pteronura brasiliensis,26/10/2024 10:36
MC-8-1,05/10/2024,17/12/2024,Ceymour,None,MC8_1_00254,26/10/2024 10:35,Animal,NoahSills,1,Pteronura brasiliensis,26/10/2024 10:35
MC-8-1,05/10/2024,17/12/2024,Ceymour,None,MC8_1_00254,26/10/2024 10:35,Animal,NoahSills,1,Pteronura brasiliensis,26/10/2024 10:35
MC-8-1,05/10/2024,17/12/2024,Ceymour,None,MC8_1_00255,26/10/2024 10:35,Animal,NoahSills,1,Pteronura brasiliensis,26/10/2024 10:35
MC-8-1,05/10/2024,17/12/2024,Ceymour,None,MC8_1_00255,26/10/2024 10:35,Animal,NoahSills,1,Pteronura brasiliensis,26/10/2024 10:35
MC-8-1,05/10/2024,17/12/2024,Ceymour,None,MC8_1_00256,26/10/2024 10:35,Animal,NoahSills,1,Pteronura brasiliensis,26/10/2024 10:35
MC-8-1,05/10/2024,17/12/2024,Ceymour,None,MC8_1_00256,26/10/2024 10:35,Animal,NoahSills,1,Pteronura brasiliensis,26/10/2024 10:35
MC-8-1,05/10/2024,17/12/2024,Ceymour,None,MC8_1_00257,26/10/2024 10:35,Animal,NoahSills,1,Pteronura brasiliensis,26/10/2024 10:35
MC-8-1,05/10/2024,17/12/2024,Ceymour,None,MC8_1_00257,26/10/2024 10:35,Animal,NoahSills,1,Pteronura brasiliensis,26/10/2024 10:35
MC-8-1,05/10/2024,17/12/2024,Ceymour,None,MC8_1_00258,26/10/2024 10:35,Animal,NoahSills,1,Pteronura brasiliensis,26/10/2024 10:35
MC-8-1,05/10/2024,17/12/2024,Ceymour,None,MC8_1_00258,26/10/2024 10:35,Animal,NoahSills,1,Pteronura brasiliensis,26/10/2024 10:35
MC-8-1,05/10/2024,17/12/2024,Ceymour,None,MC8_1_00259,26/10/2024 10:35,Animal,NoahSills,1,Pteronura brasiliensis,26/10/2024 10:35
MC-8-1,05/10/2024,17/12/2024,Ceymour,None,MC8_1_00259,26/10/2024 10:35,Animal,NoahSills,1,Pteronura brasiliensis,26/10/2024 10:35
MC-8-1,05/10/2024,17/12/2024,Ceymour,None,MC8_1_00251,26/10/2024 10:32,Animal,NoahSills,1,Pteronura brasiliensis,26/10/2024 10:32
MC-8-1,05/10/2024,17/12/2024,Ceymour,None,MC8_1_00251,26/10/2024 10:32,Animal,NoahSills,1,Pteronura brasiliensis,26/10/2024 10:32
MC-8-1,05/10/2024,17/12/2024,Ceymour,None,MC8_1_00252,26/10/2024 10:32,Animal,NoahSills,1,Pteronura brasiliensis,26/10/2024 10:32
MC-8-1,05/10/2024,17/12/2024,Ceymour,None,MC8_1_00252,26/10/2024 10:32,Animal,NoahSills,1,Pteronura brasiliensis,26/10/2024 10:32
MC-8-1,05/10/2024,17/12/2024,Ceymour,None,MC8_1_00253,26/10/2024 10:32,Animal,NoahSills,1,Pteronura brasiliensis,26/10/2024 10:32
MC-8-1,05/10/2024,17/12/2024,Ceymour,None,MC8_1_00253,26/10/2024 10:32,Animal,NoahSills,1,Pteronura brasiliensis,26/10/2024 10:32
MC-8-1,05/10/2024,17/12/2024,Ceymour,None,MC8_1_00245,26/10/2024 10:31,Animal,NoahSills,1,Pteronura brasiliensis,26/10/2024 10:31
MC-8-1,05/10/2024,17/12/2024,Ceymour,None,MC8_1_00245,26/10/2024 10:31,Animal,NoahSills,1,Pteronura brasiliensis,26/10/2024 10:31
MC-8-1,05/10/2024,17/12/2024,Ceymour,None,MC8_1_00246,26/10/2024 10:31,Animal,NoahSills,1,Pteronura brasiliensis,26/10/2024 10:31
MC-8-1,05/10/2024,17/12/2024,Ceymour,None,MC8_1_00246,26/10/2024 10:31,Animal,NoahSills,1,Pteronura brasiliensis,26/10/2024 10:31
MC-8-1,05/10/2024,17/12/2024,Ceymour,None,MC8_1_00247,26/10/2024 10:31,Animal,NoahSills,1,Pteronura brasiliensis,26/10/2024 10:31
MC-8-1,05/10/2024,17/12/2024,Ceymour,None,MC8_1_00247,26/10/2024 10:31,Animal,NoahSills,1,Pteronura brasiliensis,26/10/2024 10:31
MC-8-1,05/10/2024,17/12/2024,Ceymour,None,MC8_1_00248,26/10/2024 10:31,Animal,NoahSills,1,Pteronura brasiliensis,26/10/2024 10:31
MC-8-1,05/10/2024,17/12/2024,Ceymour,None,MC8_1_00248,26/10/2024 10:31,Animal,NoahSills,1,Pteronura brasiliensis,26/10/2024 10:31
MC-8-1,05/10/2024,17/12/2024,Ceymour,None,MC8_1_00249,26/10/2024 10:31,Animal,NoahSills,1,Pteronura brasiliensis,26/10/2024 10:31
MC-8-1,05/10/2024,17/12/2024,Ceymour,None,MC8_1_00249,26/10/2024 10:31,Animal,NoahSills,1,Pteronura brasiliensis,26/10/2024 10:31
MC-8-1,05/10/2024,17/12/2024,Ceymour,None,MC8_1_00250,26/10/2024 10:31,Animal,NoahSills,1,Pteronura brasiliensis,26/10/2024 10:31
MC-8-1,05/10/2024,17/12/2024,Ceymour,None,MC8_1_00250,26/10/2024 10:31,Animal,NoahSills,1,Pteronura brasiliensis,26/10/2024 10:31
MC-8-1,05/10/2024,17/12/2024,Ceymour,None,MC8_1_00239,26/10/2024 10:30,Animal,NoahSills,1,Pteronura brasiliensis,26/10/2024 10:30
MC-8-1,05/10/2024,17/12/2024,Ceymour,None,MC8_1_00239,26/10/2024 10:30,Animal,NoahSills,1,Pteronura brasiliensis,26/10/2024 10:30
MC-8-1,05/10/2024,17/12/2024,Ceymour,None,MC8_1_00240,26/10/2024 10:30,Animal,NoahSills,1,Pteronura brasiliensis,26/10/2024 10:30
MC-8-1,05/10/2024,17/12/2024,Ceymour,None,MC8_1_00240,26/10/2024 10:30,Animal,NoahSills,1,Pteronura brasiliensis,26/10/2024 10:30
MC-8-1,05/10/2024,17/12/2024,Ceymour,None,MC8_1_00241,26/10/2024 10:30,Animal,NoahSills,1,Pteronura brasiliensis,26/10/2024 10:30
MC-8-1,05/10/2024,17/12/2024,Ceymour,None,MC8_1_00241,26/10/2024 10:30,Animal,NoahSills,1,Pteronura brasiliensis,26/10/2024 10:30
MC-8-1,05/10/2024,17/12/2024,Ceymour,None,MC8_1_00242,26/10/2024 10:30,Animal,NoahSills,1,Pteronura brasiliensis,26/10/2024 10:30
MC-8-1,05/10/2024,17/12/2024,Ceymour,None,MC8_1_00242,26/10/2024 10:30,Animal,NoahSills,1,Pteronura brasiliensis,26/10/2024 10:30
MC-8-1,05/10/2024,17/12/2024,Ceymour,None,MC8_1_00243,26/10/2024 10:30,Animal,NoahSills,1,Pteronura brasiliensis,26/10/2024 10:30
MC-8-1,05/10/2024,17/12/2024,Ceymour,None,MC8_1_00243,26/10/2024 10:30,Animal,NoahSills,1,Pteronura brasiliensis,26/10/2024 10:30
MC-8-1,05/10/2024,17/12/2024,Ceymour,None,MC8_1_00244,26/10/2024 10:30,Animal,NoahSills,1,Pteronura brasiliensis,26/10/2024 10:30
MC-8-1,05/10/2024,17/12/2024,Ceymour,None,MC8_1_00244,26/10/2024 10:30,Animal,NoahSills,1,Pteronura brasiliensis,26/10/2024 10:30
MC-8-1,05/10/2024,17/12/2024,Ceymour,None,MC8_1_00236,26/10/2024 10:29,Animal,NoahSills,1,Pteronura brasiliensis,26/10/2024 10:29
MC-8-1,05/10/2024,17/12/2024,Ceymour,None,MC8_1_00236,26/10/2024 10:29,Animal,NoahSills,1,Pteronura brasiliensis,26/10/2024 10:29
MC-8-1,05/10/2024,17/12/2024,Ceymour,None,MC8_1_00237,26/10/2024 10:29,Animal,NoahSills,1,Pteronura brasiliensis,26/10/2024 10:29
MC-8-1,05/10/2024,17/12/2024,Ceymour,None,MC8_1_00237,26/10/2024 10:29,Animal,NoahSills,1,Pteronura brasiliensis,26/10/2024 10:29
MC-8-1,05/10/2024,17/12/2024,Ceymour,None,MC8_1_00238,26/10/2024 10:29,Animal,NoahSills,1,Pteronura brasiliensis,26/10/2024 10:29
MC-8-1,05/10/2024,17/12/2024,Ceymour,None,MC8_1_00238,26/10/2024 10:29,Animal,NoahSills,1,Pteronura brasiliensis,26/10/2024 10:29
MC-8-1,05/10/2024,17/12/2024,Ceymour,None,MC8_1_00230,26/10/2024 10:27,Animal,NoahSills,1,Pteronura brasiliensis,26/10/2024 10:27
MC-8-1,05/10/2024,17/12/2024,Ceymour,None,MC8_1_00230,26/10/2024 10:27,Animal,NoahSills,1,Pteronura brasiliensis,26/10/2024 10:27
MC-8-1,05/10/2024,17/12/2024,Ceymour,None,MC8_1_00231,26/10/2024 10:27,Animal,NoahSills,1,Pteronura brasiliensis,26/10/2024 10:27
MC-8-1,05/10/2024,17/12/2024,Ceymour,None,MC8_1_00231,26/10/2024 10:27,Animal,NoahSills,1,Pteronura brasiliensis,26/10/2024 10:27
MC-8-1,05/10/2024,17/12/2024,Ceymour,None,MC8_1_00232,26/10/2024 10:27,Animal,NoahSills,1,Pteronura brasiliensis,26/10/2024 10:27
MC-8-1,05/10/2024,17/12/2024,Ceymour,None,MC8_1_00232,26/10/2024 10:27,Animal,NoahSills,1,Pteronura brasiliensis,26/10/2024 10:27
MC-8-1,05/10/2024,17/12/2024,Ceymour,None,MC8_1_00233,26/10/2024 10:27,Animal,NoahSills,1,Pteronura brasiliensis,26/10/2024 10:27
MC-8-1,05/10/2024,17/12/2024,Ceymour,None,MC8_1_00233,26/10/2024 10:27,Animal,NoahSills,1,Pteronura brasiliensis,26/10/2024 10:27
MC-8-1,05/10/2024,17/12/2024,Ceymour,None,MC8_1_00234,26/10/2024 10:27,Animal,NoahSills,1,Pteronura brasiliensis,26/10/2024 10:27
MC-8-1,05/10/2024,17/12/2024,Ceymour,None,MC8_1_00234,26/10/2024 10:27,Animal,NoahSills,1,Pteronura brasiliensis,26/10/2024 10:27
MC-8-1,05/10/2024,17/12/2024,Ceymour,None,MC8_1_00235,26/10/2024 10:27,Animal,NoahSills,1,Pteronura brasiliensis,26/10/2024 10:27
MC-8-1,05/10/2024,17/12/2024,Ceymour,None,MC8_1_00235,26/10/2024 10:27,Animal,NoahSills,1,Pteronura brasiliensis,26/10/2024 10:27
MC-8-1,05/10/2024,17/12/2024,Ceymour,None,MC8_1_00224,26/10/2024 10:24,Animal,NoahSills,1,Pteronura brasiliensis,26/10/2024 10:24
MC-8-1,05/10/2024,17/12/2024,Ceymour,None,MC8_1_00224,26/10/2024 10:24,Animal,NoahSills,1,Pteronura brasiliensis,26/10/2024 10:24
MC-8-1,05/10/2024,17/12/2024,Ceymour,None,MC8_1_00225,26/10/2024 10:24,Animal,NoahSills,1,Pteronura brasiliensis,26/10/2024 10:24
MC-8-1,05/10/2024,17/12/2024,Ceymour,None,MC8_1_00225,26/10/2024 10:24,Animal,NoahSills,1,Pteronura brasiliensis,26/10/2024 10:24
MC-8-1,05/10/2024,17/12/2024,Ceymour,None,MC8_1_00226,26/10/2024 10:24,Animal,NoahSills,1,Pteronura brasiliensis,26/10/2024 10:24
MC-8-1,05/10/2024,17/12/2024,Ceymour,None,MC8_1_00226,26/10/2024 10:24,Animal,NoahSills,1,Pteronura brasiliensis,26/10/2024 10:24
MC-8-1,05/10/2024,17/12/2024,Ceymour,None,MC8_1_00227,26/10/2024 10:24,Animal,NoahSills,1,Pteronura brasiliensis,26/10/2024 10:24
MC-8-1,05/10/2024,17/12/2024,Ceymour,None,MC8_1_00227,26/10/2024 10:24,Animal,NoahSills,1,Pteronura brasiliensis,26/10/2024 10:24
MC-8-1,05/10/2024,17/12/2024,Ceymour,None,MC8_1_00228,26/10/2024 10:24,Animal,NoahSills,1,Pteronura brasiliensis,26/10/2024 10:24
MC-8-1,05/10/2024,17/12/2024,Ceymour,None,MC8_1_00228,26/10/2024 10:24,Animal,NoahSills,1,Pteronura brasiliensis,26/10/2024 10:24
MC-8-1,05/10/2024,17/12/2024,Ceymour,None,MC8_1_00229,26/10/2024 10:24,Animal,NoahSills,1,Pteronura brasiliensis,26/10/2024 10:24
MC-8-1,05/10/2024,17/12/2024,Ceymour,None,MC8_1_00229,26/10/2024 10:24,Animal,NoahSills,1,Pteronura brasiliensis,26/10/2024 10:24
MC-8-1,05/10/2024,17/12/2024,Ceymour,None,MC8_1_00218,26/10/2024 10:23,Animal,NoahSills,1,Pteronura brasiliensis,26/10/2024 10:23
MC-8-1,05/10/2024,17/12/2024,Ceymour,None,MC8_1_00218,26/10/2024 10:23,Animal,NoahSills,1,Pteronura brasiliensis,26/10/2024 10:23
MC-8-1,05/10/2024,17/12/2024,Ceymour,None,MC8_1_00219,26/10/2024 10:23,Animal,NoahSills,1,Pteronura brasiliensis,26/10/2024 10:23
MC-8-1,05/10/2024,17/12/2024,Ceymour,None,MC8_1_00219,26/10/2024 10:23,Animal,NoahSills,1,Pteronura brasiliensis,26/10/2024 10:23
MC-8-1,05/10/2024,17/12/2024,Ceymour,None,MC8_1_00220,26/10/2024 10:23,Animal,NoahSills,1,Pteronura brasiliensis,26/10/2024 10:23
MC-8-1,05/10/2024,17/12/2024,Ceymour,None,MC8_1_00220,26/10/2024 10:23,Animal,NoahSills,1,Pteronura brasiliensis,26/10/2024 10:23
MC-8-1,05/10/2024,17/12/2024,Ceymour,None,MC8_1_00221,26/10/2024 10:23,Animal,NoahSills,1,Pteronura brasiliensis,26/10/2024 10:23
MC-8-1,05/10/2024,17/12/2024,Ceymour,None,MC8_1_00221,26/10/2024 10:23,Animal,NoahSills,1,Pteronura brasiliensis,26/10/2024 10:23
MC-8-1,05/10/2024,17/12/2024,Ceymour,None,MC8_1_00222,26/10/2024 10:23,Animal,NoahSills,1,Pteronura brasiliensis,26/10/2024 10:23
MC-8-1,05/10/2024,17/12/2024,Ceymour,None,MC8_1_00222,26/10/2024 10:23,Animal,NoahSills,1,Pteronura brasiliensis,26/10/2024 10:23
MC-8-1,05/10/2024,17/12/2024,Ceymour,None,MC8_1_00223,26/10/2024 10:23,Animal,NoahSills,1,Pteronura brasiliensis,26/10/2024 10:23
MC-8-1,05/10/2024,17/12/2024,Ceymour,None,MC8_1_00223,26/10/2024 10:23,Animal,NoahSills,1,Pteronura brasiliensis,26/10/2024 10:23
MC-8-1,05/10/2024,17/12/2024,Ceymour,None,MC8_1_00212,26/10/2024 10:15,Animal,NoahSills,1,Pteronura brasiliensis,26/10/2024 10:15
MC-8-1,05/10/2024,17/12/2024,Ceymour,None,MC8_1_00212,26/10/2024 10:15,Animal,NoahSills,1,Pteronura brasiliensis,26/10/2024 10:15
MC-8-1,05/10/2024,17/12/2024,Ceymour,None,MC8_1_00213,26/10/2024 10:15,Animal,NoahSills,1,Pteronura brasiliensis,26/10/2024 10:15
MC-8-1,05/10/2024,17/12/2024,Ceymour,None,MC8_1_00213,26/10/2024 10:15,Animal,NoahSills,1,Pteronura brasiliensis,26/10/2024 10:15
MC-8-1,05/10/2024,17/12/2024,Ceymour,None,MC8_1_00214,26/10/2024 10:15,Animal,NoahSills,1,Pteronura brasiliensis,26/10/2024 10:15
MC-8-1,05/10/2024,17/12/2024,Ceymour,None,MC8_1_00214,26/10/2024 10:15,Animal,NoahSills,1,Pteronura brasiliensis,26/10/2024 10:15
MC-8-1,05/10/2024,17/12/2024,Ceymour,None,MC8_1_00215,26/10/2024 10:15,Animal,NoahSills,1,Pteronura brasiliensis,26/10/2024 10:15
MC-8-1,05/10/2024,17/12/2024,Ceymour,None,MC8_1_00215,26/10/2024 10:15,Animal,NoahSills,1,Pteronura brasiliensis,26/10/2024 10:15
MC-8-1,05/10/2024,17/12/2024,Ceymour,None,MC8_1_00216,26/10/2024 10:15,Animal,NoahSills,1,Pteronura brasiliensis,26/10/2024 10:15
MC-8-1,05/10/2024,17/12/2024,Ceymour,None,MC8_1_00216,26/10/2024 10:15,Animal,NoahSills,1,Pteronura brasiliensis,26/10/2024 10:15
MC-8-1,05/10/2024,17/12/2024,Ceymour,None,MC8_1_00217,26/10/2024 10:15,Animal,NoahSills,1,Pteronura brasiliensis,26/10/2024 10:15
MC-8-1,05/10/2024,17/12/2024,Ceymour,None,MC8_1_00217,26/10/2024 10:15,Animal,NoahSills,1,Pteronura brasiliensis,26/10/2024 10:15
MC-8-1,05/10/2024,17/12/2024,Ceymour,None,MC8_1_00206,26/10/2024 10:14,Animal,NoahSills,1,Pteronura brasiliensis,26/10/2024 10:14
MC-8-1,05/10/2024,17/12/2024,Ceymour,None,MC8_1_00206,26/10/2024 10:14,Animal,NoahSills,1,Pteronura brasiliensis,26/10/2024 10:14
MC-8-1,05/10/2024,17/12/2024,Ceymour,None,MC8_1_00207,26/10/2024 10:14,Animal,NoahSills,1,Pteronura brasiliensis,26/10/2024 10:14
MC-8-1,05/10/2024,17/12/2024,Ceymour,None,MC8_1_00207,26/10/2024 10:14,Animal,NoahSills,1,Pteronura brasiliensis,26/10/2024 10:14
MC-8-1,05/10/2024,17/12/2024,Ceymour,None,MC8_1_00208,26/10/2024 10:14,Animal,NoahSills,1,Pteronura brasiliensis,26/10/2024 10:14
MC-8-1,05/10/2024,17/12/2024,Ceymour,None,MC8_1_00208,26/10/2024 10:14,Animal,NoahSills,1,Pteronura brasiliensis,26/10/2024 10:14
MC-8-1,05/10/2024,17/12/2024,Ceymour,None,MC8_1_00209,26/10/2024 10:14,Animal,NoahSills,1,Pteronura brasiliensis,26/10/2024 10:14
MC-8-1,05/10/2024,17/12/2024,Ceymour,None,MC8_1_00209,26/10/2024 10:14,Animal,NoahSills,1,Pteronura brasiliensis,26/10/2024 10:14
MC-8-1,05/10/2024,17/12/2024,Ceymour,None,MC8_1_00210,26/10/2024 10:14,Animal,NoahSills,1,Pteronura brasiliensis,26/10/2024 10:14
MC-8-1,05/10/2024,17/12/2024,Ceymour,None,MC8_1_00210,26/10/2024 10:14,Animal,NoahSills,1,Pteronura brasiliensis,26/10/2024 10:14
MC-8-1,05/10/2024,17/12/2024,Ceymour,None,MC8_1_00211,26/10/2024 10:14,Animal,NoahSills,1,Pteronura brasiliensis,26/10/2024 10:14
MC-8-1,05/10/2024,17/12/2024,Ceymour,None,MC8_1_00211,26/10/2024 10:14,Animal,NoahSills,1,Pteronura brasiliensis,26/10/2024 10:14
MC-8-1,05/10/2024,17/12/2024,Ceymour,None,MC8_1_00197,26/10/2024 10:13,Animal,NoahSills,1,Pteronura brasiliensis,26/10/2024 10:13
MC-8-1,05/10/2024,17/12/2024,Ceymour,None,MC8_1_00197,26/10/2024 10:13,Animal,NoahSills,1,Pteronura brasiliensis,26/10/2024 10:13
MC-8-1,05/10/2024,17/12/2024,Ceymour,None,MC8_1_00198,26/10/2024 10:13,Animal,NoahSills,1,Pteronura brasiliensis,26/10/2024 10:13
MC-8-1,05/10/2024,17/12/2024,Ceymour,None,MC8_1_00198,26/10/2024 10:13,Animal,NoahSills,1,Pteronura brasiliensis,26/10/2024 10:13
MC-8-1,05/10/2024,17/12/2024,Ceymour,None,MC8_1_00199,26/10/2024 10:13,Animal,NoahSills,1,Pteronura brasiliensis,26/10/2024 10:13
MC-8-1,05/10/2024,17/12/2024,Ceymour,None,MC8_1_00199,26/10/2024 10:13,Animal,NoahSills,1,Pteronura brasiliensis,26/10/2024 10:13
MC-8-1,05/10/2024,17/12/2024,Ceymour,None,MC8_1_00200,26/10/2024 10:13,Animal,NoahSills,1,Pteronura brasiliensis,26/10/2024 10:13
MC-8-1,05/10/2024,17/12/2024,Ceymour,None,MC8_1_00200,26/10/2024 10:13,Animal,NoahSills,1,Pteronura brasiliensis,26/10/2024 10:13
MC-8-1,05/10/2024,17/12/2024,Ceymour,None,MC8_1_00201,26/10/2024 10:13,Animal,NoahSills,1,Pteronura brasiliensis,26/10/2024 10:13
MC-8-1,05/10/2024,17/12/2024,Ceymour,None,MC8_1_00201,26/10/2024 10:13,Animal,NoahSills,1,Pteronura brasiliensis,26/10/2024 10:13
MC-8-1,05/10/2024,17/12/2024,Ceymour,None,MC8_1_00202,26/10/2024 10:13,Animal,NoahSills,1,Pteronura brasiliensis,26/10/2024 10:13
MC-8-1,05/10/2024,17/12/2024,Ceymour,None,MC8_1_00202,26/10/2024 10:13,Animal,NoahSills,1,Pteronura brasiliensis,26/10/2024 10:13
MC-8-1,05/10/2024,17/12/2024,Ceymour,None,MC8_1_00203,26/10/2024 10:13,Animal,NoahSills,1,Pteronura brasiliensis,26/10/2024 10:13
MC-8-1,05/10/2024,17/12/2024,Ceymour,None,MC8_1_00203,26/10/2024 10:13,Animal,NoahSills,1,Pteronura brasiliensis,26/10/2024 10:13
MC-8-1,05/10/2024,17/12/2024,Ceymour,None,MC8_1_00204,26/10/2024 10:13,Animal,NoahSills,1,Pteronura brasiliensis,26/10/2024 10:13
MC-8-1,05/10/2024,17/12/2024,Ceymour,None,MC8_1_00204,26/10/2024 10:13,Animal,NoahSills,1,Pteronura brasiliensis,26/10/2024 10:13
MC-8-1,05/10/2024,17/12/2024,Ceymour,None,MC8_1_00205,26/10/2024 10:13,Animal,NoahSills,1,Pteronura brasiliensis,26/10/2024 10:13
MC-8-1,05/10/2024,17/12/2024,Ceymour,None,MC8_1_00205,26/10/2024 10:13,Animal,NoahSills,1,Pteronura brasiliensis,26/10/2024 10:13
MC-8-1,05/10/2024,17/12/2024,Ceymour,None,MC8_1_00191,26/10/2024 10:12,Animal,NoahSills,1,Pteronura brasiliensis,26/10/2024 10:12
MC-8-1,05/10/2024,17/12/2024,Ceymour,None,MC8_1_00191,26/10/2024 10:12,Animal,NoahSills,1,Pteronura brasiliensis,26/10/2024 10:12
MC-8-1,05/10/2024,17/12/2024,Ceymour,None,MC8_1_00192,26/10/2024 10:12,Animal,NoahSills,1,Pteronura brasiliensis,26/10/2024 10:12
MC-8-1,05/10/2024,17/12/2024,Ceymour,None,MC8_1_00192,26/10/2024 10:12,Animal,NoahSills,1,Pteronura brasiliensis,26/10/2024 10:12
MC-8-1,05/10/2024,17/12/2024,Ceymour,None,MC8_1_00193,26/10/2024 10:12,Animal,NoahSills,1,Pteronura brasiliensis,26/10/2024 10:12
MC-8-1,05/10/2024,17/12/2024,Ceymour,None,MC8_1_00193,26/10/2024 10:12,Animal,NoahSills,1,Pteronura brasiliensis,26/10/2024 10:12
MC-8-1,05/10/2024,17/12/2024,Ceymour,None,MC8_1_00194,26/10/2024 10:12,Animal,NoahSills,1,Pteronura brasiliensis,26/10/2024 10:12
MC-8-1,05/10/2024,17/12/2024,Ceymour,None,MC8_1_00194,26/10/2024 10:12,Animal,NoahSills,1,Pteronura brasiliensis,26/10/2024 10:12
MC-8-1,05/10/2024,17/12/2024,Ceymour,None,MC8_1_00195,26/10/2024 10:12,Animal,NoahSills,1,Pteronura brasiliensis,26/10/2024 10:12
MC-8-1,05/10/2024,17/12/2024,Ceymour,None,MC8_1_00195,26/10/2024 10:12,Animal,NoahSills,1,Pteronura brasiliensis,26/10/2024 10:12
MC-8-1,05/10/2024,17/12/2024,Ceymour,None,MC8_1_00196,26/10/2024 10:12,Animal,NoahSills,1,Pteronura brasiliensis,26/10/2024 10:12
MC-8-1,05/10/2024,17/12/2024,Ceymour,None,MC8_1_00196,26/10/2024 10:12,Animal,NoahSills,1,Pteronura brasiliensis,26/10/2024 10:12
MC-8-1,05/10/2024,17/12/2024,Ceymour,None,MC8_1_00182,26/10/2024 10:11,Animal,NoahSills,1,Pteronura brasiliensis,26/10/2024 10:11
MC-8-1,05/10/2024,17/12/2024,Ceymour,None,MC8_1_00182,26/10/2024 10:11,Animal,NoahSills,1,Pteronura brasiliensis,26/10/2024 10:11
MC-8-1,05/10/2024,17/12/2024,Ceymour,None,MC8_1_00183,26/10/2024 10:11,Animal,NoahSills,1,Pteronura brasiliensis,26/10/2024 10:11
MC-8-1,05/10/2024,17/12/2024,Ceymour,None,MC8_1_00183,26/10/2024 10:11,Animal,NoahSills,1,Pteronura brasiliensis,26/10/2024 10:11
MC-8-1,05/10/2024,17/12/2024,Ceymour,None,MC8_1_00184,26/10/2024 10:11,Animal,NoahSills,1,Pteronura brasiliensis,26/10/2024 10:11
MC-8-1,05/10/2024,17/12/2024,Ceymour,None,MC8_1_00184,26/10/2024 10:11,Animal,NoahSills,1,Pteronura brasiliensis,26/10/2024 10:11
MC-8-1,05/10/2024,17/12/2024,Ceymour,None,MC8_1_00185,26/10/2024 10:11,Animal,NoahSills,1,Pteronura brasiliensis,26/10/2024 10:11
MC-8-1,05/10/2024,17/12/2024,Ceymour,None,MC8_1_00185,26/10/2024 10:11,Animal,NoahSills,1,Pteronura brasiliensis,26/10/2024 10:11
MC-8-1,05/10/2024,17/12/2024,Ceymour,None,MC8_1_00186,26/10/2024 10:11,Animal,NoahSills,1,Pteronura brasiliensis,26/10/2024 10:11
MC-8-1,05/10/2024,17/12/2024,Ceymour,None,MC8_1_00186,26/10/2024 10:11,Animal,NoahSills,1,Pteronura brasiliensis,26/10/2024 10:11
MC-8-1,05/10/2024,17/12/2024,Ceymour,None,MC8_1_00187,26/10/2024 10:11,Animal,NoahSills,1,Pteronura brasiliensis,26/10/2024 10:11
MC-8-1,05/10/2024,17/12/2024,Ceymour,None,MC8_1_00187,26/10/2024 10:11,Animal,NoahSills,1,Pteronura brasiliensis,26/10/2024 10:11
MC-8-1,05/10/2024,17/12/2024,Ceymour,None,MC8_1_00188,26/10/2024 10:11,Animal,NoahSills,1,Pteronura brasiliensis,26/10/2024 10:11
MC-8-1,05/10/2024,17/12/2024,Ceymour,None,MC8_1_00188,26/10/2024 10:11,Animal,NoahSills,1,Pteronura brasiliensis,26/10/2024 10:11
MC-8-1,05/10/2024,17/12/2024,Ceymour,None,MC8_1_00189,26/10/2024 10:11,Animal,NoahSills,1,Pteronura brasiliensis,26/10/2024 10:11
MC-8-1,05/10/2024,17/12/2024,Ceymour,None,MC8_1_00189,26/10/2024 10:11,Animal,NoahSills,1,Pteronura brasiliensis,26/10/2024 10:11
MC-8-1,05/10/2024,17/12/2024,Ceymour,None,MC8_1_00190,26/10/2024 10:11,Animal,NoahSills,1,Pteronura brasiliensis,26/10/2024 10:11
MC-8-1,05/10/2024,17/12/2024,Ceymour,None,MC8_1_00190,26/10/2024 10:11,Animal,NoahSills,1,Pteronura brasiliensis,26/10/2024 10:11
MC-8-1,05/10/2024,17/12/2024,Ceymour,None,MC8_1_00179,26/10/2024 10:10,Animal,NoahSills,1,Pteronura brasiliensis,26/10/2024 10:10
MC-8-1,05/10/2024,17/12/2024,Ceymour,None,MC8_1_00179,26/10/2024 10:10,Animal,NoahSills,1,Pteronura brasiliensis,26/10/2024 10:10
MC-8-1,05/10/2024,17/12/2024,Ceymour,None,MC8_1_00180,26/10/2024 10:10,Animal,NoahSills,1,Pteronura brasiliensis,26/10/2024 10:10
MC-8-1,05/10/2024,17/12/2024,Ceymour,None,MC8_1_00180,26/10/2024 10:10,Animal,NoahSills,1,Pteronura brasiliensis,26/10/2024 10:10
MC-8-1,05/10/2024,17/12/2024,Ceymour,None,MC8_1_00181,26/10/2024 10:10,Animal,NoahSills,1,Pteronura brasiliensis,26/10/2024 10:10
MC-8-1,05/10/2024,17/12/2024,Ceymour,None,MC8_1_00181,26/10/2024 10:10,Animal,NoahSills,1,Pteronura brasiliensis,26/10/2024 10:10
MC-8-1,05/10/2024,17/12/2024,Ceymour,None,MC8_1_00170,26/10/2024 10:08,Animal,NoahSills,1,Pteronura brasiliensis,26/10/2024 10:08
MC-8-1,05/10/2024,17/12/2024,Ceymour,None,MC8_1_00170,26/10/2024 10:08,Animal,NoahSills,1,Pteronura brasiliensis,26/10/2024 10:08
MC-8-1,05/10/2024,17/12/2024,Ceymour,None,MC8_1_00171,26/10/2024 10:08,Animal,NoahSills,1,Pteronura brasiliensis,26/10/2024 10:08
MC-8-1,05/10/2024,17/12/2024,Ceymour,None,MC8_1_00171,26/10/2024 10:08,Animal,NoahSills,1,Pteronura brasiliensis,26/10/2024 10:08
MC-8-1,05/10/2024,17/12/2024,Ceymour,None,MC8_1_00172,26/10/2024 10:08,Animal,NoahSills,1,Pteronura brasiliensis,26/10/2024 10:08
MC-8-1,05/10/2024,17/12/2024,Ceymour,None,MC8_1_00172,26/10/2024 10:08,Animal,NoahSills,1,Pteronura brasiliensis,26/10/2024 10:08
MC-8-1,05/10/2024,17/12/2024,Ceymour,None,MC8_1_00173,26/10/2024 10:08,Animal,NoahSills,1,Pteronura brasiliensis,26/10/2024 10:08
MC-8-1,05/10/2024,17/12/2024,Ceymour,None,MC8_1_00173,26/10/2024 10:08,Animal,NoahSills,1,Pteronura brasiliensis,26/10/2024 10:08
MC-8-1,05/10/2024,17/12/2024,Ceymour,None,MC8_1_00174,26/10/2024 10:08,Animal,NoahSills,1,Pteronura brasiliensis,26/10/2024 10:08
MC-8-1,05/10/2024,17/12/2024,Ceymour,None,MC8_1_00174,26/10/2024 10:08,Animal,NoahSills,1,Pteronura brasiliensis,26/10/2024 10:08
MC-8-1,05/10/2024,17/12/2024,Ceymour,None,MC8_1_00175,26/10/2024 10:08,Animal,NoahSills,1,Pteronura brasiliensis,26/10/2024 10:08
MC-8-1,05/10/2024,17/12/2024,Ceymour,None,MC8_1_00175,26/10/2024 10:08,Animal,NoahSills,1,Pteronura brasiliensis,26/10/2024 10:08
MC-8-1,05/10/2024,17/12/2024,Ceymour,None,MC8_1_00176,26/10/2024 10:08,Animal,NoahSills,1,Pteronura brasiliensis,26/10/2024 10:08
MC-8-1,05/10/2024,17/12/2024,Ceymour,None,MC8_1_00176,26/10/2024 10:08,Animal,NoahSills,1,Pteronura brasiliensis,26/10/2024 10:08
MC-8-1,05/10/2024,17/12/2024,Ceymour,None,MC8_1_00177,26/10/2024 10:08,Animal,NoahSills,1,Pteronura brasiliensis,26/10/2024 10:08
MC-8-1,05/10/2024,17/12/2024,Ceymour,None,MC8_1_00177,26/10/2024 10:08,Animal,NoahSills,1,Pteronura brasiliensis,26/10/2024 10:08
MC-8-1,05/10/2024,17/12/2024,Ceymour,None,MC8_1_00178,26/10/2024 10:08,Animal,NoahSills,1,Pteronura brasiliensis,26/10/2024 10:08
MC-8-1,05/10/2024,17/12/2024,Ceymour,None,MC8_1_00178,26/10/2024 10:08,Animal,NoahSills,1,Pteronura brasiliensis,26/10/2024 10:08
MC-8-1,05/10/2024,17/12/2024,Ceymour,None,MC8_1_00164,26/10/2024 10:07,Animal,NoahSills,1,Pteronura brasiliensis,26/10/2024 10:07
MC-8-1,05/10/2024,17/12/2024,Ceymour,None,MC8_1_00164,26/10/2024 10:07,Animal,NoahSills,1,Pteronura brasiliensis,26/10/2024 10:07
MC-8-1,05/10/2024,17/12/2024,Ceymour,None,MC8_1_00165,26/10/2024 10:07,Animal,NoahSills,1,Pteronura brasiliensis,26/10/2024 10:07
MC-8-1,05/10/2024,17/12/2024,Ceymour,None,MC8_1_00165,26/10/2024 10:07,Animal,NoahSills,1,Pteronura brasiliensis,26/10/2024 10:07
MC-8-1,05/10/2024,17/12/2024,Ceymour,None,MC8_1_00166,26/10/2024 10:07,Animal,NoahSills,1,Pteronura brasiliensis,26/10/2024 10:07
MC-8-1,05/10/2024,17/12/2024,Ceymour,None,MC8_1_00166,26/10/2024 10:07,Animal,NoahSills,1,Pteronura brasiliensis,26/10/2024 10:07
MC-8-1,05/10/2024,17/12/2024,Ceymour,None,MC8_1_00167,26/10/2024 10:07,Animal,NoahSills,1,Pteronura brasiliensis,26/10/2024 10:07
MC-8-1,05/10/2024,17/12/2024,Ceymour,None,MC8_1_00167,26/10/2024 10:07,Animal,NoahSills,1,Pteronura brasiliensis,26/10/2024 10:07
MC-8-1,05/10/2024,17/12/2024,Ceymour,None,MC8_1_00168,26/10/2024 10:07,Animal,NoahSills,1,Pteronura brasiliensis,26/10/2024 10:07
MC-8-1,05/10/2024,17/12/2024,Ceymour,None,MC8_1_00168,26/10/2024 10:07,Animal,NoahSills,1,Pteronura brasiliensis,26/10/2024 10:07
MC-8-1,05/10/2024,17/12/2024,Ceymour,None,MC8_1_00169,26/10/2024 10:07,Animal,NoahSills,1,Pteronura brasiliensis,26/10/2024 10:07
MC-8-1,05/10/2024,17/12/2024,Ceymour,None,MC8_1_00169,26/10/2024 10:07,Animal,NoahSills,1,Pteronura brasiliensis,26/10/2024 10:07
MC-8-1,05/10/2024,17/12/2024,Ceymour,None,MC8_1_00158,26/10/2024 10:06,Animal,NoahSills,1,Pteronura brasiliensis,26/10/2024 10:06
MC-8-1,05/10/2024,17/12/2024,Ceymour,None,MC8_1_00158,26/10/2024 10:06,Animal,NoahSills,1,Pteronura brasiliensis,26/10/2024 10:06
MC-8-1,05/10/2024,17/12/2024,Ceymour,None,MC8_1_00159,26/10/2024 10:06,Animal,NoahSills,1,Pteronura brasiliensis,26/10/2024 10:06
MC-8-1,05/10/2024,17/12/2024,Ceymour,None,MC8_1_00159,26/10/2024 10:06,Animal,NoahSills,1,Pteronura brasiliensis,26/10/2024 10:06
MC-8-1,05/10/2024,17/12/2024,Ceymour,None,MC8_1_00160,26/10/2024 10:06,Animal,NoahSills,1,Pteronura brasiliensis,26/10/2024 10:06
MC-8-1,05/10/2024,17/12/2024,Ceymour,None,MC8_1_00160,26/10/2024 10:06,Animal,NoahSills,1,Pteronura brasiliensis,26/10/2024 10:06
MC-8-1,05/10/2024,17/12/2024,Ceymour,None,MC8_1_00161,26/10/2024 10:06,Animal,NoahSills,1,Pteronura brasiliensis,26/10/2024 10:06
MC-8-1,05/10/2024,17/12/2024,Ceymour,None,MC8_1_00161,26/10/2024 10:06,Animal,NoahSills,1,Pteronura brasiliensis,26/10/2024 10:06
MC-8-1,05/10/2024,17/12/2024,Ceymour,None,MC8_1_00162,26/10/2024 10:06,Animal,NoahSills,1,Pteronura brasiliensis,26/10/2024 10:06
MC-8-1,05/10/2024,17/12/2024,Ceymour,None,MC8_1_00162,26/10/2024 10:06,Animal,NoahSills,1,Pteronura brasiliensis,26/10/2024 10:06
MC-8-1,05/10/2024,17/12/2024,Ceymour,None,MC8_1_00163,26/10/2024 10:06,Animal,NoahSills,1,Pteronura brasiliensis,26/10/2024 10:06
MC-8-1,05/10/2024,17/12/2024,Ceymour,None,MC8_1_00163,26/10/2024 10:06,Animal,NoahSills,1,Pteronura brasiliensis,26/10/2024 10:06
MC-8-1,05/10/2024,17/12/2024,Ceymour,None,MC8_1_00155,26/10/2024 10:04,Animal,NoahSills,1,Pteronura brasiliensis,26/10/2024 10:04
MC-8-1,05/10/2024,17/12/2024,Ceymour,None,MC8_1_00155,26/10/2024 10:04,Animal,NoahSills,1,Pteronura brasiliensis,26/10/2024 10:04
MC-8-1,05/10/2024,17/12/2024,Ceymour,None,MC8_1_00156,26/10/2024 10:04,Animal,NoahSills,1,Pteronura brasiliensis,26/10/2024 10:04
MC-8-1,05/10/2024,17/12/2024,Ceymour,None,MC8_1_00156,26/10/2024 10:04,Animal,NoahSills,1,Pteronura brasiliensis,26/10/2024 10:04
MC-8-1,05/10/2024,17/12/2024,Ceymour,None,MC8_1_00157,26/10/2024 10:04,Animal,NoahSills,1,Pteronura brasiliensis,26/10/2024 10:04
MC-8-1,05/10/2024,17/12/2024,Ceymour,None,MC8_1_00157,26/10/2024 10:04,Animal,NoahSills,1,Pteronura brasiliensis,26/10/2024 10:04
MC-8-1,05/10/2024,17/12/2024,Ceymour,None,MC8_1_00152,26/10/2024 10:03,Animal,NoahSills,1,Pteronura brasiliensis,26/10/2024 10:03
MC-8-1,05/10/2024,17/12/2024,Ceymour,None,MC8_1_00152,26/10/2024 10:03,Animal,NoahSills,1,Pteronura brasiliensis,26/10/2024 10:03
MC-8-1,05/10/2024,17/12/2024,Ceymour,None,MC8_1_00153,26/10/2024 10:03,Animal,NoahSills,1,Pteronura brasiliensis,26/10/2024 10:03
MC-8-1,05/10/2024,17/12/2024,Ceymour,None,MC8_1_00153,26/10/2024 10:03,Animal,NoahSills,1,Pteronura brasiliensis,26/10/2024 10:03
MC-8-1,05/10/2024,17/12/2024,Ceymour,None,MC8_1_00154,26/10/2024 10:03,Animal,NoahSills,1,Pteronura brasiliensis,26/10/2024 10:03
MC-8-1,05/10/2024,17/12/2024,Ceymour,None,MC8_1_00154,26/10/2024 10:03,Animal,NoahSills,1,Pteronura brasiliensis,26/10/2024 10:03
MC-8-1,05/10/2024,17/12/2024,Ceymour,None,MC8_1_00146,26/10/2024 10:02,Animal,NoahSills,1,Pteronura brasiliensis,26/10/2024 10:02
MC-8-1,05/10/2024,17/12/2024,Ceymour,None,MC8_1_00146,26/10/2024 10:02,Animal,NoahSills,1,Pteronura brasiliensis,26/10/2024 10:02
MC-8-1,05/10/2024,17/12/2024,Ceymour,None,MC8_1_00147,26/10/2024 10:02,Animal,NoahSills,1,Pteronura brasiliensis,26/10/2024 10:02
MC-8-1,05/10/2024,17/12/2024,Ceymour,None,MC8_1_00147,26/10/2024 10:02,Animal,NoahSills,1,Pteronura brasiliensis,26/10/2024 10:02
MC-8-1,05/10/2024,17/12/2024,Ceymour,None,MC8_1_00148,26/10/2024 10:02,Animal,NoahSills,1,Pteronura brasiliensis,26/10/2024 10:02
MC-8-1,05/10/2024,17/12/2024,Ceymour,None,MC8_1_00148,26/10/2024 10:02,Animal,NoahSills,1,Pteronura brasiliensis,26/10/2024 10:02
MC-8-1,05/10/2024,17/12/2024,Ceymour,None,MC8_1_00149,26/10/2024 10:02,Animal,NoahSills,1,Pteronura brasiliensis,26/10/2024 10:02
MC-8-1,05/10/2024,17/12/2024,Ceymour,None,MC8_1_00149,26/10/2024 10:02,Animal,NoahSills,1,Pteronura brasiliensis,26/10/2024 10:02
MC-8-1,05/10/2024,17/12/2024,Ceymour,None,MC8_1_00150,26/10/2024 10:02,Animal,NoahSills,1,Pteronura brasiliensis,26/10/2024 10:02
MC-8-1,05/10/2024,17/12/2024,Ceymour,None,MC8_1_00150,26/10/2024 10:02,Animal,NoahSills,1,Pteronura brasiliensis,26/10/2024 10:02
MC-8-1,05/10/2024,17/12/2024,Ceymour,None,MC8_1_00151,26/10/2024 10:02,Animal,NoahSills,1,Pteronura brasiliensis,26/10/2024 10:02
MC-8-1,05/10/2024,17/12/2024,Ceymour,None,MC8_1_00151,26/10/2024 10:02,Animal,NoahSills,1,Pteronura brasiliensis,26/10/2024 10:02
MC-8-1,05/10/2024,17/12/2024,Ceymour,None,MC8_1_00143,26/10/2024 10:01,Animal,NoahSills,1,Pteronura brasiliensis,26/10/2024 10:01
MC-8-1,05/10/2024,17/12/2024,Ceymour,None,MC8_1_00143,26/10/2024 10:01,Animal,NoahSills,1,Pteronura brasiliensis,26/10/2024 10:01
MC-8-1,05/10/2024,17/12/2024,Ceymour,None,MC8_1_00144,26/10/2024 10:01,Animal,NoahSills,1,Pteronura brasiliensis,26/10/2024 10:01
MC-8-1,05/10/2024,17/12/2024,Ceymour,None,MC8_1_00144,26/10/2024 10:01,Animal,NoahSills,1,Pteronura brasiliensis,26/10/2024 10:01
MC-8-1,05/10/2024,17/12/2024,Ceymour,None,MC8_1_00145,26/10/2024 10:01,Animal,NoahSills,1,Pteronura brasiliensis,26/10/2024 10:01
MC-8-1,05/10/2024,17/12/2024,Ceymour,None,MC8_1_00145,26/10/2024 10:01,Animal,NoahSills,1,Pteronura brasiliensis,26/10/2024 10:01
MC-8-1,05/10/2024,17/12/2024,Ceymour,None,MC8_1_00140,26/10/2024 10:00,Animal,NoahSills,1,Pteronura brasiliensis,26/10/2024 10:00
MC-8-1,05/10/2024,17/12/2024,Ceymour,None,MC8_1_00140,26/10/2024 10:00,Animal,NoahSills,1,Pteronura brasiliensis,26/10/2024 10:00
MC-8-1,05/10/2024,17/12/2024,Ceymour,None,MC8_1_00141,26/10/2024 10:00,Animal,NoahSills,1,Pteronura brasiliensis,26/10/2024 10:00
MC-8-1,05/10/2024,17/12/2024,Ceymour,None,MC8_1_00141,26/10/2024 10:00,Animal,NoahSills,1,Pteronura brasiliensis,26/10/2024 10:00
MC-8-1,05/10/2024,17/12/2024,Ceymour,None,MC8_1_00142,26/10/2024 10:00,Animal,NoahSills,1,Pteronura brasiliensis,26/10/2024 10:00
MC-8-1,05/10/2024,17/12/2024,Ceymour,None,MC8_1_00142,26/10/2024 10:00,Animal,NoahSills,1,Pteronura brasiliensis,26/10/2024 10:00
MC-3-1,05/10/2024,21/11/2024,Ceymour,None,MC3_1_00014,45591.4139,Animal,NoahSills,1,Tupinambis teguixin,56:01.0
MC-3-1,05/10/2024,21/11/2024,Ceymour,None,MC3_1_00014,45591.4139,Animal,NoahSills,1,Tupinambis teguixin,56:01.0
MC-8-1,05/10/2024,17/12/2024,Ceymour,None,MC8_1_00134,26/10/2024 9:50,Animal,NoahSills,1,Pteronura brasiliensis,26/10/2024 9:50
MC-8-1,05/10/2024,17/12/2024,Ceymour,None,MC8_1_00134,26/10/2024 9:50,Animal,NoahSills,1,Pteronura brasiliensis,26/10/2024 9:50
MC-8-1,05/10/2024,17/12/2024,Ceymour,None,MC8_1_00135,26/10/2024 9:50,Animal,NoahSills,1,Pteronura brasiliensis,26/10/2024 9:50
MC-8-1,05/10/2024,17/12/2024,Ceymour,None,MC8_1_00135,26/10/2024 9:50,Animal,NoahSills,1,Pteronura brasiliensis,26/10/2024 9:50
MC-8-1,05/10/2024,17/12/2024,Ceymour,None,MC8_1_00136,26/10/2024 9:50,Animal,NoahSills,1,Pteronura brasiliensis,26/10/2024 9:50
MC-8-1,05/10/2024,17/12/2024,Ceymour,None,MC8_1_00136,26/10/2024 9:50,Animal,NoahSills,1,Pteronura brasiliensis,26/10/2024 9:50
MC-8-1,05/10/2024,17/12/2024,Ceymour,None,MC8_1_00137,26/10/2024 9:50,Animal,NoahSills,1,Pteronura brasiliensis,26/10/2024 9:50
MC-8-1,05/10/2024,17/12/2024,Ceymour,None,MC8_1_00137,26/10/2024 9:50,Animal,NoahSills,1,Pteronura brasiliensis,26/10/2024 9:50
MC-8-1,05/10/2024,17/12/2024,Ceymour,None,MC8_1_00138,26/10/2024 9:50,Animal,NoahSills,1,Pteronura brasiliensis,26/10/2024 9:50
MC-8-1,05/10/2024,17/12/2024,Ceymour,None,MC8_1_00138,26/10/2024 9:50,Animal,NoahSills,1,Pteronura brasiliensis,26/10/2024 9:50
MC-8-1,05/10/2024,17/12/2024,Ceymour,None,MC8_1_00139,26/10/2024 9:50,Animal,NoahSills,1,Pteronura brasiliensis,26/10/2024 9:50
MC-8-1,05/10/2024,17/12/2024,Ceymour,None,MC8_1_00139,26/10/2024 9:50,Animal,NoahSills,1,Pteronura brasiliensis,26/10/2024 9:50
MC-8-1,05/10/2024,17/12/2024,Ceymour,None,MC8_1_00131,26/10/2024 9:49,Animal,NoahSills,1,Pteronura brasiliensis,26/10/2024 9:49
MC-8-1,05/10/2024,17/12/2024,Ceymour,None,MC8_1_00131,26/10/2024 9:49,Animal,NoahSills,1,Pteronura brasiliensis,26/10/2024 9:49
MC-8-1,05/10/2024,17/12/2024,Ceymour,None,MC8_1_00132,26/10/2024 9:49,Animal,NoahSills,1,Pteronura brasiliensis,26/10/2024 9:49
MC-8-1,05/10/2024,17/12/2024,Ceymour,None,MC8_1_00132,26/10/2024 9:49,Animal,NoahSills,1,Pteronura brasiliensis,26/10/2024 9:49
MC-8-1,05/10/2024,17/12/2024,Ceymour,None,MC8_1_00133,26/10/2024 9:49,Animal,NoahSills,1,Pteronura brasiliensis,26/10/2024 9:49
MC-8-1,05/10/2024,17/12/2024,Ceymour,None,MC8_1_00133,26/10/2024 9:49,Animal,NoahSills,1,Pteronura brasiliensis,26/10/2024 9:49
MC-8-1,05/10/2024,17/12/2024,Ceymour,None,MC8_1_00125,26/10/2024 9:48,Animal,NoahSills,1,Pteronura brasiliensis,26/10/2024 9:48
MC-8-1,05/10/2024,17/12/2024,Ceymour,None,MC8_1_00125,26/10/2024 9:48,Animal,NoahSills,1,Pteronura brasiliensis,26/10/2024 9:48
MC-8-1,05/10/2024,17/12/2024,Ceymour,None,MC8_1_00126,26/10/2024 9:48,Animal,NoahSills,1,Pteronura brasiliensis,26/10/2024 9:48
MC-8-1,05/10/2024,17/12/2024,Ceymour,None,MC8_1_00126,26/10/2024 9:48,Animal,NoahSills,1,Pteronura brasiliensis,26/10/2024 9:48
MC-8-1,05/10/2024,17/12/2024,Ceymour,None,MC8_1_00127,26/10/2024 9:48,Animal,NoahSills,1,Pteronura brasiliensis,26/10/2024 9:48
MC-8-1,05/10/2024,17/12/2024,Ceymour,None,MC8_1_00127,26/10/2024 9:48,Animal,NoahSills,1,Pteronura brasiliensis,26/10/2024 9:48
MC-8-1,05/10/2024,17/12/2024,Ceymour,None,MC8_1_00128,26/10/2024 9:48,Animal,NoahSills,1,Pteronura brasiliensis,26/10/2024 9:48
MC-8-1,05/10/2024,17/12/2024,Ceymour,None,MC8_1_00128,26/10/2024 9:48,Animal,NoahSills,1,Pteronura brasiliensis,26/10/2024 9:48
MC-8-1,05/10/2024,17/12/2024,Ceymour,None,MC8_1_00129,26/10/2024 9:48,Animal,NoahSills,1,Pteronura brasiliensis,26/10/2024 9:48
MC-8-1,05/10/2024,17/12/2024,Ceymour,None,MC8_1_00129,26/10/2024 9:48,Animal,NoahSills,1,Pteronura brasiliensis,26/10/2024 9:48
MC-8-1,05/10/2024,17/12/2024,Ceymour,None,MC8_1_00130,26/10/2024 9:48,Animal,NoahSills,1,Pteronura brasiliensis,26/10/2024 9:48
MC-8-1,05/10/2024,17/12/2024,Ceymour,None,MC8_1_00130,26/10/2024 9:48,Animal,NoahSills,1,Pteronura brasiliensis,26/10/2024 9:48
MC-8-1,05/10/2024,17/12/2024,Ceymour,None,MC8_1_00119,26/10/2024 9:47,Animal,NoahSills,1,Pteronura brasiliensis,26/10/2024 9:47
MC-8-1,05/10/2024,17/12/2024,Ceymour,None,MC8_1_00119,26/10/2024 9:47,Animal,NoahSills,1,Pteronura brasiliensis,26/10/2024 9:47
MC-8-1,05/10/2024,17/12/2024,Ceymour,None,MC8_1_00120,26/10/2024 9:47,Animal,NoahSills,1,Pteronura brasiliensis,26/10/2024 9:47
MC-8-1,05/10/2024,17/12/2024,Ceymour,None,MC8_1_00120,26/10/2024 9:47,Animal,NoahSills,1,Pteronura brasiliensis,26/10/2024 9:47
MC-8-1,05/10/2024,17/12/2024,Ceymour,None,MC8_1_00121,26/10/2024 9:47,Animal,NoahSills,1,Pteronura brasiliensis,26/10/2024 9:47
MC-8-1,05/10/2024,17/12/2024,Ceymour,None,MC8_1_00121,26/10/2024 9:47,Animal,NoahSills,1,Pteronura brasiliensis,26/10/2024 9:47
MC-8-1,05/10/2024,17/12/2024,Ceymour,None,MC8_1_00122,26/10/2024 9:47,Animal,NoahSills,1,Pteronura brasiliensis,26/10/2024 9:47
MC-8-1,05/10/2024,17/12/2024,Ceymour,None,MC8_1_00122,26/10/2024 9:47,Animal,NoahSills,1,Pteronura brasiliensis,26/10/2024 9:47
MC-8-1,05/10/2024,17/12/2024,Ceymour,None,MC8_1_00123,26/10/2024 9:47,Animal,NoahSills,1,Pteronura brasiliensis,26/10/2024 9:47
MC-8-1,05/10/2024,17/12/2024,Ceymour,None,MC8_1_00123,26/10/2024 9:47,Animal,NoahSills,1,Pteronura brasiliensis,26/10/2024 9:47
MC-8-1,05/10/2024,17/12/2024,Ceymour,None,MC8_1_00124,26/10/2024 9:47,Animal,NoahSills,1,Pteronura brasiliensis,26/10/2024 9:47
MC-8-1,05/10/2024,17/12/2024,Ceymour,None,MC8_1_00124,26/10/2024 9:47,Animal,NoahSills,1,Pteronura brasiliensis,26/10/2024 9:47
MC-8-1,05/10/2024,17/12/2024,Ceymour,None,MC8_1_00116,26/10/2024 9:45,Animal,NoahSills,1,Pteronura brasiliensis,26/10/2024 9:45
MC-8-1,05/10/2024,17/12/2024,Ceymour,None,MC8_1_00116,26/10/2024 9:45,Animal,NoahSills,1,Pteronura brasiliensis,26/10/2024 9:45
MC-8-1,05/10/2024,17/12/2024,Ceymour,None,MC8_1_00117,26/10/2024 9:45,Animal,NoahSills,1,Pteronura brasiliensis,26/10/2024 9:45
MC-8-1,05/10/2024,17/12/2024,Ceymour,None,MC8_1_00117,26/10/2024 9:45,Animal,NoahSills,1,Pteronura brasiliensis,26/10/2024 9:45
MC-8-1,05/10/2024,17/12/2024,Ceymour,None,MC8_1_00118,26/10/2024 9:45,Animal,NoahSills,1,Pteronura brasiliensis,26/10/2024 9:45
MC-8-1,05/10/2024,17/12/2024,Ceymour,None,MC8_1_00118,26/10/2024 9:45,Animal,NoahSills,1,Pteronura brasiliensis,26/10/2024 9:45
C-2,18/09/2024,31/12/2024,Ceymour,None,C2_01056,26/10/2024 6:07,Animal,NoahSills,1,Dasyprocta leporina,26/10/2024 6:07
C-2,18/09/2024,31/12/2024,Ceymour,None,C2_01055,26/10/2024 5:59,Animal,NoahSills,1,Dasyprocta leporina,26/10/2024 5:59
C-2,18/09/2024,31/12/2024,Ceymour,None,C2_01054,26/10/2024 5:56,Animal,NoahSills,1,Dasyprocta leporina,26/10/2024 5:56
C-2,18/09/2024,31/12/2024,Ceymour,None,C2_01053,24/10/2024 14:18,Animal,NoahSills,1,Dasyprocta leporina,24/10/2024 14:18
C-2,18/09/2024,31/12/2024,Ceymour,None,C2_01052,23/10/2024 16:34,Animal,NoahSills,1,Dasyprocta leporina,23/10/2024 16:34
MC-3-1,05/10/2024,21/11/2024,Ceymour,None,MC3_1_00013,45588.40944,Animal,NoahSills,1,Pteronura brasiliensis,49:35.6
MC-3-1,05/10/2024,21/11/2024,Ceymour,None,MC3_1_00013,45588.40944,Animal,NoahSills,1,Pteronura brasiliensis,49:35.6
C-2,18/09/2024,31/12/2024,Ceymour,None,C2_01051,23/10/2024 5:41,Animal,NoahSills,1,Dasyprocta leporina,23/10/2024 5:41
C-2,18/09/2024,31/12/2024,Ceymour,None,C2_01050,23/10/2024 5:20,Animal,NoahSills,1,Dasyprocta leporina,23/10/2024 5:20
C-2,18/09/2024,31/12/2024,Ceymour,None,C2_01049,23/10/2024 5:14,Animal,NoahSills,1,Dasyprocta leporina,23/10/2024 5:14
C-2,18/09/2024,31/12/2024,Ceymour,None,C2_01048,23/10/2024 5:13,Animal,NoahSills,1,Dasyprocta leporina,23/10/2024 5:13
C-2,18/09/2024,31/12/2024,Ceymour,None,C2_01047,23/10/2024 5:06,Animal,NoahSills,1,Dasyprocta leporina,23/10/2024 5:06
MC-2-1,05/10/2024,26/11/2024,Ceymour,None,MC2_1_00013,23/10/2024 4:45,Animal,NoahSills,1,Proechimys guairae,23/10/2024 4:45
MC-2-1,05/10/2024,26/11/2024,Ceymour,None,MC2_1_00013,23/10/2024 4:45,Animal,NoahSills,1,Proechimys guairae,23/10/2024 4:45
MC-3-1,05/10/2024,21/11/2024,Ceymour,None,MC3_1_00012,45587.84876,Animal,NoahSills,1,Cuniculus paca,22:12.9
MC-3-1,05/10/2024,21/11/2024,Ceymour,None,MC3_1_00012,45587.84876,Animal,NoahSills,1,Cuniculus paca,22:12.9
C-2,18/09/2024,31/12/2024,Ceymour,None,C2_01045,22/10/2024 17:20,Animal,NoahSills,1,Dasyprocta leporina,22/10/2024 17:20
C-2,18/09/2024,31/12/2024,Ceymour,None,C2_01044,22/10/2024 17:06,Animal,NoahSills,1,Dasyprocta leporina,22/10/2024 17:06
C-2,18/09/2024,31/12/2024,Ceymour,None,C2_01042,22/10/2024 15:45,Animal,NoahSills,1,Dasyprocta leporina,22/10/2024 15:45
C-2,18/09/2024,31/12/2024,Ceymour,None,C2_01041,22/10/2024 15:04,Animal,NoahSills,1,Dasyprocta leporina,22/10/2024 15:04
C-2,18/09/2024,31/12/2024,Ceymour,None,C2_01039,21/10/2024 17:22,Animal,NoahSills,1,Dasyprocta leporina,21/10/2024 17:22
C-2,18/09/2024,31/12/2024,Ceymour,None,C2_01038,21/10/2024 17:21,Animal,NoahSills,1,Dasyprocta leporina,21/10/2024 17:21
C-2,18/09/2024,31/12/2024,Ceymour,None,C2_01037,21/10/2024 17:06,Animal,NoahSills,1,Dasyprocta leporina,21/10/2024 17:06
C-2,18/09/2024,31/12/2024,Ceymour,None,C2_01036,21/10/2024 16:56,Animal,NoahSills,1,Dasyprocta leporina,21/10/2024 16:56
C-2,18/09/2024,31/12/2024,Ceymour,None,C2_01035,21/10/2024 16:28,Animal,NoahSills,1,Dasyprocta leporina,21/10/2024 16:28
MC-5-1,05/10/2024,21/11/2024,Ceymour,None,MC5_1_00011,21/10/2024 16:28,Animal,NoahSills,1,Mazama americana,21/10/2024 16:28
MC-5-1,05/10/2024,21/11/2024,Ceymour,None,MC5_1_00011,21/10/2024 16:28,Animal,NoahSills,1,Mazama americana,21/10/2024 16:28
C-2,18/09/2024,31/12/2024,Ceymour,None,C2_01034,21/10/2024 16:27,Animal,NoahSills,1,Dasyprocta leporina,21/10/2024 16:27
MC-4-1,05/10/2024,21/11/2024,Ceymour,None,MC4_1_00007,45586.59236,Animal,NoahSills,1,Mazama americana,12:59.9
MC-4-1,05/10/2024,21/11/2024,Ceymour,None,MC4_1_00007,45586.59236,Animal,NoahSills,1,Mazama americana,12:59.9
MC-3-1,05/10/2024,21/11/2024,Ceymour,None,MC3_1_00008,45586.48997,Animal,NoahSills,3,Pecari tajacu,45:33.4
MC-3-1,05/10/2024,21/11/2024,Ceymour,None,MC3_1_00008,45586.48997,Animal,NoahSills,3,Pecari tajacu,45:33.4
MC-3-1,05/10/2024,21/11/2024,Ceymour,None,MC3_1_00007,45586.48837,Animal,NoahSills,2,Pecari tajacu,43:15.2
MC-3-1,05/10/2024,21/11/2024,Ceymour,None,MC3_1_00007,45586.48837,Animal,NoahSills,2,Pecari tajacu,43:15.2
C-2,18/09/2024,31/12/2024,Ceymour,None,C2_01033,21/10/2024 11:04,Animal,NoahSills,1,Dasyprocta leporina,21/10/2024 11:04
C-2,18/09/2024,31/12/2024,Ceymour,None,C2_01031,21/10/2024 5:04,Animal,NoahSills,1,Dasyprocta leporina,21/10/2024 5:04
C-2,18/09/2024,31/12/2024,Ceymour,None,C2_01030,21/10/2024 5:03,Animal,NoahSills,1,Dasyprocta leporina,21/10/2024 5:03
MC-4-1,05/10/2024,21/11/2024,Ceymour,None,MC4_1_00006,45586.06042,Animal,NoahSills,1,Mazama americana,27:00.3
MC-4-1,05/10/2024,21/11/2024,Ceymour,None,MC4_1_00006,45586.06042,Animal,NoahSills,1,Mazama americana,27:00.3
C-2,18/09/2024,31/12/2024,Ceymour,None,C2_01028,20/10/2024 17:02,Animal,NoahSills,1,Dasyprocta leporina,20/10/2024 17:02
C-2,18/09/2024,31/12/2024,Ceymour,None,C2_01026,20/10/2024 16:56,Animal,NoahSills,1,Dasyprocta leporina,20/10/2024 16:56
C-2,18/09/2024,31/12/2024,Ceymour,None,C2_01024,20/10/2024 16:48,Animal,NoahSills,1,Dasyprocta leporina,20/10/2024 16:48
C-2,18/09/2024,31/12/2024,Ceymour,None,C2_01023,20/10/2024 16:46,Animal,NoahSills,1,Dasyprocta leporina,20/10/2024 16:46
C-2,18/09/2024,31/12/2024,Ceymour,None,C2_01022,20/10/2024 16:42,Animal,NoahSills,1,Dasyprocta leporina,20/10/2024 16:42
C-2,18/09/2024,31/12/2024,Ceymour,None,C2_01021,20/10/2024 15:46,Animal,NoahSills,1,Dasyprocta leporina,20/10/2024 15:46
MC-1,05/10/2024,26/11/2024,Ceymour,None,MC1_00324,20/10/2024 7:53,Animal,NoahSills,1,Bubulcus ibis ibis,20/10/2024 7:53
MC-1,05/10/2024,26/11/2024,Ceymour,None,MC1_00324,20/10/2024 7:53,Animal,NoahSills,1,Bubulcus ibis ibis,20/10/2024 7:53
MC-1,05/10/2024,26/11/2024,Ceymour,None,MC1_00323,20/10/2024 7:52,Animal,NoahSills,1,Bubulcus ibis ibis,20/10/2024 7:52
MC-1,05/10/2024,26/11/2024,Ceymour,None,MC1_00323,20/10/2024 7:52,Animal,NoahSills,1,Bubulcus ibis ibis,20/10/2024 7:52
C-2,18/09/2024,31/12/2024,Ceymour,None,C2_01015,20/10/2024 7:08,Animal,NoahSills,1,Dasyprocta leporina,20/10/2024 7:08
C-2,18/09/2024,31/12/2024,Ceymour,None,C2_01016,20/10/2024 7:08,Animal,NoahSills,1,Dasyprocta leporina,20/10/2024 7:08
MC-1,05/10/2024,26/11/2024,Ceymour,None,MC1_00322,20/10/2024 7:02,Animal,NoahSills,1,Bubulcus ibis ibis,20/10/2024 7:02
MC-1,05/10/2024,26/11/2024,Ceymour,None,MC1_00322,20/10/2024 7:02,Animal,NoahSills,1,Bubulcus ibis ibis,20/10/2024 7:02
MC-1,05/10/2024,26/11/2024,Ceymour,None,MC1_00321,20/10/2024 6:31,Animal,NoahSills,1,Nycticorax nycticorax,20/10/2024 6:31
MC-1,05/10/2024,26/11/2024,Ceymour,None,MC1_00321,20/10/2024 6:31,Animal,NoahSills,1,Nycticorax nycticorax,20/10/2024 6:31
MC-1,05/10/2024,26/11/2024,Ceymour,None,MC1_00320,20/10/2024 6:29,Animal,NoahSills,1,Nycticorax nycticorax,20/10/2024 6:29
MC-1,05/10/2024,26/11/2024,Ceymour,None,MC1_00320,20/10/2024 6:29,Animal,NoahSills,1,Nycticorax nycticorax,20/10/2024 6:29
C-2,18/09/2024,31/12/2024,Ceymour,None,C2_01014,20/10/2024 6:27,Animal,NoahSills,1,Dasyprocta leporina,20/10/2024 6:27
C-2,18/09/2024,31/12/2024,Ceymour,None,C2_01013,20/10/2024 6:25,Animal,NoahSills,1,Dasyprocta leporina,20/10/2024 6:25
C-2,18/09/2024,31/12/2024,Ceymour,None,C2_01012,20/10/2024 6:24,Animal,NoahSills,1,Dasyprocta leporina,20/10/2024 6:24
MC-1,05/10/2024,26/11/2024,Ceymour,None,MC1_00318,20/10/2024 5:38,Animal,NoahSills,1,Bubulcus ibis ibis,20/10/2024 5:38
MC-1,05/10/2024,26/11/2024,Ceymour,None,MC1_00318,20/10/2024 5:38,Animal,NoahSills,1,Bubulcus ibis ibis,20/10/2024 5:38
C-2,18/09/2024,31/12/2024,Ceymour,None,C2_01010,20/10/2024 4:35,Animal,NoahSills,1,Dasyprocta leporina,20/10/2024 4:35
C-2,18/09/2024,31/12/2024,Ceymour,None,C2_01009,20/10/2024 4:30,Animal,NoahSills,1,Dasyprocta leporina,20/10/2024 4:30
MC-1,05/10/2024,26/11/2024,Ceymour,None,MC1_00317,19/10/2024 17:58,Animal,NoahSills,1,Bubulcus ibis ibis,19/10/2024 17:58
MC-1,05/10/2024,26/11/2024,Ceymour,None,MC1_00317,19/10/2024 17:58,Animal,NoahSills,1,Bubulcus ibis ibis,19/10/2024 17:58
C-2,18/09/2024,31/12/2024,Ceymour,None,C2_01008,19/10/2024 17:52,Animal,NoahSills,1,Dasyprocta leporina,19/10/2024 17:52
C-2,18/09/2024,31/12/2024,Ceymour,None,C2_01007,19/10/2024 17:45,Animal,NoahSills,1,Dasyprocta leporina,19/10/2024 17:45
C-2,18/09/2024,31/12/2024,Ceymour,None,C2_01006,19/10/2024 17:34,Animal,NoahSills,1,Dasyprocta leporina,19/10/2024 17:34
C-2,18/09/2024,31/12/2024,Ceymour,None,C2_01005,19/10/2024 16:31,Animal,NoahSills,1,Dasyprocta leporina,19/10/2024 16:31
C-2,18/09/2024,31/12/2024,Ceymour,None,C2_01004,19/10/2024 10:27,Animal,NoahSills,1,Dasyprocta leporina,19/10/2024 10:27
C-2,18/09/2024,31/12/2024,Ceymour,None,C2_01003,19/10/2024 10:26,Animal,NoahSills,1,Dasyprocta leporina,19/10/2024 10:26
MC-5-1,05/10/2024,21/11/2024,Ceymour,None,MC5_1_00009,19/10/2024 6:16,Animal,NoahSills,1,Mazama americana,19/10/2024 6:16
MC-5-1,05/10/2024,21/11/2024,Ceymour,None,MC5_1_00009,19/10/2024 6:16,Animal,NoahSills,1,Mazama americana,19/10/2024 6:16
MC-1,05/10/2024,26/11/2024,Ceymour,None,MC1_00312,19/10/2024 5:59,Animal,NoahSills,1,Bubulcus ibis ibis,19/10/2024 5:59
MC-1,05/10/2024,26/11/2024,Ceymour,None,MC1_00312,19/10/2024 5:59,Animal,NoahSills,1,Bubulcus ibis ibis,19/10/2024 5:59
C-2,18/09/2024,31/12/2024,Ceymour,None,C2_01002,19/10/2024 5:32,Animal,NoahSills,1,Dasyprocta leporina,19/10/2024 5:32
MC-1,05/10/2024,26/11/2024,Ceymour,None,MC1_00311,19/10/2024 5:31,Animal,NoahSills,1,Bubulcus ibis ibis,19/10/2024 5:31
MC-1,05/10/2024,26/11/2024,Ceymour,None,MC1_00311,19/10/2024 5:31,Animal,NoahSills,1,Bubulcus ibis ibis,19/10/2024 5:31
C-2,18/09/2024,31/12/2024,Ceymour,None,C2_01001,19/10/2024 5:03,Animal,NoahSills,1,Dasyprocta leporina,19/10/2024 5:03
C-2,18/09/2024,31/12/2024,Ceymour,None,C2_01000,18/10/2024 17:55,Animal,NoahSills,1,Dasyprocta leporina,18/10/2024 17:55
C-2,18/09/2024,31/12/2024,Ceymour,None,C2_00999,18/10/2024 17:35,Animal,NoahSills,1,Dasyprocta leporina,18/10/2024 17:35
C-2,18/09/2024,31/12/2024,Ceymour,None,C2_00998,18/10/2024 17:25,Animal,NoahSills,1,Dasyprocta leporina,18/10/2024 17:25
C-2,18/09/2024,31/12/2024,Ceymour,None,C2_00997,18/10/2024 17:17,Animal,NoahSills,1,Dasyprocta leporina,18/10/2024 17:17
MC-1,05/10/2024,26/11/2024,Ceymour,None,MC1_00310,18/10/2024 17:06,Animal,NoahSills,1,Bubulcus ibis ibis,18/10/2024 17:06
MC-1,05/10/2024,26/11/2024,Ceymour,None,MC1_00310,18/10/2024 17:06,Animal,NoahSills,1,Bubulcus ibis ibis,18/10/2024 17:06
C-2,18/09/2024,31/12/2024,Ceymour,None,C2_00996,18/10/2024 16:15,Animal,NoahSills,1,Dasyprocta leporina,18/10/2024 16:15
C-2,18/09/2024,31/12/2024,Ceymour,None,C2_00995,18/10/2024 16:11,Animal,NoahSills,1,Dasyprocta leporina,18/10/2024 16:11
MC-1,05/10/2024,26/11/2024,Ceymour,None,MC1_00309,18/10/2024 14:19,Animal,NoahSills,1,Nycticorax nycticorax,18/10/2024 14:19
MC-1,05/10/2024,26/11/2024,Ceymour,None,MC1_00309,18/10/2024 14:19,Animal,NoahSills,1,Nycticorax nycticorax,18/10/2024 14:19
MC-1,05/10/2024,26/11/2024,Ceymour,None,MC1_00308,18/10/2024 14:17,Animal,NoahSills,1,Nycticorax nycticorax,18/10/2024 14:17
MC-1,05/10/2024,26/11/2024,Ceymour,None,MC1_00308,18/10/2024 14:17,Animal,NoahSills,1,Nycticorax nycticorax,18/10/2024 14:17
MC-1,05/10/2024,26/11/2024,Ceymour,None,MC1_00307,18/10/2024 14:11,Animal,NoahSills,1,Nycticorax nycticorax,18/10/2024 14:11
MC-1,05/10/2024,26/11/2024,Ceymour,None,MC1_00307,18/10/2024 14:11,Animal,NoahSills,1,Nycticorax nycticorax,18/10/2024 14:11
MC-1,05/10/2024,26/11/2024,Ceymour,None,MC1_00304,18/10/2024 9:42,Animal,NoahSills,1,Bubulcus ibis ibis,18/10/2024 9:42
MC-1,05/10/2024,26/11/2024,Ceymour,None,MC1_00304,18/10/2024 9:42,Animal,NoahSills,1,Bubulcus ibis ibis,18/10/2024 9:42
MC-1,05/10/2024,26/11/2024,Ceymour,None,MC1_00305,18/10/2024 9:42,Animal,NoahSills,1,Bubulcus ibis ibis,18/10/2024 9:42
MC-1,05/10/2024,26/11/2024,Ceymour,None,MC1_00305,18/10/2024 9:42,Animal,NoahSills,1,Bubulcus ibis ibis,18/10/2024 9:42
MC-1,05/10/2024,26/11/2024,Ceymour,None,MC1_00303,18/10/2024 9:31,Animal,NoahSills,1,Bubulcus ibis ibis,18/10/2024 9:31
MC-1,05/10/2024,26/11/2024,Ceymour,None,MC1_00303,18/10/2024 9:31,Animal,NoahSills,1,Bubulcus ibis ibis,18/10/2024 9:31
MC-1,05/10/2024,26/11/2024,Ceymour,None,MC1_00302,18/10/2024 9:29,Animal,NoahSills,1,Bubulcus ibis ibis,18/10/2024 9:29
MC-1,05/10/2024,26/11/2024,Ceymour,None,MC1_00302,18/10/2024 9:29,Animal,NoahSills,1,Bubulcus ibis ibis,18/10/2024 9:29
MC-1,05/10/2024,26/11/2024,Ceymour,None,MC1_00301,18/10/2024 9:15,Animal,NoahSills,1,Bubulcus ibis ibis,18/10/2024 9:15
MC-1,05/10/2024,26/11/2024,Ceymour,None,MC1_00301,18/10/2024 9:15,Animal,NoahSills,1,Bubulcus ibis ibis,18/10/2024 9:15
MC-1,05/10/2024,26/11/2024,Ceymour,None,MC1_00300,18/10/2024 9:06,Animal,NoahSills,1,Bubulcus ibis ibis,18/10/2024 9:06
MC-1,05/10/2024,26/11/2024,Ceymour,None,MC1_00300,18/10/2024 9:06,Animal,NoahSills,1,Bubulcus ibis ibis,18/10/2024 9:06
MC-1,05/10/2024,26/11/2024,Ceymour,None,MC1_00299,18/10/2024 8:48,Animal,NoahSills,1,Bubulcus ibis ibis,18/10/2024 8:48
MC-1,05/10/2024,26/11/2024,Ceymour,None,MC1_00299,18/10/2024 8:48,Animal,NoahSills,1,Bubulcus ibis ibis,18/10/2024 8:48
MC-1,05/10/2024,26/11/2024,Ceymour,None,MC1_00298,18/10/2024 8:36,Animal,NoahSills,1,Bubulcus ibis ibis,18/10/2024 8:36
MC-1,05/10/2024,26/11/2024,Ceymour,None,MC1_00298,18/10/2024 8:36,Animal,NoahSills,1,Bubulcus ibis ibis,18/10/2024 8:36
MC-1,05/10/2024,26/11/2024,Ceymour,None,MC1_00297,18/10/2024 8:23,Animal,NoahSills,1,Bubulcus ibis ibis,18/10/2024 8:23
MC-1,05/10/2024,26/11/2024,Ceymour,None,MC1_00297,18/10/2024 8:23,Animal,NoahSills,1,Bubulcus ibis ibis,18/10/2024 8:23
MC-1,05/10/2024,26/11/2024,Ceymour,None,MC1_00296,18/10/2024 8:21,Animal,NoahSills,1,Bubulcus ibis ibis,18/10/2024 8:21
MC-1,05/10/2024,26/11/2024,Ceymour,None,MC1_00296,18/10/2024 8:21,Animal,NoahSills,1,Bubulcus ibis ibis,18/10/2024 8:21
MC-1,05/10/2024,26/11/2024,Ceymour,None,MC1_00295,18/10/2024 8:08,Animal,NoahSills,1,Bubulcus ibis ibis,18/10/2024 8:08
MC-1,05/10/2024,26/11/2024,Ceymour,None,MC1_00295,18/10/2024 8:08,Animal,NoahSills,1,Bubulcus ibis ibis,18/10/2024 8:08
MC-1,05/10/2024,26/11/2024,Ceymour,None,MC1_00294,18/10/2024 8:07,Animal,NoahSills,1,Bubulcus ibis ibis,18/10/2024 8:07
MC-1,05/10/2024,26/11/2024,Ceymour,None,MC1_00294,18/10/2024 8:07,Animal,NoahSills,1,Bubulcus ibis ibis,18/10/2024 8:07
MC-1,05/10/2024,26/11/2024,Ceymour,None,MC1_00293,18/10/2024 7:57,Animal,NoahSills,1,Bubulcus ibis ibis,18/10/2024 7:57
MC-1,05/10/2024,26/11/2024,Ceymour,None,MC1_00293,18/10/2024 7:57,Animal,NoahSills,1,Bubulcus ibis ibis,18/10/2024 7:57
MC-1,05/10/2024,26/11/2024,Ceymour,None,MC1_00292,18/10/2024 7:49,Animal,NoahSills,1,Bubulcus ibis ibis,18/10/2024 7:49
MC-1,05/10/2024,26/11/2024,Ceymour,None,MC1_00292,18/10/2024 7:49,Animal,NoahSills,1,Bubulcus ibis ibis,18/10/2024 7:49
MC-1,05/10/2024,26/11/2024,Ceymour,None,MC1_00291,18/10/2024 7:34,Animal,NoahSills,1,Bubulcus ibis ibis,18/10/2024 7:34
MC-1,05/10/2024,26/11/2024,Ceymour,None,MC1_00291,18/10/2024 7:34,Animal,NoahSills,1,Bubulcus ibis ibis,18/10/2024 7:34
MC-1,05/10/2024,26/11/2024,Ceymour,None,MC1_00290,18/10/2024 7:28,Animal,NoahSills,1,Bubulcus ibis ibis,18/10/2024 7:28
MC-1,05/10/2024,26/11/2024,Ceymour,None,MC1_00290,18/10/2024 7:28,Animal,NoahSills,1,Bubulcus ibis ibis,18/10/2024 7:28
C-2,18/09/2024,31/12/2024,Ceymour,None,C2_00993,18/10/2024 7:04,Animal,NoahSills,1,Dasyprocta leporina,18/10/2024 7:04
C-2,18/09/2024,31/12/2024,Ceymour,None,C2_00992,18/10/2024 7:03,Animal,NoahSills,1,Dasyprocta leporina,18/10/2024 7:03
C-2,18/09/2024,31/12/2024,Ceymour,None,C2_00991,18/10/2024 7:02,Animal,NoahSills,1,Dasyprocta leporina,18/10/2024 7:02
C-2,18/09/2024,31/12/2024,Ceymour,None,C2_00990,18/10/2024 5:29,Animal,NoahSills,1,Dasyprocta leporina,18/10/2024 5:29
C-2,18/09/2024,31/12/2024,Ceymour,None,C2_00989,18/10/2024 5:28,Animal,NoahSills,1,Dasyprocta leporina,18/10/2024 5:28
C-2,18/09/2024,31/12/2024,Ceymour,None,C2_00988,18/10/2024 5:24,Animal,NoahSills,1,Dasyprocta leporina,18/10/2024 5:24
MC-1,05/10/2024,26/11/2024,Ceymour,None,MC1_00289,18/10/2024 0:29,Animal,NoahSills,1,Bubulcus ibis ibis,18/10/2024 0:29
MC-1,05/10/2024,26/11/2024,Ceymour,None,MC1_00289,18/10/2024 0:29,Animal,NoahSills,1,Bubulcus ibis ibis,18/10/2024 0:29
MC-1,05/10/2024,26/11/2024,Ceymour,None,MC1_00288,17/10/2024 22:40,Animal,NoahSills,1,Bubulcus ibis ibis,17/10/2024 22:40
MC-1,05/10/2024,26/11/2024,Ceymour,None,MC1_00288,17/10/2024 22:40,Animal,NoahSills,1,Bubulcus ibis ibis,17/10/2024 22:40
C-2,18/09/2024,31/12/2024,Ceymour,None,C2_00986,17/10/2024 17:59,Animal,NoahSills,1,Dasyprocta leporina,17/10/2024 17:59
MC-1,05/10/2024,26/11/2024,Ceymour,None,MC1_00287,17/10/2024 17:48,Animal,NoahSills,1,Bubulcus ibis ibis,17/10/2024 17:48
MC-1,05/10/2024,26/11/2024,Ceymour,None,MC1_00287,17/10/2024 17:48,Animal,NoahSills,1,Bubulcus ibis ibis,17/10/2024 17:48
MC-1,05/10/2024,26/11/2024,Ceymour,None,MC1_00286,17/10/2024 17:46,Animal,NoahSills,1,Bubulcus ibis ibis,17/10/2024 17:46
MC-1,05/10/2024,26/11/2024,Ceymour,None,MC1_00286,17/10/2024 17:46,Animal,NoahSills,1,Bubulcus ibis ibis,17/10/2024 17:46
C-2,18/09/2024,31/12/2024,Ceymour,None,C2_00985,17/10/2024 17:37,Animal,NoahSills,1,Dasyprocta leporina,17/10/2024 17:37
C-2,18/09/2024,31/12/2024,Ceymour,None,C2_00984,17/10/2024 16:39,Animal,NoahSills,1,Dasyprocta leporina,17/10/2024 16:39
C-2,18/09/2024,31/12/2024,Ceymour,None,C2_00983,17/10/2024 15:29,Animal,NoahSills,1,Dasyprocta leporina,17/10/2024 15:29
MC-8-1,05/10/2024,17/12/2024,Ceymour,None,MC8_1_00099,17/10/2024 11:07,Animal,NoahSills,1,Leptotila rufaxilla,17/10/2024 11:07
MC-8-1,05/10/2024,17/12/2024,Ceymour,None,MC8_1_00099,17/10/2024 11:07,Animal,NoahSills,1,Leptotila rufaxilla,17/10/2024 11:07
MC-8-1,05/10/2024,17/12/2024,Ceymour,None,MC8_1_00100,17/10/2024 11:07,Animal,NoahSills,1,Leptotila rufaxilla,17/10/2024 11:07
MC-8-1,05/10/2024,17/12/2024,Ceymour,None,MC8_1_00100,17/10/2024 11:07,Animal,NoahSills,1,Leptotila rufaxilla,17/10/2024 11:07
MC-1,05/10/2024,26/11/2024,Ceymour,None,MC1_00282,17/10/2024 10:47,Animal,NoahSills,1,Nycticorax nycticorax,17/10/2024 10:47
MC-1,05/10/2024,26/11/2024,Ceymour,None,MC1_00282,17/10/2024 10:47,Animal,NoahSills,1,Nycticorax nycticorax,17/10/2024 10:47
MC-3-1,05/10/2024,21/11/2024,Ceymour,None,MC3_1_00006,45582.44396,Animal,NoahSills,1,Cebus olivaceus,39:18.1
MC-3-1,05/10/2024,21/11/2024,Ceymour,None,MC3_1_00006,45582.44396,Animal,NoahSills,1,Cebus olivaceus,39:18.1
MC-1,05/10/2024,26/11/2024,Ceymour,None,MC1_00281,17/10/2024 9:16,Animal,NoahSills,1,Bubulcus ibis ibis,17/10/2024 9:16
MC-1,05/10/2024,26/11/2024,Ceymour,None,MC1_00281,17/10/2024 9:16,Animal,NoahSills,1,Bubulcus ibis ibis,17/10/2024 9:16
C-2,18/09/2024,31/12/2024,Ceymour,None,C2_00982,17/10/2024 8:51,Animal,NoahSills,1,Dasyprocta leporina,17/10/2024 8:51
C-2,18/09/2024,31/12/2024,Ceymour,None,C2_00981,17/10/2024 7:31,Animal,NoahSills,1,Dasyprocta leporina,17/10/2024 7:31
MC-1,05/10/2024,26/11/2024,Ceymour,None,MC1_00278,17/10/2024 7:29,Animal,NoahSills,1,Bubulcus ibis ibis,17/10/2024 7:29
MC-1,05/10/2024,26/11/2024,Ceymour,None,MC1_00278,17/10/2024 7:29,Animal,NoahSills,1,Bubulcus ibis ibis,17/10/2024 7:29
MC-1,05/10/2024,26/11/2024,Ceymour,None,MC1_00277,17/10/2024 7:21,Animal,NoahSills,1,Bubulcus ibis ibis,17/10/2024 7:21
MC-1,05/10/2024,26/11/2024,Ceymour,None,MC1_00277,17/10/2024 7:21,Animal,NoahSills,1,Bubulcus ibis ibis,17/10/2024 7:21
MC-1,05/10/2024,26/11/2024,Ceymour,None,MC1_00276,17/10/2024 7:15,Animal,NoahSills,1,Bubulcus ibis ibis,17/10/2024 7:15
MC-1,05/10/2024,26/11/2024,Ceymour,None,MC1_00276,17/10/2024 7:15,Animal,NoahSills,1,Bubulcus ibis ibis,17/10/2024 7:15
C-2,18/09/2024,31/12/2024,Ceymour,None,C2_00979,17/10/2024 6:43,Animal,NoahSills,1,Dasyprocta leporina,17/10/2024 6:43
C-2,18/09/2024,31/12/2024,Ceymour,None,C2_00976,17/10/2024 5:44,Animal,NoahSills,1,Dasyprocta leporina,17/10/2024 5:44
C-2,18/09/2024,31/12/2024,Ceymour,None,C2_00975,17/10/2024 5:42,Animal,NoahSills,1,Dasyprocta leporina,17/10/2024 5:42
C-2,18/09/2024,31/12/2024,Ceymour,None,C2_00974,17/10/2024 5:32,Animal,NoahSills,1,Dasyprocta leporina,17/10/2024 5:32
C-2,18/09/2024,31/12/2024,Ceymour,None,C2_00973,17/10/2024 5:29,Animal,NoahSills,1,Dasyprocta leporina,17/10/2024 5:29
C-2,18/09/2024,31/12/2024,Ceymour,None,C2_00972,17/10/2024 5:22,Animal,NoahSills,1,Dasyprocta leporina,17/10/2024 5:22
MC-1,05/10/2024,26/11/2024,Ceymour,None,MC1_00275,17/10/2024 2:09,Animal,NoahSills,1,Bubulcus ibis ibis,17/10/2024 2:09
MC-1,05/10/2024,26/11/2024,Ceymour,None,MC1_00275,17/10/2024 2:09,Animal,NoahSills,1,Bubulcus ibis ibis,17/10/2024 2:09
MC-1,05/10/2024,26/11/2024,Ceymour,None,MC1_00274,16/10/2024 17:44,Animal,NoahSills,1,Bubulcus ibis ibis,16/10/2024 17:44
MC-1,05/10/2024,26/11/2024,Ceymour,None,MC1_00274,16/10/2024 17:44,Animal,NoahSills,1,Bubulcus ibis ibis,16/10/2024 17:44
MC-1,05/10/2024,26/11/2024,Ceymour,None,MC1_00273,16/10/2024 17:37,Animal,NoahSills,1,Bubulcus ibis ibis,16/10/2024 17:37
MC-1,05/10/2024,26/11/2024,Ceymour,None,MC1_00273,16/10/2024 17:37,Animal,NoahSills,1,Bubulcus ibis ibis,16/10/2024 17:37
C-1,18/09/2024,31/12/2024,Ceymour,None,C1_00091,16/10/2024 17:07,Animal,NoahSills,1,Dasyprocta leporina,16/10/2024 17:07
C-2,18/09/2024,31/12/2024,Ceymour,None,C2_00971,16/10/2024 16:50,Animal,NoahSills,1,Dasyprocta leporina,16/10/2024 16:50
C-2,18/09/2024,31/12/2024,Ceymour,None,C2_00970,16/10/2024 15:53,Animal,NoahSills,1,Dasyprocta leporina,16/10/2024 15:53
MC-5-1,05/10/2024,21/11/2024,Ceymour,None,MC5_1_00008,16/10/2024 15:30,Animal,NoahSills,1,Mazama americana,16/10/2024 15:30
MC-5-1,05/10/2024,21/11/2024,Ceymour,None,MC5_1_00008,16/10/2024 15:30,Animal,NoahSills,1,Mazama americana,16/10/2024 15:30
C-2,18/09/2024,31/12/2024,Ceymour,None,C2_00969,16/10/2024 14:23,Animal,NoahSills,1,Dasyprocta leporina,16/10/2024 14:23
MC-1,05/10/2024,26/11/2024,Ceymour,None,MC1_00271,16/10/2024 14:09,Animal,NoahSills,1,Nycticorax nycticorax,16/10/2024 14:09
MC-1,05/10/2024,26/11/2024,Ceymour,None,MC1_00271,16/10/2024 14:09,Animal,NoahSills,1,Nycticorax nycticorax,16/10/2024 14:09
MC-1,05/10/2024,26/11/2024,Ceymour,None,MC1_00270,16/10/2024 13:50,Animal,NoahSills,1,Nycticorax nycticorax,16/10/2024 13:50
MC-1,05/10/2024,26/11/2024,Ceymour,None,MC1_00270,16/10/2024 13:50,Animal,NoahSills,1,Nycticorax nycticorax,16/10/2024 13:50
MC-1,05/10/2024,26/11/2024,Ceymour,None,MC1_00269,16/10/2024 13:48,Animal,NoahSills,1,Nycticorax nycticorax,16/10/2024 13:48
MC-1,05/10/2024,26/11/2024,Ceymour,None,MC1_00269,16/10/2024 13:48,Animal,NoahSills,1,Nycticorax nycticorax,16/10/2024 13:48
MC-1,05/10/2024,26/11/2024,Ceymour,None,MC1_00268,16/10/2024 13:42,Animal,NoahSills,1,Nycticorax nycticorax,16/10/2024 13:42
MC-1,05/10/2024,26/11/2024,Ceymour,None,MC1_00268,16/10/2024 13:42,Animal,NoahSills,1,Nycticorax nycticorax,16/10/2024 13:42
MC-1,05/10/2024,26/11/2024,Ceymour,None,MC1_00267,16/10/2024 12:41,Animal,NoahSills,1,Nycticorax nycticorax,16/10/2024 12:41
MC-1,05/10/2024,26/11/2024,Ceymour,None,MC1_00267,16/10/2024 12:41,Animal,NoahSills,1,Nycticorax nycticorax,16/10/2024 12:41
MC-1,05/10/2024,26/11/2024,Ceymour,None,MC1_00265,16/10/2024 11:00,Animal,NoahSills,1,Nycticorax nycticorax,16/10/2024 11:00
MC-1,05/10/2024,26/11/2024,Ceymour,None,MC1_00265,16/10/2024 11:00,Animal,NoahSills,1,Nycticorax nycticorax,16/10/2024 11:00
C-2,18/09/2024,31/12/2024,Ceymour,None,C2_00968,16/10/2024 6:59,Animal,NoahSills,1,Dasyprocta leporina,16/10/2024 6:59
C-2,18/09/2024,31/12/2024,Ceymour,None,C2_00967,16/10/2024 6:38,Animal,NoahSills,1,Dasyprocta leporina,16/10/2024 6:38
C-2,18/09/2024,31/12/2024,Ceymour,None,C2_00966,16/10/2024 5:33,Animal,NoahSills,1,Dasyprocta leporina,16/10/2024 5:33
C-2,18/09/2024,31/12/2024,Ceymour,None,C2_00965,16/10/2024 5:24,Animal,NoahSills,1,Dasyprocta leporina,16/10/2024 5:24
C-2,18/09/2024,31/12/2024,Ceymour,None,C2_00964,15/10/2024 17:08,Animal,NoahSills,1,Dasyprocta leporina,15/10/2024 17:08
C-2,18/09/2024,31/12/2024,Ceymour,None,C2_00963,15/10/2024 16:47,Animal,NoahSills,1,Dasyprocta leporina,15/10/2024 16:47
C-2,18/09/2024,31/12/2024,Ceymour,None,C2_00962,15/10/2024 16:46,Animal,NoahSills,1,Dasyprocta leporina,15/10/2024 16:46
C-2,18/09/2024,31/12/2024,Ceymour,None,C2_00961,15/10/2024 16:21,Animal,NoahSills,1,Dasyprocta leporina,15/10/2024 16:21
MC-1,05/10/2024,26/11/2024,Ceymour,None,MC1_00263,15/10/2024 9:36,Animal,NoahSills,1,Nycticorax nycticorax,15/10/2024 9:36
MC-1,05/10/2024,26/11/2024,Ceymour,None,MC1_00263,15/10/2024 9:36,Animal,NoahSills,1,Nycticorax nycticorax,15/10/2024 9:36
MC-1,05/10/2024,26/11/2024,Ceymour,None,MC1_00262,15/10/2024 8:36,Animal,NoahSills,1,Nycticorax nycticorax,15/10/2024 8:36
MC-1,05/10/2024,26/11/2024,Ceymour,None,MC1_00262,15/10/2024 8:36,Animal,NoahSills,1,Nycticorax nycticorax,15/10/2024 8:36
MC-1,05/10/2024,26/11/2024,Ceymour,None,MC1_00261,15/10/2024 7:48,Animal,NoahSills,1,Bubulcus ibis ibis,15/10/2024 7:48
MC-1,05/10/2024,26/11/2024,Ceymour,None,MC1_00261,15/10/2024 7:48,Animal,NoahSills,1,Bubulcus ibis ibis,15/10/2024 7:48
MC-1,05/10/2024,26/11/2024,Ceymour,None,MC1_00260,15/10/2024 7:47,Animal,NoahSills,1,Bubulcus ibis ibis,15/10/2024 7:47
MC-1,05/10/2024,26/11/2024,Ceymour,None,MC1_00260,15/10/2024 7:47,Animal,NoahSills,1,Bubulcus ibis ibis,15/10/2024 7:47
MC-1,05/10/2024,26/11/2024,Ceymour,None,MC1_00259,15/10/2024 7:39,Animal,NoahSills,1,Bubulcus ibis ibis,15/10/2024 7:39
MC-1,05/10/2024,26/11/2024,Ceymour,None,MC1_00259,15/10/2024 7:39,Animal,NoahSills,1,Bubulcus ibis ibis,15/10/2024 7:39
MC-1,05/10/2024,26/11/2024,Ceymour,None,MC1_00258,15/10/2024 7:22,Animal,NoahSills,1,Bubulcus ibis ibis,15/10/2024 7:22
MC-1,05/10/2024,26/11/2024,Ceymour,None,MC1_00258,15/10/2024 7:22,Animal,NoahSills,1,Bubulcus ibis ibis,15/10/2024 7:22
MC-1,05/10/2024,26/11/2024,Ceymour,None,MC1_00257,15/10/2024 7:18,Animal,NoahSills,1,Bubulcus ibis ibis,15/10/2024 7:18
MC-1,05/10/2024,26/11/2024,Ceymour,None,MC1_00257,15/10/2024 7:18,Animal,NoahSills,1,Bubulcus ibis ibis,15/10/2024 7:18
MC-1,05/10/2024,26/11/2024,Ceymour,None,MC1_00256,15/10/2024 7:17,Animal,NoahSills,1,Bubulcus ibis ibis,15/10/2024 7:17
MC-1,05/10/2024,26/11/2024,Ceymour,None,MC1_00256,15/10/2024 7:17,Animal,NoahSills,1,Bubulcus ibis ibis,15/10/2024 7:17
MC-1,05/10/2024,26/11/2024,Ceymour,None,MC1_00255,15/10/2024 7:16,Animal,NoahSills,1,Bubulcus ibis ibis,15/10/2024 7:16
MC-1,05/10/2024,26/11/2024,Ceymour,None,MC1_00255,15/10/2024 7:16,Animal,NoahSills,1,Bubulcus ibis ibis,15/10/2024 7:16
MC-1,05/10/2024,26/11/2024,Ceymour,None,MC1_00254,15/10/2024 7:15,Animal,NoahSills,1,Bubulcus ibis ibis,15/10/2024 7:15
MC-1,05/10/2024,26/11/2024,Ceymour,None,MC1_00254,15/10/2024 7:15,Animal,NoahSills,1,Bubulcus ibis ibis,15/10/2024 7:15
MC-1,05/10/2024,26/11/2024,Ceymour,None,MC1_00253,15/10/2024 7:14,Animal,NoahSills,1,Bubulcus ibis ibis,15/10/2024 7:14
MC-1,05/10/2024,26/11/2024,Ceymour,None,MC1_00253,15/10/2024 7:14,Animal,NoahSills,1,Bubulcus ibis ibis,15/10/2024 7:14
MC-1,05/10/2024,26/11/2024,Ceymour,None,MC1_00252,15/10/2024 7:12,Animal,NoahSills,1,Bubulcus ibis ibis,15/10/2024 7:12
MC-1,05/10/2024,26/11/2024,Ceymour,None,MC1_00252,15/10/2024 7:12,Animal,NoahSills,1,Bubulcus ibis ibis,15/10/2024 7:12
MC-1,05/10/2024,26/11/2024,Ceymour,None,MC1_00251,15/10/2024 7:11,Animal,NoahSills,1,Bubulcus ibis ibis,15/10/2024 7:11
MC-1,05/10/2024,26/11/2024,Ceymour,None,MC1_00251,15/10/2024 7:11,Animal,NoahSills,1,Bubulcus ibis ibis,15/10/2024 7:11
MC-1,05/10/2024,26/11/2024,Ceymour,None,MC1_00250,15/10/2024 7:10,Animal,NoahSills,1,Bubulcus ibis ibis,15/10/2024 7:10
MC-1,05/10/2024,26/11/2024,Ceymour,None,MC1_00250,15/10/2024 7:10,Animal,NoahSills,1,Bubulcus ibis ibis,15/10/2024 7:10
MC-1,05/10/2024,26/11/2024,Ceymour,None,MC1_00249,15/10/2024 7:09,Animal,NoahSills,1,Bubulcus ibis ibis,15/10/2024 7:09
MC-1,05/10/2024,26/11/2024,Ceymour,None,MC1_00249,15/10/2024 7:09,Animal,NoahSills,1,Bubulcus ibis ibis,15/10/2024 7:09
MC-1,05/10/2024,26/11/2024,Ceymour,None,MC1_00248,15/10/2024 7:07,Animal,NoahSills,1,Bubulcus ibis ibis,15/10/2024 7:07
MC-1,05/10/2024,26/11/2024,Ceymour,None,MC1_00248,15/10/2024 7:07,Animal,NoahSills,1,Bubulcus ibis ibis,15/10/2024 7:07
MC-1,05/10/2024,26/11/2024,Ceymour,None,MC1_00247,15/10/2024 7:05,Animal,NoahSills,1,Bubulcus ibis ibis,15/10/2024 7:05
MC-1,05/10/2024,26/11/2024,Ceymour,None,MC1_00247,15/10/2024 7:05,Animal,NoahSills,1,Bubulcus ibis ibis,15/10/2024 7:05
MC-1,05/10/2024,26/11/2024,Ceymour,None,MC1_00246,15/10/2024 7:04,Animal,NoahSills,1,Bubulcus ibis ibis,15/10/2024 7:04
MC-1,05/10/2024,26/11/2024,Ceymour,None,MC1_00246,15/10/2024 7:04,Animal,NoahSills,1,Bubulcus ibis ibis,15/10/2024 7:04
MC-1,05/10/2024,26/11/2024,Ceymour,None,MC1_00245,15/10/2024 7:02,Animal,NoahSills,1,Bubulcus ibis ibis,15/10/2024 7:02
MC-1,05/10/2024,26/11/2024,Ceymour,None,MC1_00245,15/10/2024 7:02,Animal,NoahSills,1,Bubulcus ibis ibis,15/10/2024 7:02
MC-1,05/10/2024,26/11/2024,Ceymour,None,MC1_00244,15/10/2024 7:01,Animal,NoahSills,1,Bubulcus ibis ibis,15/10/2024 7:01
MC-1,05/10/2024,26/11/2024,Ceymour,None,MC1_00244,15/10/2024 7:01,Animal,NoahSills,1,Bubulcus ibis ibis,15/10/2024 7:01
MC-1,05/10/2024,26/11/2024,Ceymour,None,MC1_00243,15/10/2024 7:00,Animal,NoahSills,1,Bubulcus ibis ibis,15/10/2024 7:00
MC-1,05/10/2024,26/11/2024,Ceymour,None,MC1_00243,15/10/2024 7:00,Animal,NoahSills,1,Bubulcus ibis ibis,15/10/2024 7:00
MC-1,05/10/2024,26/11/2024,Ceymour,None,MC1_00242,15/10/2024 6:58,Animal,NoahSills,1,Bubulcus ibis ibis,15/10/2024 6:58
MC-1,05/10/2024,26/11/2024,Ceymour,None,MC1_00242,15/10/2024 6:58,Animal,NoahSills,1,Bubulcus ibis ibis,15/10/2024 6:58
MC-1,05/10/2024,26/11/2024,Ceymour,None,MC1_00241,15/10/2024 6:57,Animal,NoahSills,1,Bubulcus ibis ibis,15/10/2024 6:57
MC-1,05/10/2024,26/11/2024,Ceymour,None,MC1_00241,15/10/2024 6:57,Animal,NoahSills,1,Bubulcus ibis ibis,15/10/2024 6:57
MC-1,05/10/2024,26/11/2024,Ceymour,None,MC1_00240,15/10/2024 6:55,Animal,NoahSills,1,Bubulcus ibis ibis,15/10/2024 6:55
MC-1,05/10/2024,26/11/2024,Ceymour,None,MC1_00240,15/10/2024 6:55,Animal,NoahSills,1,Bubulcus ibis ibis,15/10/2024 6:55
MC-1,05/10/2024,26/11/2024,Ceymour,None,MC1_00239,15/10/2024 6:54,Animal,NoahSills,1,Bubulcus ibis ibis,15/10/2024 6:54
MC-1,05/10/2024,26/11/2024,Ceymour,None,MC1_00239,15/10/2024 6:54,Animal,NoahSills,1,Bubulcus ibis ibis,15/10/2024 6:54
MC-1,05/10/2024,26/11/2024,Ceymour,None,MC1_00238,15/10/2024 6:53,Animal,NoahSills,1,Bubulcus ibis ibis,15/10/2024 6:53
MC-1,05/10/2024,26/11/2024,Ceymour,None,MC1_00238,15/10/2024 6:53,Animal,NoahSills,1,Bubulcus ibis ibis,15/10/2024 6:53
MC-1,05/10/2024,26/11/2024,Ceymour,None,MC1_00237,15/10/2024 6:51,Animal,NoahSills,1,Bubulcus ibis ibis,15/10/2024 6:51
MC-1,05/10/2024,26/11/2024,Ceymour,None,MC1_00237,15/10/2024 6:51,Animal,NoahSills,1,Bubulcus ibis ibis,15/10/2024 6:51
MC-1,05/10/2024,26/11/2024,Ceymour,None,MC1_00236,15/10/2024 6:50,Animal,NoahSills,1,Bubulcus ibis ibis,15/10/2024 6:50
MC-1,05/10/2024,26/11/2024,Ceymour,None,MC1_00236,15/10/2024 6:50,Animal,NoahSills,1,Bubulcus ibis ibis,15/10/2024 6:50
MC-1,05/10/2024,26/11/2024,Ceymour,None,MC1_00235,15/10/2024 6:49,Animal,NoahSills,1,Bubulcus ibis ibis,15/10/2024 6:49
MC-1,05/10/2024,26/11/2024,Ceymour,None,MC1_00235,15/10/2024 6:49,Animal,NoahSills,1,Bubulcus ibis ibis,15/10/2024 6:49
MC-1,05/10/2024,26/11/2024,Ceymour,None,MC1_00234,15/10/2024 6:48,Animal,NoahSills,1,Bubulcus ibis ibis,15/10/2024 6:48
MC-1,05/10/2024,26/11/2024,Ceymour,None,MC1_00234,15/10/2024 6:48,Animal,NoahSills,1,Bubulcus ibis ibis,15/10/2024 6:48
MC-1,05/10/2024,26/11/2024,Ceymour,None,MC1_00233,15/10/2024 6:47,Animal,NoahSills,1,Bubulcus ibis ibis,15/10/2024 6:47
MC-1,05/10/2024,26/11/2024,Ceymour,None,MC1_00233,15/10/2024 6:47,Animal,NoahSills,1,Bubulcus ibis ibis,15/10/2024 6:47
MC-1,05/10/2024,26/11/2024,Ceymour,None,MC1_00232,15/10/2024 6:46,Animal,NoahSills,1,Bubulcus ibis ibis,15/10/2024 6:46
MC-1,05/10/2024,26/11/2024,Ceymour,None,MC1_00232,15/10/2024 6:46,Animal,NoahSills,1,Bubulcus ibis ibis,15/10/2024 6:46
C-2,18/09/2024,31/12/2024,Ceymour,None,C2_00958,15/10/2024 6:22,Animal,NoahSills,1,Dasyprocta leporina,15/10/2024 6:22
MC-1,05/10/2024,26/11/2024,Ceymour,None,MC1_00231,15/10/2024 6:21,Animal,NoahSills,1,Bubulcus ibis ibis,15/10/2024 6:21
MC-1,05/10/2024,26/11/2024,Ceymour,None,MC1_00231,15/10/2024 6:21,Animal,NoahSills,1,Bubulcus ibis ibis,15/10/2024 6:21
MC-1,05/10/2024,26/11/2024,Ceymour,None,MC1_00230,15/10/2024 6:17,Animal,NoahSills,1,Bubulcus ibis ibis,15/10/2024 6:17
MC-1,05/10/2024,26/11/2024,Ceymour,None,MC1_00230,15/10/2024 6:17,Animal,NoahSills,1,Bubulcus ibis ibis,15/10/2024 6:17
MC-1,05/10/2024,26/11/2024,Ceymour,None,MC1_00229,15/10/2024 6:06,Animal,NoahSills,1,Bubulcus ibis ibis,15/10/2024 6:06
MC-1,05/10/2024,26/11/2024,Ceymour,None,MC1_00229,15/10/2024 6:06,Animal,NoahSills,1,Bubulcus ibis ibis,15/10/2024 6:06
MC-1,05/10/2024,26/11/2024,Ceymour,None,MC1_00228,15/10/2024 6:03,Animal,NoahSills,1,Bubulcus ibis ibis,15/10/2024 6:03
MC-1,05/10/2024,26/11/2024,Ceymour,None,MC1_00228,15/10/2024 6:03,Animal,NoahSills,1,Bubulcus ibis ibis,15/10/2024 6:03
MC-1,05/10/2024,26/11/2024,Ceymour,None,MC1_00227,15/10/2024 5:31,Animal,NoahSills,1,Bubulcus ibis ibis,15/10/2024 5:31
MC-1,05/10/2024,26/11/2024,Ceymour,None,MC1_00227,15/10/2024 5:31,Animal,NoahSills,1,Bubulcus ibis ibis,15/10/2024 5:31
C-2,18/09/2024,31/12/2024,Ceymour,None,C2_00957,15/10/2024 5:30,Animal,NoahSills,1,Dasyprocta leporina,15/10/2024 5:30
C-2,18/09/2024,31/12/2024,Ceymour,None,C2_00956,15/10/2024 5:28,Animal,NoahSills,1,Dasyprocta leporina,15/10/2024 5:28
C-2,18/09/2024,31/12/2024,Ceymour,None,C2_00955,15/10/2024 5:26,Animal,NoahSills,1,Dasyprocta leporina,15/10/2024 5:26
C-2,18/09/2024,31/12/2024,Ceymour,None,C2_00954,15/10/2024 5:25,Animal,NoahSills,1,Dasyprocta leporina,15/10/2024 5:25
MC-2-1,05/10/2024,26/11/2024,Ceymour,None,MC2_1_00010,14/10/2024 23:09,Animal,NoahSills,1,Proechimys guairae,14/10/2024 23:09
MC-2-1,05/10/2024,26/11/2024,Ceymour,None,MC2_1_00010,14/10/2024 23:09,Animal,NoahSills,1,Proechimys guairae,14/10/2024 23:09
MC-1,05/10/2024,26/11/2024,Ceymour,None,MC1_00226,14/10/2024 17:49,Animal,NoahSills,1,Bubulcus ibis ibis,14/10/2024 17:49
MC-1,05/10/2024,26/11/2024,Ceymour,None,MC1_00226,14/10/2024 17:49,Animal,NoahSills,1,Bubulcus ibis ibis,14/10/2024 17:49
C-2,18/09/2024,31/12/2024,Ceymour,None,C2_00953,14/10/2024 17:48,Animal,NoahSills,1,Dasyprocta leporina,14/10/2024 17:48
MC-1,05/10/2024,26/11/2024,Ceymour,None,MC1_00225,14/10/2024 17:33,Animal,NoahSills,1,Bubulcus ibis ibis,14/10/2024 17:33
MC-1,05/10/2024,26/11/2024,Ceymour,None,MC1_00225,14/10/2024 17:33,Animal,NoahSills,1,Bubulcus ibis ibis,14/10/2024 17:33
MC-1,05/10/2024,26/11/2024,Ceymour,None,MC1_00224,14/10/2024 17:28,Animal,NoahSills,1,Bubulcus ibis ibis,14/10/2024 17:28
MC-1,05/10/2024,26/11/2024,Ceymour,None,MC1_00224,14/10/2024 17:28,Animal,NoahSills,1,Bubulcus ibis ibis,14/10/2024 17:28
MC-1,05/10/2024,26/11/2024,Ceymour,None,MC1_00223,14/10/2024 17:23,Animal,NoahSills,1,Bubulcus ibis ibis,14/10/2024 17:23
MC-1,05/10/2024,26/11/2024,Ceymour,None,MC1_00223,14/10/2024 17:23,Animal,NoahSills,1,Bubulcus ibis ibis,14/10/2024 17:23
C-2,18/09/2024,31/12/2024,Ceymour,None,C2_00952,14/10/2024 17:21,Animal,NoahSills,1,Dasyprocta leporina,14/10/2024 17:21
MC-1,05/10/2024,26/11/2024,Ceymour,None,MC1_00222,14/10/2024 17:19,Animal,NoahSills,1,Bubulcus ibis ibis,14/10/2024 17:19
MC-1,05/10/2024,26/11/2024,Ceymour,None,MC1_00222,14/10/2024 17:19,Animal,NoahSills,1,Bubulcus ibis ibis,14/10/2024 17:19
MC-1,05/10/2024,26/11/2024,Ceymour,None,MC1_00221,14/10/2024 17:03,Animal,NoahSills,1,Bubulcus ibis ibis,14/10/2024 17:03
MC-1,05/10/2024,26/11/2024,Ceymour,None,MC1_00221,14/10/2024 17:03,Animal,NoahSills,1,Bubulcus ibis ibis,14/10/2024 17:03
C-2,18/09/2024,31/12/2024,Ceymour,None,C2_00951,14/10/2024 16:56,Animal,NoahSills,1,Dasyprocta leporina,14/10/2024 16:56
C-2,18/09/2024,31/12/2024,Ceymour,None,C2_00950,14/10/2024 16:55,Animal,NoahSills,1,Dasyprocta leporina,14/10/2024 16:55
C-2,18/09/2024,31/12/2024,Ceymour,None,C2_00949,14/10/2024 16:44,Animal,NoahSills,1,Dasyprocta leporina,14/10/2024 16:44
MC-1,05/10/2024,26/11/2024,Ceymour,None,MC1_00219,14/10/2024 14:30,Animal,NoahSills,1,fluvicola nengeta,14/10/2024 14:30
MC-1,05/10/2024,26/11/2024,Ceymour,None,MC1_00219,14/10/2024 14:30,Animal,NoahSills,1,fluvicola nengeta,14/10/2024 14:30
MC-3-1,05/10/2024,21/11/2024,Ceymour,None,MC3_1_00005,45579.56605,Animal,NoahSills,1,Cebus olivaceus,35:06.7
MC-3-1,05/10/2024,21/11/2024,Ceymour,None,MC3_1_00005,45579.56605,Animal,NoahSills,1,Cebus olivaceus,35:06.7
MC-3-1,05/10/2024,21/11/2024,Ceymour,None,MC3_1_00004,45579.56529,Animal,NoahSills,1,Cebus olivaceus,34:01.1
MC-3-1,05/10/2024,21/11/2024,Ceymour,None,MC3_1_00004,45579.56529,Animal,NoahSills,1,Cebus olivaceus,34:01.1
MC-1,05/10/2024,26/11/2024,Ceymour,None,MC1_00216,14/10/2024 11:15,Animal,NoahSills,1,Nycticorax nycticorax,14/10/2024 11:15
MC-1,05/10/2024,26/11/2024,Ceymour,None,MC1_00216,14/10/2024 11:15,Animal,NoahSills,1,Nycticorax nycticorax,14/10/2024 11:15
MC-1,05/10/2024,26/11/2024,Ceymour,None,MC1_00215,14/10/2024 10:17,Animal,NoahSills,1,Bubulcus ibis ibis,14/10/2024 10:17
MC-1,05/10/2024,26/11/2024,Ceymour,None,MC1_00215,14/10/2024 10:17,Animal,NoahSills,1,Bubulcus ibis ibis,14/10/2024 10:17
MC-1,05/10/2024,26/11/2024,Ceymour,None,MC1_00214,14/10/2024 9:21,Animal,NoahSills,1,Bubulcus ibis ibis,14/10/2024 9:21
MC-1,05/10/2024,26/11/2024,Ceymour,None,MC1_00214,14/10/2024 9:21,Animal,NoahSills,1,Bubulcus ibis ibis,14/10/2024 9:21
MC-1,05/10/2024,26/11/2024,Ceymour,None,MC1_00214,14/10/2024 9:21,Animal,NoahSills,1,Nycticorax nycticorax,14/10/2024 9:21
MC-1,05/10/2024,26/11/2024,Ceymour,None,MC1_00214,14/10/2024 9:21,Animal,NoahSills,1,Nycticorax nycticorax,14/10/2024 9:21
MC-1,05/10/2024,26/11/2024,Ceymour,None,MC1_00213,14/10/2024 9:18,Animal,NoahSills,1,Nycticorax nycticorax,14/10/2024 9:18
MC-1,05/10/2024,26/11/2024,Ceymour,None,MC1_00213,14/10/2024 9:18,Animal,NoahSills,1,Nycticorax nycticorax,14/10/2024 9:18
MC-1,05/10/2024,26/11/2024,Ceymour,None,MC1_00213,14/10/2024 9:18,Animal,NoahSills,1,Bubulcus ibis ibis,14/10/2024 9:18
MC-1,05/10/2024,26/11/2024,Ceymour,None,MC1_00213,14/10/2024 9:18,Animal,NoahSills,1,Bubulcus ibis ibis,14/10/2024 9:18
MC-1,05/10/2024,26/11/2024,Ceymour,None,MC1_00212,14/10/2024 9:16,Animal,NoahSills,1,Bubulcus ibis ibis,14/10/2024 9:16
MC-1,05/10/2024,26/11/2024,Ceymour,None,MC1_00212,14/10/2024 9:16,Animal,NoahSills,1,Bubulcus ibis ibis,14/10/2024 9:16
MC-1,05/10/2024,26/11/2024,Ceymour,None,MC1_00211,14/10/2024 9:13,Animal,NoahSills,1,Bubulcus ibis ibis,14/10/2024 9:13
MC-1,05/10/2024,26/11/2024,Ceymour,None,MC1_00211,14/10/2024 9:13,Animal,NoahSills,1,Bubulcus ibis ibis,14/10/2024 9:13
MC-1,05/10/2024,26/11/2024,Ceymour,None,MC1_00210,14/10/2024 9:09,Animal,NoahSills,1,Bubulcus ibis ibis,14/10/2024 9:09
MC-1,05/10/2024,26/11/2024,Ceymour,None,MC1_00210,14/10/2024 9:09,Animal,NoahSills,1,Bubulcus ibis ibis,14/10/2024 9:09
MC-1,05/10/2024,26/11/2024,Ceymour,None,MC1_00209,14/10/2024 9:02,Animal,NoahSills,1,Bubulcus ibis ibis,14/10/2024 9:02
MC-1,05/10/2024,26/11/2024,Ceymour,None,MC1_00209,14/10/2024 9:02,Animal,NoahSills,1,Bubulcus ibis ibis,14/10/2024 9:02
MC-1,05/10/2024,26/11/2024,Ceymour,None,MC1_00209,14/10/2024 9:02,Animal,NoahSills,1,Crotophaga ani,14/10/2024 9:02
MC-1,05/10/2024,26/11/2024,Ceymour,None,MC1_00209,14/10/2024 9:02,Animal,NoahSills,1,Crotophaga ani,14/10/2024 9:02
MC-1,05/10/2024,26/11/2024,Ceymour,None,MC1_00208,14/10/2024 9:00,Animal,NoahSills,1,Crotophaga ani,14/10/2024 9:00
MC-1,05/10/2024,26/11/2024,Ceymour,None,MC1_00208,14/10/2024 9:00,Animal,NoahSills,1,Crotophaga ani,14/10/2024 9:00
MC-1,05/10/2024,26/11/2024,Ceymour,None,MC1_00208,14/10/2024 9:00,Animal,NoahSills,1,Bubulcus ibis ibis,14/10/2024 9:00
MC-1,05/10/2024,26/11/2024,Ceymour,None,MC1_00208,14/10/2024 9:00,Animal,NoahSills,1,Bubulcus ibis ibis,14/10/2024 9:00
MC-1,05/10/2024,26/11/2024,Ceymour,None,MC1_00207,14/10/2024 8:26,Animal,NoahSills,1,Bubulcus ibis ibis,14/10/2024 8:26
MC-1,05/10/2024,26/11/2024,Ceymour,None,MC1_00207,14/10/2024 8:26,Animal,NoahSills,1,Bubulcus ibis ibis,14/10/2024 8:26
MC-1,05/10/2024,26/11/2024,Ceymour,None,MC1_00206,14/10/2024 8:21,Animal,NoahSills,1,Bubulcus ibis ibis,14/10/2024 8:21
MC-1,05/10/2024,26/11/2024,Ceymour,None,MC1_00206,14/10/2024 8:21,Animal,NoahSills,1,Bubulcus ibis ibis,14/10/2024 8:21
MC-1,05/10/2024,26/11/2024,Ceymour,None,MC1_00205,14/10/2024 8:20,Animal,NoahSills,1,Bubulcus ibis ibis,14/10/2024 8:20
MC-1,05/10/2024,26/11/2024,Ceymour,None,MC1_00205,14/10/2024 8:20,Animal,NoahSills,1,Bubulcus ibis ibis,14/10/2024 8:20
MC-1,05/10/2024,26/11/2024,Ceymour,None,MC1_00204,14/10/2024 7:53,Animal,NoahSills,1,Bubulcus ibis ibis,14/10/2024 7:53
MC-1,05/10/2024,26/11/2024,Ceymour,None,MC1_00204,14/10/2024 7:53,Animal,NoahSills,1,Bubulcus ibis ibis,14/10/2024 7:53
MC-1,05/10/2024,26/11/2024,Ceymour,None,MC1_00203,14/10/2024 7:52,Animal,NoahSills,1,Bubulcus ibis ibis,14/10/2024 7:52
MC-1,05/10/2024,26/11/2024,Ceymour,None,MC1_00203,14/10/2024 7:52,Animal,NoahSills,1,Bubulcus ibis ibis,14/10/2024 7:52
MC-1,05/10/2024,26/11/2024,Ceymour,None,MC1_00202,14/10/2024 7:10,Animal,NoahSills,1,Bubulcus ibis ibis,14/10/2024 7:10
MC-1,05/10/2024,26/11/2024,Ceymour,None,MC1_00202,14/10/2024 7:10,Animal,NoahSills,1,Bubulcus ibis ibis,14/10/2024 7:10
MC-1,05/10/2024,26/11/2024,Ceymour,None,MC1_00201,14/10/2024 6:21,Animal,NoahSills,1,Nycticorax nycticorax,14/10/2024 6:21
MC-1,05/10/2024,26/11/2024,Ceymour,None,MC1_00201,14/10/2024 6:21,Animal,NoahSills,1,Nycticorax nycticorax,14/10/2024 6:21
MC-1,05/10/2024,26/11/2024,Ceymour,None,MC1_00200,14/10/2024 6:02,Animal,NoahSills,1,Bubulcus ibis ibis,14/10/2024 6:02
MC-1,05/10/2024,26/11/2024,Ceymour,None,MC1_00200,14/10/2024 6:02,Animal,NoahSills,1,Bubulcus ibis ibis,14/10/2024 6:02
MC-1,05/10/2024,26/11/2024,Ceymour,None,MC1_00200,14/10/2024 6:02,Animal,NoahSills,1,Nycticorax nycticorax,14/10/2024 6:02
MC-1,05/10/2024,26/11/2024,Ceymour,None,MC1_00200,14/10/2024 6:02,Animal,NoahSills,1,Nycticorax nycticorax,14/10/2024 6:02
MC-1,05/10/2024,26/11/2024,Ceymour,None,MC1_00199,14/10/2024 5:51,Animal,NoahSills,1,Bubulcus ibis ibis,14/10/2024 5:51
MC-1,05/10/2024,26/11/2024,Ceymour,None,MC1_00199,14/10/2024 5:51,Animal,NoahSills,1,Bubulcus ibis ibis,14/10/2024 5:51
MC-1,05/10/2024,26/11/2024,Ceymour,None,MC1_00199,14/10/2024 5:51,Animal,NoahSills,1,Nycticorax nycticorax,14/10/2024 5:51
MC-1,05/10/2024,26/11/2024,Ceymour,None,MC1_00199,14/10/2024 5:51,Animal,NoahSills,1,Nycticorax nycticorax,14/10/2024 5:51
MC-1,05/10/2024,26/11/2024,Ceymour,None,MC1_00198,14/10/2024 5:46,Animal,NoahSills,1,Bubulcus ibis ibis,14/10/2024 5:46
MC-1,05/10/2024,26/11/2024,Ceymour,None,MC1_00198,14/10/2024 5:46,Animal,NoahSills,1,Bubulcus ibis ibis,14/10/2024 5:46
MC-1,05/10/2024,26/11/2024,Ceymour,None,MC1_00198,14/10/2024 5:46,Animal,NoahSills,1,Nycticorax nycticorax,14/10/2024 5:46
MC-1,05/10/2024,26/11/2024,Ceymour,None,MC1_00198,14/10/2024 5:46,Animal,NoahSills,1,Nycticorax nycticorax,14/10/2024 5:46
MC-1,05/10/2024,26/11/2024,Ceymour,None,MC1_00197,14/10/2024 5:44,Animal,NoahSills,1,Bubulcus ibis ibis,14/10/2024 5:44
MC-1,05/10/2024,26/11/2024,Ceymour,None,MC1_00197,14/10/2024 5:44,Animal,NoahSills,1,Bubulcus ibis ibis,14/10/2024 5:44
MC-1,05/10/2024,26/11/2024,Ceymour,None,MC1_00197,14/10/2024 5:44,Animal,NoahSills,1,Nycticorax nycticorax,14/10/2024 5:44
MC-1,05/10/2024,26/11/2024,Ceymour,None,MC1_00197,14/10/2024 5:44,Animal,NoahSills,1,Nycticorax nycticorax,14/10/2024 5:44
MC-1,05/10/2024,26/11/2024,Ceymour,None,MC1_00196,14/10/2024 5:41,Animal,NoahSills,1,Bubulcus ibis ibis,14/10/2024 5:41
MC-1,05/10/2024,26/11/2024,Ceymour,None,MC1_00196,14/10/2024 5:41,Animal,NoahSills,1,Bubulcus ibis ibis,14/10/2024 5:41
MC-1,05/10/2024,26/11/2024,Ceymour,None,MC1_00196,14/10/2024 5:41,Animal,NoahSills,1,Nycticorax nycticorax,14/10/2024 5:41
MC-1,05/10/2024,26/11/2024,Ceymour,None,MC1_00196,14/10/2024 5:41,Animal,NoahSills,1,Nycticorax nycticorax,14/10/2024 5:41
C-2,18/09/2024,31/12/2024,Ceymour,None,C2_00946,14/10/2024 5:27,Animal,NoahSills,1,Dasyprocta leporina,14/10/2024 5:27
C-2,18/09/2024,31/12/2024,Ceymour,None,C2_00944,13/10/2024 17:43,Animal,NoahSills,1,Dasyprocta leporina,13/10/2024 17:43
C-2,18/09/2024,31/12/2024,Ceymour,None,C2_00943,13/10/2024 17:39,Animal,NoahSills,1,Dasyprocta leporina,13/10/2024 17:39
C-2,18/09/2024,31/12/2024,Ceymour,None,C2_00942,13/10/2024 17:36,Animal,NoahSills,1,Dasyprocta leporina,13/10/2024 17:36
C-2,18/09/2024,31/12/2024,Ceymour,None,C2_00941,13/10/2024 17:23,Animal,NoahSills,1,Dasyprocta leporina,13/10/2024 17:23
C-2,18/09/2024,31/12/2024,Ceymour,None,C2_00940,13/10/2024 16:42,Animal,NoahSills,1,Dasyprocta leporina,13/10/2024 16:42
C-2,18/09/2024,31/12/2024,Ceymour,None,C2_00938,13/10/2024 14:31,Animal,NoahSills,1,Dasyprocta leporina,13/10/2024 14:31
MC-1,05/10/2024,26/11/2024,Ceymour,None,MC1_00195,13/10/2024 13:46,Animal,NoahSills,1,Bubulcus ibis ibis,13/10/2024 13:46
MC-1,05/10/2024,26/11/2024,Ceymour,None,MC1_00195,13/10/2024 13:46,Animal,NoahSills,1,Bubulcus ibis ibis,13/10/2024 13:46
MC-1,05/10/2024,26/11/2024,Ceymour,None,MC1_00193,13/10/2024 13:38,Animal,NoahSills,1,Nycticorax nycticorax,13/10/2024 13:38
MC-1,05/10/2024,26/11/2024,Ceymour,None,MC1_00193,13/10/2024 13:38,Animal,NoahSills,1,Nycticorax nycticorax,13/10/2024 13:38
MC-1,05/10/2024,26/11/2024,Ceymour,None,MC1_00192,13/10/2024 13:05,Animal,NoahSills,1,Nycticorax nycticorax,13/10/2024 13:05
MC-1,05/10/2024,26/11/2024,Ceymour,None,MC1_00192,13/10/2024 13:05,Animal,NoahSills,1,Nycticorax nycticorax,13/10/2024 13:05
MC-1,05/10/2024,26/11/2024,Ceymour,None,MC1_00191,13/10/2024 12:56,Animal,NoahSills,1,Nycticorax nycticorax,13/10/2024 12:56
MC-1,05/10/2024,26/11/2024,Ceymour,None,MC1_00191,13/10/2024 12:56,Animal,NoahSills,1,Nycticorax nycticorax,13/10/2024 12:56
MC-1,05/10/2024,26/11/2024,Ceymour,None,MC1_00190,13/10/2024 12:50,Animal,NoahSills,1,Nycticorax nycticorax,13/10/2024 12:50
MC-1,05/10/2024,26/11/2024,Ceymour,None,MC1_00190,13/10/2024 12:50,Animal,NoahSills,1,Nycticorax nycticorax,13/10/2024 12:50
MC-1,05/10/2024,26/11/2024,Ceymour,None,MC1_00189,13/10/2024 8:11,Animal,NoahSills,1,Bubulcus ibis ibis,13/10/2024 8:11
MC-1,05/10/2024,26/11/2024,Ceymour,None,MC1_00189,13/10/2024 8:11,Animal,NoahSills,1,Bubulcus ibis ibis,13/10/2024 8:11
MC-1,05/10/2024,26/11/2024,Ceymour,None,MC1_00188,13/10/2024 7:08,Animal,NoahSills,1,Crotophaga ani,13/10/2024 7:08
MC-1,05/10/2024,26/11/2024,Ceymour,None,MC1_00188,13/10/2024 7:08,Animal,NoahSills,1,Crotophaga ani,13/10/2024 7:08
MC-1,05/10/2024,26/11/2024,Ceymour,None,MC1_00187,13/10/2024 7:06,Animal,NoahSills,1,Bubulcus ibis ibis,13/10/2024 7:06
MC-1,05/10/2024,26/11/2024,Ceymour,None,MC1_00187,13/10/2024 7:06,Animal,NoahSills,1,Bubulcus ibis ibis,13/10/2024 7:06
MC-1,05/10/2024,26/11/2024,Ceymour,None,MC1_00186,13/10/2024 7:03,Animal,NoahSills,1,Bubulcus ibis ibis,13/10/2024 7:03
MC-1,05/10/2024,26/11/2024,Ceymour,None,MC1_00186,13/10/2024 7:03,Animal,NoahSills,1,Bubulcus ibis ibis,13/10/2024 7:03
MC-1,05/10/2024,26/11/2024,Ceymour,None,MC1_00185,13/10/2024 7:02,Animal,NoahSills,1,Bubulcus ibis ibis,13/10/2024 7:02
MC-1,05/10/2024,26/11/2024,Ceymour,None,MC1_00185,13/10/2024 7:02,Animal,NoahSills,1,Bubulcus ibis ibis,13/10/2024 7:02
MC-1,05/10/2024,26/11/2024,Ceymour,None,MC1_00184,13/10/2024 6:38,Animal,NoahSills,1,Bubulcus ibis ibis,13/10/2024 6:38
MC-1,05/10/2024,26/11/2024,Ceymour,None,MC1_00184,13/10/2024 6:38,Animal,NoahSills,1,Bubulcus ibis ibis,13/10/2024 6:38
MC-1,05/10/2024,26/11/2024,Ceymour,None,MC1_00183,13/10/2024 6:35,Animal,NoahSills,1,Bubulcus ibis ibis,13/10/2024 6:35
MC-1,05/10/2024,26/11/2024,Ceymour,None,MC1_00183,13/10/2024 6:35,Animal,NoahSills,1,Bubulcus ibis ibis,13/10/2024 6:35
MC-1,05/10/2024,26/11/2024,Ceymour,None,MC1_00182,13/10/2024 6:27,Animal,NoahSills,1,Crotophaga ani,13/10/2024 6:27
MC-1,05/10/2024,26/11/2024,Ceymour,None,MC1_00182,13/10/2024 6:27,Animal,NoahSills,1,Crotophaga ani,13/10/2024 6:27
MC-1,05/10/2024,26/11/2024,Ceymour,None,MC1_00181,13/10/2024 6:26,Animal,NoahSills,1,Crotophaga ani,13/10/2024 6:26
MC-1,05/10/2024,26/11/2024,Ceymour,None,MC1_00181,13/10/2024 6:26,Animal,NoahSills,1,Crotophaga ani,13/10/2024 6:26
MC-1,05/10/2024,26/11/2024,Ceymour,None,MC1_00180,13/10/2024 5:53,Animal,NoahSills,1,Bubulcus ibis ibis,13/10/2024 5:53
MC-1,05/10/2024,26/11/2024,Ceymour,None,MC1_00180,13/10/2024 5:53,Animal,NoahSills,1,Bubulcus ibis ibis,13/10/2024 5:53
C-2,18/09/2024,31/12/2024,Ceymour,None,C2_00935,13/10/2024 5:46,Animal,NoahSills,1,Dasyprocta leporina,13/10/2024 5:46
MC-1,05/10/2024,26/11/2024,Ceymour,None,MC1_00179,13/10/2024 5:44,Animal,NoahSills,1,Bubulcus ibis ibis,13/10/2024 5:44
MC-1,05/10/2024,26/11/2024,Ceymour,None,MC1_00179,13/10/2024 5:44,Animal,NoahSills,1,Bubulcus ibis ibis,13/10/2024 5:44
MC-1,05/10/2024,26/11/2024,Ceymour,None,MC1_00178,13/10/2024 5:28,Animal,NoahSills,1,Bubulcus ibis ibis,13/10/2024 5:28
MC-1,05/10/2024,26/11/2024,Ceymour,None,MC1_00178,13/10/2024 5:28,Animal,NoahSills,1,Bubulcus ibis ibis,13/10/2024 5:28
MC-1,05/10/2024,26/11/2024,Ceymour,None,MC1_00177,13/10/2024 5:19,Animal,NoahSills,1,Bubulcus ibis ibis,13/10/2024 5:19
MC-1,05/10/2024,26/11/2024,Ceymour,None,MC1_00177,13/10/2024 5:19,Animal,NoahSills,1,Bubulcus ibis ibis,13/10/2024 5:19
C-2,18/09/2024,31/12/2024,Ceymour,None,C2_00934,13/10/2024 5:11,Animal,NoahSills,1,Dasyprocta leporina,13/10/2024 5:11
MC-1,05/10/2024,26/11/2024,Ceymour,None,MC1_00176,12/10/2024 17:32,Animal,NoahSills,1,Bubulcus ibis ibis,12/10/2024 17:32
MC-1,05/10/2024,26/11/2024,Ceymour,None,MC1_00176,12/10/2024 17:32,Animal,NoahSills,1,Bubulcus ibis ibis,12/10/2024 17:32
MC-1,05/10/2024,26/11/2024,Ceymour,None,MC1_00175,12/10/2024 17:21,Animal,NoahSills,1,Bubulcus ibis ibis,12/10/2024 17:21
MC-1,05/10/2024,26/11/2024,Ceymour,None,MC1_00175,12/10/2024 17:21,Animal,NoahSills,1,Bubulcus ibis ibis,12/10/2024 17:21
C-2,18/09/2024,31/12/2024,Ceymour,None,C2_00930,12/10/2024 17:06,Animal,NoahSills,1,Dasyprocta leporina,12/10/2024 17:06
C-2,18/09/2024,31/12/2024,Ceymour,None,C2_00929,12/10/2024 16:38,Animal,NoahSills,1,Dasyprocta leporina,12/10/2024 16:38
MC-1,05/10/2024,26/11/2024,Ceymour,None,MC1_00174,12/10/2024 15:55,Animal,NoahSills,1,Nycticorax nycticorax,12/10/2024 15:55
MC-1,05/10/2024,26/11/2024,Ceymour,None,MC1_00174,12/10/2024 15:55,Animal,NoahSills,1,Nycticorax nycticorax,12/10/2024 15:55
C-2,18/09/2024,31/12/2024,Ceymour,None,C2_00927,12/10/2024 15:41,Animal,NoahSills,1,Dasyprocta leporina,12/10/2024 15:41
MC-1,05/10/2024,26/11/2024,Ceymour,None,MC1_00171,12/10/2024 12:39,Animal,NoahSills,1,Nycticorax nycticorax,12/10/2024 12:39
MC-1,05/10/2024,26/11/2024,Ceymour,None,MC1_00171,12/10/2024 12:39,Animal,NoahSills,1,Nycticorax nycticorax,12/10/2024 12:39
C-2,18/09/2024,31/12/2024,Ceymour,None,C2_00926,12/10/2024 12:07,Animal,NoahSills,1,Dasyprocta leporina,12/10/2024 12:07
C-2,18/09/2024,31/12/2024,Ceymour,None,C2_00925,12/10/2024 12:06,Animal,NoahSills,1,Dasyprocta leporina,12/10/2024 12:06
MC-1,05/10/2024,26/11/2024,Ceymour,None,MC1_00170,12/10/2024 10:10,Animal,NoahSills,1,Bubulcus ibis ibis,12/10/2024 10:10
MC-1,05/10/2024,26/11/2024,Ceymour,None,MC1_00170,12/10/2024 10:10,Animal,NoahSills,1,Bubulcus ibis ibis,12/10/2024 10:10
MC-1,05/10/2024,26/11/2024,Ceymour,None,MC1_00169,12/10/2024 9:47,Animal,NoahSills,1,Bubulcus ibis ibis,12/10/2024 9:47
MC-1,05/10/2024,26/11/2024,Ceymour,None,MC1_00169,12/10/2024 9:47,Animal,NoahSills,1,Bubulcus ibis ibis,12/10/2024 9:47
MC-1,05/10/2024,26/11/2024,Ceymour,None,MC1_00168,12/10/2024 9:45,Animal,NoahSills,1,Bubulcus ibis ibis,12/10/2024 9:45
MC-1,05/10/2024,26/11/2024,Ceymour,None,MC1_00168,12/10/2024 9:45,Animal,NoahSills,1,Bubulcus ibis ibis,12/10/2024 9:45
MC-1,05/10/2024,26/11/2024,Ceymour,None,MC1_00167,12/10/2024 9:28,Animal,NoahSills,1,Nycticorax nycticorax,12/10/2024 9:28
MC-1,05/10/2024,26/11/2024,Ceymour,None,MC1_00167,12/10/2024 9:28,Animal,NoahSills,1,Nycticorax nycticorax,12/10/2024 9:28
MC-1,05/10/2024,26/11/2024,Ceymour,None,MC1_00166,12/10/2024 9:13,Animal,NoahSills,1,Bubulcus ibis ibis,12/10/2024 9:13
MC-1,05/10/2024,26/11/2024,Ceymour,None,MC1_00166,12/10/2024 9:13,Animal,NoahSills,1,Bubulcus ibis ibis,12/10/2024 9:13
C-2,18/09/2024,31/12/2024,Ceymour,None,C2_00923,12/10/2024 9:05,Animal,NoahSills,1,Dasyprocta leporina,12/10/2024 9:05
MC-1,05/10/2024,26/11/2024,Ceymour,None,MC1_00165,12/10/2024 9:02,Animal,NoahSills,1,Bubulcus ibis ibis,12/10/2024 9:02
MC-1,05/10/2024,26/11/2024,Ceymour,None,MC1_00165,12/10/2024 9:02,Animal,NoahSills,1,Bubulcus ibis ibis,12/10/2024 9:02
MC-1,05/10/2024,26/11/2024,Ceymour,None,MC1_00164,12/10/2024 8:57,Animal,NoahSills,1,Bubulcus ibis ibis,12/10/2024 8:57
MC-1,05/10/2024,26/11/2024,Ceymour,None,MC1_00164,12/10/2024 8:57,Animal,NoahSills,1,Bubulcus ibis ibis,12/10/2024 8:57
MC-1,05/10/2024,26/11/2024,Ceymour,None,MC1_00163,12/10/2024 8:54,Animal,NoahSills,1,Bubulcus ibis ibis,12/10/2024 8:54
MC-1,05/10/2024,26/11/2024,Ceymour,None,MC1_00163,12/10/2024 8:54,Animal,NoahSills,1,Bubulcus ibis ibis,12/10/2024 8:54
C-2,18/09/2024,31/12/2024,Ceymour,None,C2_00922,12/10/2024 8:27,Animal,NoahSills,1,Dasyprocta leporina,12/10/2024 8:27
MC-1,05/10/2024,26/11/2024,Ceymour,None,MC1_00162,12/10/2024 8:02,Animal,NoahSills,1,Bubulcus ibis ibis,12/10/2024 8:02
MC-1,05/10/2024,26/11/2024,Ceymour,None,MC1_00162,12/10/2024 8:02,Animal,NoahSills,1,Bubulcus ibis ibis,12/10/2024 8:02
MC-1,05/10/2024,26/11/2024,Ceymour,None,MC1_00161,12/10/2024 7:21,Animal,NoahSills,1,Bubulcus ibis ibis,12/10/2024 7:21
MC-1,05/10/2024,26/11/2024,Ceymour,None,MC1_00161,12/10/2024 7:21,Animal,NoahSills,1,Bubulcus ibis ibis,12/10/2024 7:21
MC-1,05/10/2024,26/11/2024,Ceymour,None,MC1_00159,12/10/2024 6:54,Animal,NoahSills,1,Bubulcus ibis ibis,12/10/2024 6:54
MC-1,05/10/2024,26/11/2024,Ceymour,None,MC1_00159,12/10/2024 6:54,Animal,NoahSills,1,Bubulcus ibis ibis,12/10/2024 6:54
MC-1,05/10/2024,26/11/2024,Ceymour,None,MC1_00160,12/10/2024 6:54,Animal,NoahSills,1,Bubulcus ibis ibis,12/10/2024 6:54
MC-1,05/10/2024,26/11/2024,Ceymour,None,MC1_00160,12/10/2024 6:54,Animal,NoahSills,1,Bubulcus ibis ibis,12/10/2024 6:54
MC-1,05/10/2024,26/11/2024,Ceymour,None,MC1_00158,12/10/2024 6:35,Animal,NoahSills,1,Bubulcus ibis ibis,12/10/2024 6:35
MC-1,05/10/2024,26/11/2024,Ceymour,None,MC1_00158,12/10/2024 6:35,Animal,NoahSills,1,Bubulcus ibis ibis,12/10/2024 6:35
MC-1,05/10/2024,26/11/2024,Ceymour,None,MC1_00157,12/10/2024 6:25,Animal,NoahSills,1,Bubulcus ibis ibis,12/10/2024 6:25
MC-1,05/10/2024,26/11/2024,Ceymour,None,MC1_00157,12/10/2024 6:25,Animal,NoahSills,1,Bubulcus ibis ibis,12/10/2024 6:25
MC-1,05/10/2024,26/11/2024,Ceymour,None,MC1_00156,12/10/2024 6:03,Animal,NoahSills,1,Bubulcus ibis ibis,12/10/2024 6:03
MC-1,05/10/2024,26/11/2024,Ceymour,None,MC1_00156,12/10/2024 6:03,Animal,NoahSills,1,Bubulcus ibis ibis,12/10/2024 6:03
C-2,18/09/2024,31/12/2024,Ceymour,None,C2_00911,12/10/2024 6:02,Animal,NoahSills,1,Dasyprocta leporina,12/10/2024 6:02
MC-1,05/10/2024,26/11/2024,Ceymour,None,MC1_00155,12/10/2024 5:53,Animal,NoahSills,1,Bubulcus ibis ibis,12/10/2024 5:53
MC-1,05/10/2024,26/11/2024,Ceymour,None,MC1_00155,12/10/2024 5:53,Animal,NoahSills,1,Bubulcus ibis ibis,12/10/2024 5:53
MC-1,05/10/2024,26/11/2024,Ceymour,None,MC1_00154,12/10/2024 5:48,Animal,NoahSills,1,Bubulcus ibis ibis,12/10/2024 5:48
MC-1,05/10/2024,26/11/2024,Ceymour,None,MC1_00154,12/10/2024 5:48,Animal,NoahSills,1,Bubulcus ibis ibis,12/10/2024 5:48
MC-1,05/10/2024,26/11/2024,Ceymour,None,MC1_00153,12/10/2024 5:40,Animal,NoahSills,1,Bubulcus ibis ibis,12/10/2024 5:40
MC-1,05/10/2024,26/11/2024,Ceymour,None,MC1_00153,12/10/2024 5:40,Animal,NoahSills,1,Bubulcus ibis ibis,12/10/2024 5:40
MC-1,05/10/2024,26/11/2024,Ceymour,None,MC1_00152,12/10/2024 5:36,Animal,NoahSills,1,Bubulcus ibis ibis,12/10/2024 5:36
MC-1,05/10/2024,26/11/2024,Ceymour,None,MC1_00152,12/10/2024 5:36,Animal,NoahSills,1,Bubulcus ibis ibis,12/10/2024 5:36
MC-1,05/10/2024,26/11/2024,Ceymour,None,MC1_00151,12/10/2024 5:33,Animal,NoahSills,1,Bubulcus ibis ibis,12/10/2024 5:33
MC-1,05/10/2024,26/11/2024,Ceymour,None,MC1_00151,12/10/2024 5:33,Animal,NoahSills,1,Bubulcus ibis ibis,12/10/2024 5:33
MC-5-1,05/10/2024,21/11/2024,Ceymour,None,MC5_1_00007,12/10/2024 1:51,Animal,NoahSills,1,Mazama americana,12/10/2024 1:51
MC-5-1,05/10/2024,21/11/2024,Ceymour,None,MC5_1_00007,12/10/2024 1:51,Animal,NoahSills,1,Mazama americana,12/10/2024 1:51
C-1,18/09/2024,31/12/2024,Ceymour,None,C1_00090,11/10/2024 23:48,Animal,NoahSills,1,Cuniculus paca,11/10/2024 23:48
C-2,18/09/2024,31/12/2024,Ceymour,None,C2_00909,11/10/2024 17:48,Animal,NoahSills,1,Dasyprocta leporina,11/10/2024 17:48
C-2,18/09/2024,31/12/2024,Ceymour,None,C2_00908,11/10/2024 17:30,Animal,NoahSills,1,Dasyprocta leporina,11/10/2024 17:30
C-2,18/09/2024,31/12/2024,Ceymour,None,C2_00906,11/10/2024 17:24,Animal,NoahSills,1,Dasyprocta leporina,11/10/2024 17:24
C-2,18/09/2024,31/12/2024,Ceymour,None,C2_00905,11/10/2024 17:22,Animal,NoahSills,1,Dasyprocta leporina,11/10/2024 17:22
C-2,18/09/2024,31/12/2024,Ceymour,None,C2_00904,11/10/2024 17:09,Animal,NoahSills,1,Dasyprocta leporina,11/10/2024 17:09
C-2,18/09/2024,31/12/2024,Ceymour,None,C2_00902,11/10/2024 17:02,Animal,NoahSills,1,Dasyprocta leporina,11/10/2024 17:02
C-2,18/09/2024,31/12/2024,Ceymour,None,C2_00901,11/10/2024 17:00,Animal,NoahSills,1,Dasyprocta leporina,11/10/2024 17:00
C-2,18/09/2024,31/12/2024,Ceymour,None,C2_00900,11/10/2024 16:55,Animal,NoahSills,1,Dasyprocta leporina,11/10/2024 16:55
C-2,18/09/2024,31/12/2024,Ceymour,None,C2_00899,11/10/2024 16:51,Animal,NoahSills,1,Dasyprocta leporina,11/10/2024 16:51
MC-1,05/10/2024,26/11/2024,Ceymour,None,MC1_00150,11/10/2024 16:42,Animal,NoahSills,1,Bubulcus ibis ibis,11/10/2024 16:42
MC-1,05/10/2024,26/11/2024,Ceymour,None,MC1_00150,11/10/2024 16:42,Animal,NoahSills,1,Bubulcus ibis ibis,11/10/2024 16:42
MC-5-1,05/10/2024,21/11/2024,Ceymour,None,MC5_1_00006,11/10/2024 15:26,Animal,NoahSills,1,Mazama americana,11/10/2024 15:26
MC-5-1,05/10/2024,21/11/2024,Ceymour,None,MC5_1_00006,11/10/2024 15:26,Animal,NoahSills,1,Mazama americana,11/10/2024 15:26
MC-1,05/10/2024,26/11/2024,Ceymour,None,MC1_00149,11/10/2024 14:48,Animal,NoahSills,1,Bubulcus ibis ibis,11/10/2024 14:48
MC-1,05/10/2024,26/11/2024,Ceymour,None,MC1_00149,11/10/2024 14:48,Animal,NoahSills,1,Bubulcus ibis ibis,11/10/2024 14:48
MC-1,05/10/2024,26/11/2024,Ceymour,None,MC1_00148,11/10/2024 14:35,Animal,NoahSills,1,Bubulcus ibis ibis,11/10/2024 14:35
MC-1,05/10/2024,26/11/2024,Ceymour,None,MC1_00148,11/10/2024 14:35,Animal,NoahSills,1,Bubulcus ibis ibis,11/10/2024 14:35
C-2,18/09/2024,31/12/2024,Ceymour,None,C2_00882,11/10/2024 8:15,Animal,NoahSills,1,Dasyprocta leporina,11/10/2024 8:15
MC-1,05/10/2024,26/11/2024,Ceymour,None,MC1_00145,11/10/2024 8:11,Animal,NoahSills,1,Bubulcus ibis ibis,11/10/2024 8:11
MC-1,05/10/2024,26/11/2024,Ceymour,None,MC1_00145,11/10/2024 8:11,Animal,NoahSills,1,Bubulcus ibis ibis,11/10/2024 8:11
MC-1,05/10/2024,26/11/2024,Ceymour,None,MC1_00144,11/10/2024 7:57,Animal,NoahSills,1,Bubulcus ibis ibis,11/10/2024 7:57
MC-1,05/10/2024,26/11/2024,Ceymour,None,MC1_00144,11/10/2024 7:57,Animal,NoahSills,1,Bubulcus ibis ibis,11/10/2024 7:57
MC-1,05/10/2024,26/11/2024,Ceymour,None,MC1_00143,11/10/2024 7:41,Animal,NoahSills,1,Bubulcus ibis ibis,11/10/2024 7:41
MC-1,05/10/2024,26/11/2024,Ceymour,None,MC1_00143,11/10/2024 7:41,Animal,NoahSills,1,Bubulcus ibis ibis,11/10/2024 7:41
MC-1,05/10/2024,26/11/2024,Ceymour,None,MC1_00142,11/10/2024 7:40,Animal,NoahSills,1,Bubulcus ibis ibis,11/10/2024 7:40
MC-1,05/10/2024,26/11/2024,Ceymour,None,MC1_00142,11/10/2024 7:40,Animal,NoahSills,1,Bubulcus ibis ibis,11/10/2024 7:40
MC-1,05/10/2024,26/11/2024,Ceymour,None,MC1_00141,11/10/2024 7:11,Animal,NoahSills,1,Crotophaga ani,11/10/2024 7:11
MC-1,05/10/2024,26/11/2024,Ceymour,None,MC1_00141,11/10/2024 7:11,Animal,NoahSills,1,Crotophaga ani,11/10/2024 7:11
MC-1,05/10/2024,26/11/2024,Ceymour,None,MC1_00140,11/10/2024 6:09,Animal,NoahSills,1,Bubulcus ibis ibis,11/10/2024 6:09
MC-1,05/10/2024,26/11/2024,Ceymour,None,MC1_00140,11/10/2024 6:09,Animal,NoahSills,1,Bubulcus ibis ibis,11/10/2024 6:09
MC-1,05/10/2024,26/11/2024,Ceymour,None,MC1_00139,11/10/2024 6:06,Animal,NoahSills,1,Bubulcus ibis ibis,11/10/2024 6:06
MC-1,05/10/2024,26/11/2024,Ceymour,None,MC1_00139,11/10/2024 6:06,Animal,NoahSills,1,Bubulcus ibis ibis,11/10/2024 6:06
MC-1,05/10/2024,26/11/2024,Ceymour,None,MC1_00138,11/10/2024 6:05,Animal,NoahSills,1,Bubulcus ibis ibis,11/10/2024 6:05
MC-1,05/10/2024,26/11/2024,Ceymour,None,MC1_00138,11/10/2024 6:05,Animal,NoahSills,1,Bubulcus ibis ibis,11/10/2024 6:05
MC-1,05/10/2024,26/11/2024,Ceymour,None,MC1_00137,11/10/2024 6:04,Animal,NoahSills,1,Bubulcus ibis ibis,11/10/2024 6:04
MC-1,05/10/2024,26/11/2024,Ceymour,None,MC1_00137,11/10/2024 6:04,Animal,NoahSills,1,Bubulcus ibis ibis,11/10/2024 6:04
MC-1,05/10/2024,26/11/2024,Ceymour,None,MC1_00136,11/10/2024 5:42,Animal,NoahSills,1,Bubulcus ibis ibis,11/10/2024 5:42
MC-1,05/10/2024,26/11/2024,Ceymour,None,MC1_00136,11/10/2024 5:42,Animal,NoahSills,1,Bubulcus ibis ibis,11/10/2024 5:42
C-2,18/09/2024,31/12/2024,Ceymour,None,C2_00881,11/10/2024 5:22,Animal,NoahSills,1,Dasyprocta leporina,11/10/2024 5:22
MC-5-1,05/10/2024,21/11/2024,Ceymour,None,MC5_1_00005,10/10/2024 21:52,Animal,NoahSills,1,Mazama americana,10/10/2024 21:52
MC-5-1,05/10/2024,21/11/2024,Ceymour,None,MC5_1_00005,10/10/2024 21:52,Animal,NoahSills,1,Mazama americana,10/10/2024 21:52
C-2,18/09/2024,31/12/2024,Ceymour,None,C2_00877,10/10/2024 17:47,Animal,NoahSills,1,Dasyprocta leporina,10/10/2024 17:47
C-2,18/09/2024,31/12/2024,Ceymour,None,C2_00876,10/10/2024 17:43,Animal,NoahSills,1,Dasyprocta leporina,10/10/2024 17:43
C-2,18/09/2024,31/12/2024,Ceymour,None,C2_00875,10/10/2024 16:23,Animal,NoahSills,1,Dasyprocta leporina,10/10/2024 16:23
C-2,18/09/2024,31/12/2024,Ceymour,None,C2_00874,10/10/2024 16:17,Animal,NoahSills,1,Dasyprocta leporina,10/10/2024 16:17
C-2,18/09/2024,31/12/2024,Ceymour,None,C2_00873,10/10/2024 16:08,Animal,NoahSills,1,Dasyprocta leporina,10/10/2024 16:08
C-2,18/09/2024,31/12/2024,Ceymour,None,C2_00872,10/10/2024 15:40,Animal,NoahSills,1,Dasyprocta leporina,10/10/2024 15:40
MC-1,05/10/2024,26/11/2024,Ceymour,None,MC1_00135,10/10/2024 14:10,Animal,NoahSills,1,Bubulcus ibis ibis,10/10/2024 14:10
MC-1,05/10/2024,26/11/2024,Ceymour,None,MC1_00135,10/10/2024 14:10,Animal,NoahSills,1,Bubulcus ibis ibis,10/10/2024 14:10
MC-1,05/10/2024,26/11/2024,Ceymour,None,MC1_00133,10/10/2024 11:44,Animal,NoahSills,1,Bubulcus ibis ibis,10/10/2024 11:44
MC-1,05/10/2024,26/11/2024,Ceymour,None,MC1_00133,10/10/2024 11:44,Animal,NoahSills,1,Bubulcus ibis ibis,10/10/2024 11:44
C-2,18/09/2024,31/12/2024,Ceymour,None,C2_00871,10/10/2024 8:46,Animal,NoahSills,1,Dasyprocta leporina,10/10/2024 8:46
MC-1,05/10/2024,26/11/2024,Ceymour,None,MC1_00132,10/10/2024 8:24,Animal,NoahSills,1,Bubulcus ibis ibis,10/10/2024 8:24
MC-1,05/10/2024,26/11/2024,Ceymour,None,MC1_00132,10/10/2024 8:24,Animal,NoahSills,1,Bubulcus ibis ibis,10/10/2024 8:24
C-2,18/09/2024,31/12/2024,Ceymour,None,C2_00870,10/10/2024 7:51,Animal,NoahSills,1,Dasyprocta leporina,10/10/2024 7:51
MC-1,05/10/2024,26/11/2024,Ceymour,None,MC1_00131,10/10/2024 6:49,Animal,NoahSills,1,Bubulcus ibis ibis,10/10/2024 6:49
MC-1,05/10/2024,26/11/2024,Ceymour,None,MC1_00131,10/10/2024 6:49,Animal,NoahSills,1,Bubulcus ibis ibis,10/10/2024 6:49
C-2,18/09/2024,31/12/2024,Ceymour,None,C2_00869,10/10/2024 6:39,Animal,NoahSills,1,Dasyprocta leporina,10/10/2024 6:39
MC-1,05/10/2024,26/11/2024,Ceymour,None,MC1_00130,10/10/2024 6:34,Animal,NoahSills,1,Bubulcus ibis ibis,10/10/2024 6:34
MC-1,05/10/2024,26/11/2024,Ceymour,None,MC1_00130,10/10/2024 6:34,Animal,NoahSills,1,Bubulcus ibis ibis,10/10/2024 6:34
C-2,18/09/2024,31/12/2024,Ceymour,None,C2_00868,10/10/2024 6:32,Animal,NoahSills,1,Dasyprocta leporina,10/10/2024 6:32
MC-1,05/10/2024,26/11/2024,Ceymour,None,MC1_00129,10/10/2024 6:32,Animal,NoahSills,1,Bubulcus ibis ibis,10/10/2024 6:32
MC-1,05/10/2024,26/11/2024,Ceymour,None,MC1_00129,10/10/2024 6:32,Animal,NoahSills,1,Bubulcus ibis ibis,10/10/2024 6:32
MC-1,05/10/2024,26/11/2024,Ceymour,None,MC1_00128,10/10/2024 6:26,Animal,NoahSills,1,Bubulcus ibis ibis,10/10/2024 6:26
MC-1,05/10/2024,26/11/2024,Ceymour,None,MC1_00128,10/10/2024 6:26,Animal,NoahSills,1,Bubulcus ibis ibis,10/10/2024 6:26
MC-1,05/10/2024,26/11/2024,Ceymour,None,MC1_00127,10/10/2024 6:14,Animal,NoahSills,1,Bubulcus ibis ibis,10/10/2024 6:14
MC-1,05/10/2024,26/11/2024,Ceymour,None,MC1_00127,10/10/2024 6:14,Animal,NoahSills,1,Bubulcus ibis ibis,10/10/2024 6:14
MC-1,05/10/2024,26/11/2024,Ceymour,None,MC1_00126,10/10/2024 6:13,Animal,NoahSills,1,Bubulcus ibis ibis,10/10/2024 6:13
MC-1,05/10/2024,26/11/2024,Ceymour,None,MC1_00126,10/10/2024 6:13,Animal,NoahSills,1,Bubulcus ibis ibis,10/10/2024 6:13
MC-1,05/10/2024,26/11/2024,Ceymour,None,MC1_00125,10/10/2024 6:11,Animal,NoahSills,1,Bubulcus ibis ibis,10/10/2024 6:11
MC-1,05/10/2024,26/11/2024,Ceymour,None,MC1_00125,10/10/2024 6:11,Animal,NoahSills,1,Bubulcus ibis ibis,10/10/2024 6:11
MC-1,05/10/2024,26/11/2024,Ceymour,None,MC1_00124,10/10/2024 6:09,Animal,NoahSills,1,Bubulcus ibis ibis,10/10/2024 6:09
MC-1,05/10/2024,26/11/2024,Ceymour,None,MC1_00124,10/10/2024 6:09,Animal,NoahSills,1,Bubulcus ibis ibis,10/10/2024 6:09
MC-1,05/10/2024,26/11/2024,Ceymour,None,MC1_00123,10/10/2024 5:52,Animal,NoahSills,1,Bubulcus ibis ibis,10/10/2024 5:52
MC-1,05/10/2024,26/11/2024,Ceymour,None,MC1_00123,10/10/2024 5:52,Animal,NoahSills,1,Bubulcus ibis ibis,10/10/2024 5:52
MC-1,05/10/2024,26/11/2024,Ceymour,None,MC1_00122,10/10/2024 5:40,Animal,NoahSills,1,Bubulcus ibis ibis,10/10/2024 5:40
MC-1,05/10/2024,26/11/2024,Ceymour,None,MC1_00122,10/10/2024 5:40,Animal,NoahSills,1,Bubulcus ibis ibis,10/10/2024 5:40
MC-1,05/10/2024,26/11/2024,Ceymour,None,MC1_00121,10/10/2024 5:35,Animal,NoahSills,1,Bubulcus ibis ibis,10/10/2024 5:35
MC-1,05/10/2024,26/11/2024,Ceymour,None,MC1_00121,10/10/2024 5:35,Animal,NoahSills,1,Bubulcus ibis ibis,10/10/2024 5:35
MC-1,05/10/2024,26/11/2024,Ceymour,None,MC1_00120,10/10/2024 5:34,Animal,NoahSills,1,Nycticorax nycticorax,10/10/2024 5:34
MC-1,05/10/2024,26/11/2024,Ceymour,None,MC1_00120,10/10/2024 5:34,Animal,NoahSills,1,Nycticorax nycticorax,10/10/2024 5:34
MC-1,05/10/2024,26/11/2024,Ceymour,None,MC1_00120,10/10/2024 5:34,Animal,NoahSills,1,Bubulcus ibis ibis,10/10/2024 5:34
MC-1,05/10/2024,26/11/2024,Ceymour,None,MC1_00120,10/10/2024 5:34,Animal,NoahSills,1,Bubulcus ibis ibis,10/10/2024 5:34
MC-1,05/10/2024,26/11/2024,Ceymour,None,MC1_00119,10/10/2024 5:33,Animal,NoahSills,1,Bubulcus ibis ibis,10/10/2024 5:33
MC-1,05/10/2024,26/11/2024,Ceymour,None,MC1_00119,10/10/2024 5:33,Animal,NoahSills,1,Bubulcus ibis ibis,10/10/2024 5:33
MC-1,05/10/2024,26/11/2024,Ceymour,None,MC1_00119,10/10/2024 5:33,Animal,NoahSills,1,Nycticorax nycticorax,10/10/2024 5:33
MC-1,05/10/2024,26/11/2024,Ceymour,None,MC1_00119,10/10/2024 5:33,Animal,NoahSills,1,Nycticorax nycticorax,10/10/2024 5:33
MC-1,05/10/2024,26/11/2024,Ceymour,None,MC1_00118,09/10/2024 17:34,Animal,NoahSills,1,Bubulcus ibis ibis,09/10/2024 17:34
MC-1,05/10/2024,26/11/2024,Ceymour,None,MC1_00118,09/10/2024 17:34,Animal,NoahSills,1,Bubulcus ibis ibis,09/10/2024 17:34
MC-1,05/10/2024,26/11/2024,Ceymour,None,MC1_00117,09/10/2024 17:12,Animal,NoahSills,1,Bubulcus ibis ibis,09/10/2024 17:12
MC-1,05/10/2024,26/11/2024,Ceymour,None,MC1_00117,09/10/2024 17:12,Animal,NoahSills,1,Bubulcus ibis ibis,09/10/2024 17:12
MC-1,05/10/2024,26/11/2024,Ceymour,None,MC1_00116,09/10/2024 17:06,Animal,NoahSills,1,Bubulcus ibis ibis,09/10/2024 17:06
MC-1,05/10/2024,26/11/2024,Ceymour,None,MC1_00116,09/10/2024 17:06,Animal,NoahSills,1,Bubulcus ibis ibis,09/10/2024 17:06
MC-1,05/10/2024,26/11/2024,Ceymour,None,MC1_00115,09/10/2024 17:04,Animal,NoahSills,1,Bubulcus ibis ibis,09/10/2024 17:04
MC-1,05/10/2024,26/11/2024,Ceymour,None,MC1_00115,09/10/2024 17:04,Animal,NoahSills,1,Bubulcus ibis ibis,09/10/2024 17:04
MC-1,05/10/2024,26/11/2024,Ceymour,None,MC1_00114,09/10/2024 17:01,Animal,NoahSills,1,Bubulcus ibis ibis,09/10/2024 17:01
MC-1,05/10/2024,26/11/2024,Ceymour,None,MC1_00114,09/10/2024 17:01,Animal,NoahSills,1,Bubulcus ibis ibis,09/10/2024 17:01
MC-1,05/10/2024,26/11/2024,Ceymour,None,MC1_00113,09/10/2024 16:48,Animal,NoahSills,1,Bubulcus ibis ibis,09/10/2024 16:48
MC-1,05/10/2024,26/11/2024,Ceymour,None,MC1_00113,09/10/2024 16:48,Animal,NoahSills,1,Bubulcus ibis ibis,09/10/2024 16:48
MC-1,05/10/2024,26/11/2024,Ceymour,None,MC1_00112,09/10/2024 16:47,Animal,NoahSills,1,Bubulcus ibis ibis,09/10/2024 16:47
MC-1,05/10/2024,26/11/2024,Ceymour,None,MC1_00112,09/10/2024 16:47,Animal,NoahSills,1,Bubulcus ibis ibis,09/10/2024 16:47
C-2,18/09/2024,31/12/2024,Ceymour,None,C2_00861,09/10/2024 16:29,Animal,NoahSills,1,Dasyprocta leporina,09/10/2024 16:29
C-2,18/09/2024,31/12/2024,Ceymour,None,C2_00860,09/10/2024 16:11,Animal,NoahSills,1,Dasyprocta leporina,09/10/2024 16:11
C-2,18/09/2024,31/12/2024,Ceymour,None,C2_00859,09/10/2024 16:09,Animal,NoahSills,1,Dasyprocta leporina,09/10/2024 16:09
C-2,18/09/2024,31/12/2024,Ceymour,None,C2_00858,09/10/2024 16:06,Animal,NoahSills,1,Dasyprocta leporina,09/10/2024 16:06
C-2,18/09/2024,31/12/2024,Ceymour,None,C2_00857,09/10/2024 16:04,Animal,NoahSills,1,Dasyprocta leporina,09/10/2024 16:04
MC-1,05/10/2024,26/11/2024,Ceymour,None,MC1_00111,09/10/2024 15:39,Animal,NoahSills,1,Bubulcus ibis ibis,09/10/2024 15:39
MC-1,05/10/2024,26/11/2024,Ceymour,None,MC1_00111,09/10/2024 15:39,Animal,NoahSills,1,Bubulcus ibis ibis,09/10/2024 15:39
MC-1,05/10/2024,26/11/2024,Ceymour,None,MC1_00110,09/10/2024 15:17,Animal,NoahSills,1,Bubulcus ibis ibis,09/10/2024 15:17
MC-1,05/10/2024,26/11/2024,Ceymour,None,MC1_00110,09/10/2024 15:17,Animal,NoahSills,1,Bubulcus ibis ibis,09/10/2024 15:17
MC-1,05/10/2024,26/11/2024,Ceymour,None,MC1_00109,09/10/2024 15:06,Animal,NoahSills,1,Bubulcus ibis ibis,09/10/2024 15:06
MC-1,05/10/2024,26/11/2024,Ceymour,None,MC1_00109,09/10/2024 15:06,Animal,NoahSills,1,Bubulcus ibis ibis,09/10/2024 15:06
MC-1,05/10/2024,26/11/2024,Ceymour,None,MC1_00108,09/10/2024 13:57,Animal,NoahSills,1,Bubulcus ibis ibis,09/10/2024 13:57
MC-1,05/10/2024,26/11/2024,Ceymour,None,MC1_00108,09/10/2024 13:57,Animal,NoahSills,1,Bubulcus ibis ibis,09/10/2024 13:57
MC-1,05/10/2024,26/11/2024,Ceymour,None,MC1_00106,09/10/2024 13:02,Animal,NoahSills,1,Nycticorax nycticorax,09/10/2024 13:02
MC-1,05/10/2024,26/11/2024,Ceymour,None,MC1_00106,09/10/2024 13:02,Animal,NoahSills,1,Nycticorax nycticorax,09/10/2024 13:02
MC-1,05/10/2024,26/11/2024,Ceymour,None,MC1_00105,09/10/2024 12:47,Animal,NoahSills,1,Nycticorax nycticorax,09/10/2024 12:47
MC-1,05/10/2024,26/11/2024,Ceymour,None,MC1_00105,09/10/2024 12:47,Animal,NoahSills,1,Nycticorax nycticorax,09/10/2024 12:47
MC-1,05/10/2024,26/11/2024,Ceymour,None,MC1_00104,09/10/2024 12:42,Animal,NoahSills,1,Nycticorax nycticorax,09/10/2024 12:42
MC-1,05/10/2024,26/11/2024,Ceymour,None,MC1_00104,09/10/2024 12:42,Animal,NoahSills,1,Nycticorax nycticorax,09/10/2024 12:42
MC-1,05/10/2024,26/11/2024,Ceymour,None,MC1_00103,09/10/2024 12:40,Animal,NoahSills,1,Nycticorax nycticorax,09/10/2024 12:40
MC-1,05/10/2024,26/11/2024,Ceymour,None,MC1_00103,09/10/2024 12:40,Animal,NoahSills,1,Nycticorax nycticorax,09/10/2024 12:40
MC-1,05/10/2024,26/11/2024,Ceymour,None,MC1_00102,09/10/2024 12:39,Animal,NoahSills,1,Nycticorax nycticorax,09/10/2024 12:39
MC-1,05/10/2024,26/11/2024,Ceymour,None,MC1_00102,09/10/2024 12:39,Animal,NoahSills,1,Nycticorax nycticorax,09/10/2024 12:39
MC-1,05/10/2024,26/11/2024,Ceymour,None,MC1_00101,09/10/2024 12:38,Animal,NoahSills,1,Nycticorax nycticorax,09/10/2024 12:38
MC-1,05/10/2024,26/11/2024,Ceymour,None,MC1_00101,09/10/2024 12:38,Animal,NoahSills,1,Nycticorax nycticorax,09/10/2024 12:38
MC-1,05/10/2024,26/11/2024,Ceymour,None,MC1_00100,09/10/2024 12:37,Animal,NoahSills,1,Nycticorax nycticorax,09/10/2024 12:37
MC-1,05/10/2024,26/11/2024,Ceymour,None,MC1_00100,09/10/2024 12:37,Animal,NoahSills,1,Nycticorax nycticorax,09/10/2024 12:37
MC-1,05/10/2024,26/11/2024,Ceymour,None,MC1_00099,09/10/2024 12:35,Animal,NoahSills,1,Nycticorax nycticorax,09/10/2024 12:35
MC-1,05/10/2024,26/11/2024,Ceymour,None,MC1_00099,09/10/2024 12:35,Animal,NoahSills,1,Nycticorax nycticorax,09/10/2024 12:35
MC-1,05/10/2024,26/11/2024,Ceymour,None,MC1_00098,09/10/2024 12:34,Animal,NoahSills,1,Nycticorax nycticorax,09/10/2024 12:34
MC-1,05/10/2024,26/11/2024,Ceymour,None,MC1_00098,09/10/2024 12:34,Animal,NoahSills,1,Nycticorax nycticorax,09/10/2024 12:34
MC-1,05/10/2024,26/11/2024,Ceymour,None,MC1_00097,09/10/2024 12:33,Animal,NoahSills,1,Nycticorax nycticorax,09/10/2024 12:33
MC-1,05/10/2024,26/11/2024,Ceymour,None,MC1_00097,09/10/2024 12:33,Animal,NoahSills,1,Nycticorax nycticorax,09/10/2024 12:33
MC-1,05/10/2024,26/11/2024,Ceymour,None,MC1_00096,09/10/2024 11:03,Animal,NoahSills,1,Bubulcus ibis ibis,09/10/2024 11:03
MC-1,05/10/2024,26/11/2024,Ceymour,None,MC1_00096,09/10/2024 11:03,Animal,NoahSills,1,Bubulcus ibis ibis,09/10/2024 11:03
MC-1,05/10/2024,26/11/2024,Ceymour,None,MC1_00095,09/10/2024 10:38,Animal,NoahSills,1,Nycticorax nycticorax,09/10/2024 10:38
MC-1,05/10/2024,26/11/2024,Ceymour,None,MC1_00095,09/10/2024 10:38,Animal,NoahSills,1,Nycticorax nycticorax,09/10/2024 10:38
MC-1,05/10/2024,26/11/2024,Ceymour,None,MC1_00094,09/10/2024 10:34,Animal,NoahSills,1,Nycticorax nycticorax,09/10/2024 10:34
MC-1,05/10/2024,26/11/2024,Ceymour,None,MC1_00094,09/10/2024 10:34,Animal,NoahSills,1,Nycticorax nycticorax,09/10/2024 10:34
MC-1,05/10/2024,26/11/2024,Ceymour,None,MC1_00093,09/10/2024 8:41,Animal,NoahSills,1,Crotophaga ani,09/10/2024 8:41
MC-1,05/10/2024,26/11/2024,Ceymour,None,MC1_00093,09/10/2024 8:41,Animal,NoahSills,1,Crotophaga ani,09/10/2024 8:41
MC-1,05/10/2024,26/11/2024,Ceymour,None,MC1_00092,09/10/2024 8:28,Animal,NoahSills,1,Crotophaga ani,09/10/2024 8:28
MC-1,05/10/2024,26/11/2024,Ceymour,None,MC1_00092,09/10/2024 8:28,Animal,NoahSills,1,Crotophaga ani,09/10/2024 8:28
MC-2-1,05/10/2024,26/11/2024,Ceymour,None,MC2_1_00008,09/10/2024 8:11,Animal,NoahSills,2,Ortalis motmot,09/10/2024 8:11
MC-2-1,05/10/2024,26/11/2024,Ceymour,None,MC2_1_00008,09/10/2024 8:11,Animal,NoahSills,2,Ortalis motmot,09/10/2024 8:11
C-2,18/09/2024,31/12/2024,Ceymour,None,C2_00855,09/10/2024 7:58,Animal,NoahSills,1,Dasyprocta leporina,09/10/2024 7:58
MC-1,05/10/2024,26/11/2024,Ceymour,None,MC1_00091,09/10/2024 6:42,Animal,NoahSills,1,Crotophaga ani,09/10/2024 6:42
MC-1,05/10/2024,26/11/2024,Ceymour,None,MC1_00091,09/10/2024 6:42,Animal,NoahSills,1,Crotophaga ani,09/10/2024 6:42
C-2,18/09/2024,31/12/2024,Ceymour,None,C2_00853,09/10/2024 6:39,Animal,NoahSills,1,Dasyprocta leporina,09/10/2024 6:39
MC-1,05/10/2024,26/11/2024,Ceymour,None,MC1_00090,09/10/2024 6:28,Animal,NoahSills,1,Bubulcus ibis ibis,09/10/2024 6:28
MC-1,05/10/2024,26/11/2024,Ceymour,None,MC1_00090,09/10/2024 6:28,Animal,NoahSills,1,Bubulcus ibis ibis,09/10/2024 6:28
C-2,18/09/2024,31/12/2024,Ceymour,None,C2_00852,09/10/2024 6:22,Animal,NoahSills,1,Dasyprocta leporina,09/10/2024 6:22
C-2,18/09/2024,31/12/2024,Ceymour,None,C2_00851,09/10/2024 6:18,Animal,NoahSills,1,Dasyprocta leporina,09/10/2024 6:18
MC-1,05/10/2024,26/11/2024,Ceymour,None,MC1_00089,09/10/2024 5:55,Animal,NoahSills,1,Bubulcus ibis ibis,09/10/2024 5:55
MC-1,05/10/2024,26/11/2024,Ceymour,None,MC1_00089,09/10/2024 5:55,Animal,NoahSills,1,Bubulcus ibis ibis,09/10/2024 5:55
C-2,18/09/2024,31/12/2024,Ceymour,None,C2_00848,09/10/2024 5:53,Animal,NoahSills,1,Dasyprocta leporina,09/10/2024 5:53
C-2,18/09/2024,31/12/2024,Ceymour,None,C2_00839,09/10/2024 5:35,Animal,NoahSills,1,Dasyprocta leporina,09/10/2024 5:35
MC-1,05/10/2024,26/11/2024,Ceymour,None,MC1_00088,09/10/2024 5:00,Animal,NoahSills,1,Bubulcus ibis ibis,09/10/2024 5:00
MC-1,05/10/2024,26/11/2024,Ceymour,None,MC1_00088,09/10/2024 5:00,Animal,NoahSills,1,Bubulcus ibis ibis,09/10/2024 5:00
MC-1,05/10/2024,26/11/2024,Ceymour,None,MC1_00087,08/10/2024 20:13,Animal,NoahSills,1,Bubulcus ibis ibis,08/10/2024 20:13
MC-1,05/10/2024,26/11/2024,Ceymour,None,MC1_00087,08/10/2024 20:13,Animal,NoahSills,1,Bubulcus ibis ibis,08/10/2024 20:13
C-2,18/09/2024,31/12/2024,Ceymour,None,C2_00834,08/10/2024 17:44,Animal,NoahSills,1,Dasyprocta leporina,08/10/2024 17:44
C-2,18/09/2024,31/12/2024,Ceymour,None,C2_00833,08/10/2024 17:36,Animal,NoahSills,1,Dasyprocta leporina,08/10/2024 17:36
C-2,18/09/2024,31/12/2024,Ceymour,None,C2_00830,08/10/2024 17:14,Animal,NoahSills,1,Dasyprocta leporina,08/10/2024 17:14
C-2,18/09/2024,31/12/2024,Ceymour,None,C2_00827,08/10/2024 17:10,Animal,NoahSills,1,Dasyprocta leporina,08/10/2024 17:10
C-2,18/09/2024,31/12/2024,Ceymour,None,C2_00828,08/10/2024 17:10,Animal,NoahSills,1,Dasyprocta leporina,08/10/2024 17:10
C-2,18/09/2024,31/12/2024,Ceymour,None,C2_00823,08/10/2024 16:58,Animal,NoahSills,1,Dasyprocta leporina,08/10/2024 16:58
MC-1,05/10/2024,26/11/2024,Ceymour,None,MC1_00086,08/10/2024 16:25,Animal,NoahSills,1,Bubulcus ibis ibis,08/10/2024 16:25
MC-1,05/10/2024,26/11/2024,Ceymour,None,MC1_00086,08/10/2024 16:25,Animal,NoahSills,1,Bubulcus ibis ibis,08/10/2024 16:25
MC-1,05/10/2024,26/11/2024,Ceymour,None,MC1_00085,08/10/2024 16:24,Animal,NoahSills,1,Bubulcus ibis ibis,08/10/2024 16:24
MC-1,05/10/2024,26/11/2024,Ceymour,None,MC1_00085,08/10/2024 16:24,Animal,NoahSills,1,Bubulcus ibis ibis,08/10/2024 16:24
MC-1,05/10/2024,26/11/2024,Ceymour,None,MC1_00084,08/10/2024 16:23,Animal,NoahSills,1,Bubulcus ibis ibis,08/10/2024 16:23
MC-1,05/10/2024,26/11/2024,Ceymour,None,MC1_00084,08/10/2024 16:23,Animal,NoahSills,1,Bubulcus ibis ibis,08/10/2024 16:23
MC-1,05/10/2024,26/11/2024,Ceymour,None,MC1_00082,08/10/2024 14:54,Animal,NoahSills,1,Crotophaga ani,08/10/2024 14:54
MC-1,05/10/2024,26/11/2024,Ceymour,None,MC1_00082,08/10/2024 14:54,Animal,NoahSills,1,Crotophaga ani,08/10/2024 14:54
MC-1,05/10/2024,26/11/2024,Ceymour,None,MC1_00080,08/10/2024 8:56,Animal,NoahSills,1,Bubulcus ibis ibis,08/10/2024 8:56
MC-1,05/10/2024,26/11/2024,Ceymour,None,MC1_00080,08/10/2024 8:56,Animal,NoahSills,1,Bubulcus ibis ibis,08/10/2024 8:56
MC-1,05/10/2024,26/11/2024,Ceymour,None,MC1_00079,08/10/2024 8:43,Animal,NoahSills,1,Bubulcus ibis ibis,08/10/2024 8:43
MC-1,05/10/2024,26/11/2024,Ceymour,None,MC1_00079,08/10/2024 8:43,Animal,NoahSills,1,Bubulcus ibis ibis,08/10/2024 8:43
MC-1,05/10/2024,26/11/2024,Ceymour,None,MC1_00078,08/10/2024 8:20,Animal,NoahSills,1,Bubulcus ibis ibis,08/10/2024 8:20
MC-1,05/10/2024,26/11/2024,Ceymour,None,MC1_00078,08/10/2024 8:20,Animal,NoahSills,1,Bubulcus ibis ibis,08/10/2024 8:20
MC-1,05/10/2024,26/11/2024,Ceymour,None,MC1_00077,08/10/2024 8:19,Animal,NoahSills,1,Bubulcus ibis ibis,08/10/2024 8:19
MC-1,05/10/2024,26/11/2024,Ceymour,None,MC1_00077,08/10/2024 8:19,Animal,NoahSills,1,Bubulcus ibis ibis,08/10/2024 8:19
MC-1,05/10/2024,26/11/2024,Ceymour,None,MC1_00076,08/10/2024 8:05,Animal,NoahSills,1,Bubulcus ibis ibis,08/10/2024 8:05
MC-1,05/10/2024,26/11/2024,Ceymour,None,MC1_00076,08/10/2024 8:05,Animal,NoahSills,1,Bubulcus ibis ibis,08/10/2024 8:05
MC-1,05/10/2024,26/11/2024,Ceymour,None,MC1_00075,08/10/2024 8:01,Animal,NoahSills,1,Bubulcus ibis ibis,08/10/2024 8:01
MC-1,05/10/2024,26/11/2024,Ceymour,None,MC1_00075,08/10/2024 8:01,Animal,NoahSills,1,Bubulcus ibis ibis,08/10/2024 8:01
MC-1,05/10/2024,26/11/2024,Ceymour,None,MC1_00074,08/10/2024 7:59,Animal,NoahSills,1,Bubulcus ibis ibis,08/10/2024 7:59
MC-1,05/10/2024,26/11/2024,Ceymour,None,MC1_00074,08/10/2024 7:59,Animal,NoahSills,1,Bubulcus ibis ibis,08/10/2024 7:59
MC-1,05/10/2024,26/11/2024,Ceymour,None,MC1_00073,08/10/2024 7:58,Animal,NoahSills,1,Bubulcus ibis ibis,08/10/2024 7:58
MC-1,05/10/2024,26/11/2024,Ceymour,None,MC1_00073,08/10/2024 7:58,Animal,NoahSills,1,Bubulcus ibis ibis,08/10/2024 7:58
MC-1,05/10/2024,26/11/2024,Ceymour,None,MC1_00072,08/10/2024 7:57,Animal,NoahSills,1,Bubulcus ibis ibis,08/10/2024 7:57
MC-1,05/10/2024,26/11/2024,Ceymour,None,MC1_00072,08/10/2024 7:57,Animal,NoahSills,1,Bubulcus ibis ibis,08/10/2024 7:57
MC-1,05/10/2024,26/11/2024,Ceymour,None,MC1_00071,08/10/2024 7:56,Animal,NoahSills,1,Bubulcus ibis ibis,08/10/2024 7:56
MC-1,05/10/2024,26/11/2024,Ceymour,None,MC1_00071,08/10/2024 7:56,Animal,NoahSills,1,Bubulcus ibis ibis,08/10/2024 7:56
MC-1,05/10/2024,26/11/2024,Ceymour,None,MC1_00070,08/10/2024 7:55,Animal,NoahSills,1,Bubulcus ibis ibis,08/10/2024 7:55
MC-1,05/10/2024,26/11/2024,Ceymour,None,MC1_00070,08/10/2024 7:55,Animal,NoahSills,1,Bubulcus ibis ibis,08/10/2024 7:55
MC-1,05/10/2024,26/11/2024,Ceymour,None,MC1_00069,08/10/2024 7:54,Animal,NoahSills,1,Bubulcus ibis ibis,08/10/2024 7:54
MC-1,05/10/2024,26/11/2024,Ceymour,None,MC1_00069,08/10/2024 7:54,Animal,NoahSills,1,Bubulcus ibis ibis,08/10/2024 7:54
MC-1,05/10/2024,26/11/2024,Ceymour,None,MC1_00068,08/10/2024 7:50,Animal,NoahSills,1,Bubulcus ibis ibis,08/10/2024 7:50
MC-1,05/10/2024,26/11/2024,Ceymour,None,MC1_00068,08/10/2024 7:50,Animal,NoahSills,1,Bubulcus ibis ibis,08/10/2024 7:50
MC-1,05/10/2024,26/11/2024,Ceymour,None,MC1_00067,08/10/2024 7:49,Animal,NoahSills,1,Bubulcus ibis ibis,08/10/2024 7:49
MC-1,05/10/2024,26/11/2024,Ceymour,None,MC1_00067,08/10/2024 7:49,Animal,NoahSills,1,Bubulcus ibis ibis,08/10/2024 7:49
MC-1,05/10/2024,26/11/2024,Ceymour,None,MC1_00066,08/10/2024 7:47,Animal,NoahSills,1,Bubulcus ibis ibis,08/10/2024 7:47
MC-1,05/10/2024,26/11/2024,Ceymour,None,MC1_00066,08/10/2024 7:47,Animal,NoahSills,1,Bubulcus ibis ibis,08/10/2024 7:47
MC-1,05/10/2024,26/11/2024,Ceymour,None,MC1_00065,08/10/2024 7:38,Animal,NoahSills,1,Bubulcus ibis ibis,08/10/2024 7:38
MC-1,05/10/2024,26/11/2024,Ceymour,None,MC1_00065,08/10/2024 7:38,Animal,NoahSills,1,Bubulcus ibis ibis,08/10/2024 7:38
C-2,18/09/2024,31/12/2024,Ceymour,None,C2_00821,08/10/2024 6:11,Animal,NoahSills,1,Dasyprocta leporina,08/10/2024 6:11
MC-1,05/10/2024,26/11/2024,Ceymour,None,MC1_00064,08/10/2024 5:56,Animal,NoahSills,1,Bubulcus ibis ibis,08/10/2024 5:56
MC-1,05/10/2024,26/11/2024,Ceymour,None,MC1_00064,08/10/2024 5:56,Animal,NoahSills,1,Bubulcus ibis ibis,08/10/2024 5:56
MC-1,05/10/2024,26/11/2024,Ceymour,None,MC1_00063,08/10/2024 5:34,Animal,NoahSills,1,Bubulcus ibis ibis,08/10/2024 5:34
MC-1,05/10/2024,26/11/2024,Ceymour,None,MC1_00063,08/10/2024 5:34,Animal,NoahSills,1,Bubulcus ibis ibis,08/10/2024 5:34
C-2,18/09/2024,31/12/2024,Ceymour,None,C2_00820,08/10/2024 5:28,Animal,NoahSills,1,Dasyprocta leporina,08/10/2024 5:28
C-2,18/09/2024,31/12/2024,Ceymour,None,C2_00813,07/10/2024 17:48,Animal,NoahSills,1,Dasyprocta leporina,07/10/2024 17:48
C-2,18/09/2024,31/12/2024,Ceymour,None,C2_00812,07/10/2024 17:47,Animal,NoahSills,1,Dasyprocta leporina,07/10/2024 17:47
MC-1,05/10/2024,26/11/2024,Ceymour,None,MC1_00062,07/10/2024 17:47,Animal,NoahSills,1,Bubulcus ibis ibis,07/10/2024 17:47
MC-1,05/10/2024,26/11/2024,Ceymour,None,MC1_00062,07/10/2024 17:47,Animal,NoahSills,1,Bubulcus ibis ibis,07/10/2024 17:47
MC-1,05/10/2024,26/11/2024,Ceymour,None,MC1_00061,07/10/2024 15:31,Animal,NoahSills,1,Nycticorax nycticorax,07/10/2024 15:31
MC-1,05/10/2024,26/11/2024,Ceymour,None,MC1_00061,07/10/2024 15:31,Animal,NoahSills,1,Nycticorax nycticorax,07/10/2024 15:31
C-2,18/09/2024,31/12/2024,Ceymour,None,C2_00801,07/10/2024 15:19,Animal,NoahSills,1,Dasyprocta leporina,07/10/2024 15:19
MC-1,05/10/2024,26/11/2024,Ceymour,None,MC1_00060,07/10/2024 13:22,Animal,NoahSills,1,Bubulcus ibis ibis,07/10/2024 13:22
MC-1,05/10/2024,26/11/2024,Ceymour,None,MC1_00060,07/10/2024 13:22,Animal,NoahSills,1,Bubulcus ibis ibis,07/10/2024 13:22
C-2,18/09/2024,31/12/2024,Ceymour,None,C2_00800,07/10/2024 5:49,Animal,NoahSills,1,Dasyprocta leporina,07/10/2024 5:49
C-2,18/09/2024,31/12/2024,Ceymour,None,C2_00799,07/10/2024 5:48,Animal,NoahSills,1,Dasyprocta leporina,07/10/2024 5:48
MC-1,05/10/2024,26/11/2024,Ceymour,None,MC1_00059,07/10/2024 5:42,Animal,NoahSills,1,Bubulcus ibis ibis,07/10/2024 5:42
MC-1,05/10/2024,26/11/2024,Ceymour,None,MC1_00059,07/10/2024 5:42,Animal,NoahSills,1,Bubulcus ibis ibis,07/10/2024 5:42
C-2,18/09/2024,31/12/2024,Ceymour,None,C2_00798,07/10/2024 5:26,Animal,NoahSills,1,Dasyprocta leporina,07/10/2024 5:26
MC-5-1,05/10/2024,21/11/2024,Ceymour,None,MC5_1_00004,06/10/2024 22:35,Animal,NoahSills,1,Proechimys guyannensis,06/10/2024 22:35
MC-5-1,05/10/2024,21/11/2024,Ceymour,None,MC5_1_00004,06/10/2024 22:35,Animal,NoahSills,1,Proechimys guyannensis,06/10/2024 22:35
MC-5-1,05/10/2024,21/11/2024,Ceymour,None,MC5_1_00003,06/10/2024 22:09,Animal,NoahSills,1,Proechimys guyannensis,06/10/2024 22:09
MC-5-1,05/10/2024,21/11/2024,Ceymour,None,MC5_1_00003,06/10/2024 22:09,Animal,NoahSills,1,Proechimys guyannensis,06/10/2024 22:09
MC-5-1,05/10/2024,21/11/2024,Ceymour,None,MC5_1_00002,06/10/2024 21:57,Animal,NoahSills,1,Proechimys guyannensis,06/10/2024 21:57
MC-5-1,05/10/2024,21/11/2024,Ceymour,None,MC5_1_00002,06/10/2024 21:57,Animal,NoahSills,1,Proechimys guyannensis,06/10/2024 21:57
MC-1,05/10/2024,26/11/2024,Ceymour,None,MC1_00058,06/10/2024 17:53,Animal,NoahSills,1,Bubulcus ibis ibis,06/10/2024 17:53
MC-1,05/10/2024,26/11/2024,Ceymour,None,MC1_00058,06/10/2024 17:53,Animal,NoahSills,1,Bubulcus ibis ibis,06/10/2024 17:53
C-2,18/09/2024,31/12/2024,Ceymour,None,C2_00793,06/10/2024 17:52,Animal,NoahSills,1,Dasyprocta leporina,06/10/2024 17:52
C-2,18/09/2024,31/12/2024,Ceymour,None,C2_00792,06/10/2024 17:45,Animal,NoahSills,1,Dasyprocta leporina,06/10/2024 17:45
C-2,18/09/2024,31/12/2024,Ceymour,None,C2_00789,06/10/2024 17:17,Animal,NoahSills,1,Dasyprocta leporina,06/10/2024 17:17
C-2,18/09/2024,31/12/2024,Ceymour,None,C2_00788,06/10/2024 17:13,Animal,NoahSills,1,Dasyprocta leporina,06/10/2024 17:13
C-2,18/09/2024,31/12/2024,Ceymour,None,C2_00786,06/10/2024 16:59,Animal,NoahSills,1,Dasyprocta leporina,06/10/2024 16:59
C-2,18/09/2024,31/12/2024,Ceymour,None,C2_00785,06/10/2024 16:46,Animal,NoahSills,1,Dasyprocta leporina,06/10/2024 16:46
C-2,18/09/2024,31/12/2024,Ceymour,None,C2_00784,06/10/2024 16:17,Animal,NoahSills,1,Dasyprocta leporina,06/10/2024 16:17
MC-2-1,05/10/2024,26/11/2024,Ceymour,None,MC2_1_00006,06/10/2024 15:38,Animal,NoahSills,1,Thraupis episcopus,06/10/2024 15:38
MC-2-1,05/10/2024,26/11/2024,Ceymour,None,MC2_1_00006,06/10/2024 15:38,Animal,NoahSills,1,Thraupis episcopus,06/10/2024 15:38
MC-1,05/10/2024,26/11/2024,Ceymour,None,MC1_00057,06/10/2024 14:33,Animal,NoahSills,1,Nycticorax nycticorax,06/10/2024 14:33
MC-1,05/10/2024,26/11/2024,Ceymour,None,MC1_00057,06/10/2024 14:33,Animal,NoahSills,1,Nycticorax nycticorax,06/10/2024 14:33
MC-1,05/10/2024,26/11/2024,Ceymour,None,MC1_00056,06/10/2024 12:30,Animal,NoahSills,1,Nycticorax nycticorax,06/10/2024 12:30
MC-1,05/10/2024,26/11/2024,Ceymour,None,MC1_00056,06/10/2024 12:30,Animal,NoahSills,1,Nycticorax nycticorax,06/10/2024 12:30
MC-1,05/10/2024,26/11/2024,Ceymour,None,MC1_00055,06/10/2024 6:49,Animal,NoahSills,1,Crotophaga ani,06/10/2024 6:49
MC-1,05/10/2024,26/11/2024,Ceymour,None,MC1_00055,06/10/2024 6:49,Animal,NoahSills,1,Crotophaga ani,06/10/2024 6:49
MC-1,05/10/2024,26/11/2024,Ceymour,None,MC1_00054,06/10/2024 6:48,Animal,NoahSills,1,Crotophaga ani,06/10/2024 6:48
MC-1,05/10/2024,26/11/2024,Ceymour,None,MC1_00054,06/10/2024 6:48,Animal,NoahSills,1,Crotophaga ani,06/10/2024 6:48
MC-1,05/10/2024,26/11/2024,Ceymour,None,MC1_00053,06/10/2024 6:03,Animal,NoahSills,1,Bubulcus ibis ibis,06/10/2024 6:03
MC-1,05/10/2024,26/11/2024,Ceymour,None,MC1_00053,06/10/2024 6:03,Animal,NoahSills,1,Bubulcus ibis ibis,06/10/2024 6:03
MC-1,05/10/2024,26/11/2024,Ceymour,None,MC1_00051,06/10/2024 5:39,Animal,NoahSills,1,Bubulcus ibis ibis,06/10/2024 5:39
MC-1,05/10/2024,26/11/2024,Ceymour,None,MC1_00051,06/10/2024 5:39,Animal,NoahSills,1,Bubulcus ibis ibis,06/10/2024 5:39
C-2,18/09/2024,31/12/2024,Ceymour,None,C2_00774,06/10/2024 5:33,Animal,NoahSills,1,Dasyprocta leporina,06/10/2024 5:33
MC-1,05/10/2024,26/11/2024,Ceymour,None,MC1_00050,06/10/2024 5:33,Animal,NoahSills,1,Bubulcus ibis ibis,06/10/2024 5:33
MC-1,05/10/2024,26/11/2024,Ceymour,None,MC1_00050,06/10/2024 5:33,Animal,NoahSills,1,Bubulcus ibis ibis,06/10/2024 5:33
MC-1,05/10/2024,26/11/2024,Ceymour,None,MC1_00049,06/10/2024 5:32,Animal,NoahSills,1,Bubulcus ibis ibis,06/10/2024 5:32
MC-1,05/10/2024,26/11/2024,Ceymour,None,MC1_00049,06/10/2024 5:32,Animal,NoahSills,1,Bubulcus ibis ibis,06/10/2024 5:32
C-1,18/09/2024,31/12/2024,Ceymour,None,C1_00075,06/10/2024 2:27,Animal,NoahSills,1,Cuniculus paca,06/10/2024 2:27
C-1,18/09/2024,31/12/2024,Ceymour,None,C1_00074,05/10/2024 19:21,Animal,NoahSills,1,Cuniculus paca,05/10/2024 19:21
MC-1,05/10/2024,26/11/2024,Ceymour,None,MC1_00048,05/10/2024 17:39,Animal,NoahSills,1,Bubulcus ibis ibis,05/10/2024 17:39
MC-1,05/10/2024,26/11/2024,Ceymour,None,MC1_00048,05/10/2024 17:39,Animal,NoahSills,1,Bubulcus ibis ibis,05/10/2024 17:39
C-2,18/09/2024,31/12/2024,Ceymour,None,C2_00768,05/10/2024 17:21,Animal,NoahSills,1,Dasyprocta leporina,05/10/2024 17:21
MC-1,05/10/2024,26/11/2024,Ceymour,None,MC1_00047,05/10/2024 13:06,Animal,NoahSills,1,Nycticorax nycticorax,05/10/2024 13:06
MC-1,05/10/2024,26/11/2024,Ceymour,None,MC1_00047,05/10/2024 13:06,Animal,NoahSills,1,Nycticorax nycticorax,05/10/2024 13:06
MC-1,05/10/2024,26/11/2024,Ceymour,None,MC1_00046,05/10/2024 11:13,Animal,NoahSills,1,Troglodytes aedon,05/10/2024 11:13
MC-1,05/10/2024,26/11/2024,Ceymour,None,MC1_00046,05/10/2024 11:13,Animal,NoahSills,1,Troglodytes aedon,05/10/2024 11:13
C-2,18/09/2024,31/12/2024,Ceymour,None,C2_00767,05/10/2024 8:19,Animal,NoahSills,1,Dasyprocta leporina,05/10/2024 8:19
C-2,18/09/2024,31/12/2024,Ceymour,None,C2_00766,05/10/2024 8:12,Animal,NoahSills,1,Dasyprocta leporina,05/10/2024 8:12
C-2,18/09/2024,31/12/2024,Ceymour,None,C2_00764,05/10/2024 6:59,Animal,NoahSills,1,Dasyprocta leporina,05/10/2024 6:59
C-2,18/09/2024,31/12/2024,Ceymour,None,C2_00763,05/10/2024 6:57,Animal,NoahSills,1,Dasyprocta leporina,05/10/2024 6:57
C-2,18/09/2024,31/12/2024,Ceymour,None,C2_00762,05/10/2024 5:50,Animal,NoahSills,1,Dasyprocta leporina,05/10/2024 5:50
C-2,18/09/2024,31/12/2024,Ceymour,None,C2_00761,05/10/2024 5:39,Animal,NoahSills,1,Dasyprocta leporina,05/10/2024 5:39
MC-1,05/10/2024,26/11/2024,Ceymour,None,MC1_00036,05/10/2024 5:38,Animal,NoahSills,1,Nycticorax nycticorax,05/10/2024 5:38
MC-1,05/10/2024,26/11/2024,Ceymour,None,MC1_00036,05/10/2024 5:38,Animal,NoahSills,1,Nycticorax nycticorax,05/10/2024 5:38
MC-1,05/10/2024,26/11/2024,Ceymour,None,MC1_00036,05/10/2024 5:38,Animal,NoahSills,1,Bubulcus ibis ibis,05/10/2024 5:38
MC-1,05/10/2024,26/11/2024,Ceymour,None,MC1_00036,05/10/2024 5:38,Animal,NoahSills,1,Bubulcus ibis ibis,05/10/2024 5:38
C-2,18/09/2024,31/12/2024,Ceymour,None,C2_00758,04/10/2024 17:42,Animal,NoahSills,1,Dasyprocta leporina,04/10/2024 17:42
C-2,18/09/2024,31/12/2024,Ceymour,None,C2_00757,04/10/2024 17:35,Animal,NoahSills,1,Dasyprocta leporina,04/10/2024 17:35
C-2,18/09/2024,31/12/2024,Ceymour,None,C2_00750,04/10/2024 16:49,Animal,NoahSills,1,Dasyprocta leporina,04/10/2024 16:49
C-2,18/09/2024,31/12/2024,Ceymour,None,C2_00748,04/10/2024 16:44,Animal,NoahSills,1,Dasyprocta leporina,04/10/2024 16:44
C-2,18/09/2024,31/12/2024,Ceymour,None,C2_00745,04/10/2024 16:29,Animal,NoahSills,1,Dasyprocta leporina,04/10/2024 16:29
C-2,18/09/2024,31/12/2024,Ceymour,None,C2_00744,04/10/2024 16:27,Animal,NoahSills,1,Dasyprocta leporina,04/10/2024 16:27
C-2,18/09/2024,31/12/2024,Ceymour,None,C2_00742,04/10/2024 16:25,Animal,NoahSills,1,Dasyprocta leporina,04/10/2024 16:25
C-2,18/09/2024,31/12/2024,Ceymour,None,C2_00738,04/10/2024 16:06,Animal,NoahSills,1,Dasyprocta leporina,04/10/2024 16:06
C-2,18/09/2024,31/12/2024,Ceymour,None,C2_00736,04/10/2024 15:15,Animal,NoahSills,1,Dasyprocta leporina,04/10/2024 15:15
C-2,18/09/2024,31/12/2024,Ceymour,None,C2_00735,04/10/2024 12:27,Animal,NoahSills,1,Dasyprocta leporina,04/10/2024 12:27
C-2,18/09/2024,31/12/2024,Ceymour,None,C2_00730,03/10/2024 17:49,Animal,NoahSills,1,Dasyprocta leporina,03/10/2024 17:49
C-2,18/09/2024,31/12/2024,Ceymour,None,C2_00728,03/10/2024 16:22,Animal,NoahSills,1,Dasyprocta leporina,03/10/2024 16:22
C-2,18/09/2024,31/12/2024,Ceymour,None,C2_00727,03/10/2024 15:39,Animal,NoahSills,1,Dasyprocta leporina,03/10/2024 15:39
C-2,18/09/2024,31/12/2024,Ceymour,None,C2_00726,03/10/2024 15:35,Animal,NoahSills,1,Dasyprocta leporina,03/10/2024 15:35
C-2,18/09/2024,31/12/2024,Ceymour,None,C2_00724,03/10/2024 12:00,Animal,NoahSills,1,Dasyprocta leporina,03/10/2024 12:00
C-2,18/09/2024,31/12/2024,Ceymour,None,C2_00723,03/10/2024 11:58,Animal,NoahSills,1,Dasyprocta leporina,03/10/2024 11:58
C-2,18/09/2024,31/12/2024,Ceymour,None,C2_00722,03/10/2024 11:55,Animal,NoahSills,1,Dasyprocta leporina,03/10/2024 11:55
C-2,18/09/2024,31/12/2024,Ceymour,None,C2_00721,03/10/2024 11:54,Animal,NoahSills,1,Dasyprocta leporina,03/10/2024 11:54
C-2,18/09/2024,31/12/2024,Ceymour,None,C2_00720,03/10/2024 11:50,Animal,NoahSills,1,Dasyprocta leporina,03/10/2024 11:50
C-2,18/09/2024,31/12/2024,Ceymour,None,C2_00718,03/10/2024 8:17,Animal,NoahSills,1,Dasyprocta leporina,03/10/2024 8:17
C-2,18/09/2024,31/12/2024,Ceymour,None,C2_00717,03/10/2024 7:58,Animal,NoahSills,1,Dasyprocta leporina,03/10/2024 7:58
C-2,18/09/2024,31/12/2024,Ceymour,None,C2_00716,03/10/2024 7:56,Animal,NoahSills,1,Dasyprocta leporina,03/10/2024 7:56
C-2,18/09/2024,31/12/2024,Ceymour,None,C2_00706,03/10/2024 6:35,Animal,NoahSills,1,Dasyprocta leporina,03/10/2024 6:35
C-2,18/09/2024,31/12/2024,Ceymour,None,C2_00705,03/10/2024 6:25,Animal,NoahSills,1,Dasyprocta leporina,03/10/2024 6:25
C-2,18/09/2024,31/12/2024,Ceymour,None,C2_00704,03/10/2024 6:09,Animal,NoahSills,1,Dasyprocta leporina,03/10/2024 6:09
C-2,18/09/2024,31/12/2024,Ceymour,None,C2_00695,03/10/2024 5:47,Animal,NoahSills,1,Dasyprocta leporina,03/10/2024 5:47
C-2,18/09/2024,31/12/2024,Ceymour,None,C2_00685,02/10/2024 16:59,Animal,NoahSills,1,Dasyprocta leporina,02/10/2024 16:59
C-2,18/09/2024,31/12/2024,Ceymour,None,C2_00684,02/10/2024 16:51,Animal,NoahSills,1,Dasyprocta leporina,02/10/2024 16:51
C-2,18/09/2024,31/12/2024,Ceymour,None,C2_00683,02/10/2024 16:40,Animal,NoahSills,1,Dasyprocta leporina,02/10/2024 16:40
C-2,18/09/2024,31/12/2024,Ceymour,None,C2_00681,02/10/2024 16:14,Animal,NoahSills,1,Dasyprocta leporina,02/10/2024 16:14
C-2,18/09/2024,31/12/2024,Ceymour,None,C2_00680,02/10/2024 6:33,Animal,NoahSills,1,Dasyprocta leporina,02/10/2024 6:33
C-2,18/09/2024,31/12/2024,Ceymour,None,C2_00679,02/10/2024 6:14,Animal,NoahSills,1,Dasyprocta leporina,02/10/2024 6:14
C-2,18/09/2024,31/12/2024,Ceymour,None,C2_00678,02/10/2024 5:56,Animal,NoahSills,1,Dasyprocta leporina,02/10/2024 5:56
C-2,18/09/2024,31/12/2024,Ceymour,None,C2_00677,02/10/2024 5:31,Animal,NoahSills,1,Dasyprocta leporina,02/10/2024 5:31
C-2,18/09/2024,31/12/2024,Ceymour,None,C2_00676,02/10/2024 5:29,Animal,NoahSills,1,Dasyprocta leporina,02/10/2024 5:29
C-2,18/09/2024,31/12/2024,Ceymour,None,C2_00673,02/10/2024 5:23,Animal,NoahSills,1,Dasyprocta leporina,02/10/2024 5:23
C-2,18/09/2024,31/12/2024,Ceymour,None,C2_00672,02/10/2024 5:22,Animal,NoahSills,1,Dasyprocta leporina,02/10/2024 5:22
C-1,18/09/2024,31/12/2024,Ceymour,None,C1_00073,02/10/2024 3:01,Animal,NoahSills,1,Cuniculus paca,02/10/2024 3:01
C-2,18/09/2024,31/12/2024,Ceymour,None,C2_00664,01/10/2024 17:50,Animal,NoahSills,1,Dasyprocta leporina,01/10/2024 17:50
C-2,18/09/2024,31/12/2024,Ceymour,None,C2_00662,01/10/2024 17:31,Animal,NoahSills,1,Dasyprocta leporina,01/10/2024 17:31
C-2,18/09/2024,31/12/2024,Ceymour,None,C2_00660,01/10/2024 17:24,Animal,NoahSills,1,Dasyprocta leporina,01/10/2024 17:24
C-2,18/09/2024,31/12/2024,Ceymour,None,C2_00659,01/10/2024 17:22,Animal,NoahSills,1,Dasyprocta leporina,01/10/2024 17:22
C-2,18/09/2024,31/12/2024,Ceymour,None,C2_00657,01/10/2024 16:58,Animal,NoahSills,1,Dasyprocta leporina,01/10/2024 16:58
C-2,18/09/2024,31/12/2024,Ceymour,None,C2_00656,01/10/2024 16:54,Animal,NoahSills,1,Dasyprocta leporina,01/10/2024 16:54
C-2,18/09/2024,31/12/2024,Ceymour,None,C2_00655,01/10/2024 16:53,Animal,NoahSills,1,Dasyprocta leporina,01/10/2024 16:53
C-2,18/09/2024,31/12/2024,Ceymour,None,C2_00638,01/10/2024 6:22,Animal,NoahSills,1,Dasyprocta leporina,01/10/2024 6:22
C-2,18/09/2024,31/12/2024,Ceymour,None,C2_00635,01/10/2024 6:07,Animal,NoahSills,1,Dasyprocta leporina,01/10/2024 6:07
C-2,18/09/2024,31/12/2024,Ceymour,None,C2_00634,01/10/2024 5:59,Animal,NoahSills,1,Dasyprocta leporina,01/10/2024 5:59
C-2,18/09/2024,31/12/2024,Ceymour,None,C2_00633,01/10/2024 5:57,Animal,NoahSills,1,Dasyprocta leporina,01/10/2024 5:57
C-2,18/09/2024,31/12/2024,Ceymour,None,C2_00631,01/10/2024 5:53,Animal,NoahSills,1,Dasyprocta leporina,01/10/2024 5:53
C-2,18/09/2024,31/12/2024,Ceymour,None,C2_00629,01/10/2024 5:51,Animal,NoahSills,1,Dasyprocta leporina,01/10/2024 5:51
C-2,18/09/2024,31/12/2024,Ceymour,None,C2_00621,30/09/2024 18:08,Animal,NoahSills,1,Dasyprocta leporina,30/09/2024 18:08
C-2,18/09/2024,31/12/2024,Ceymour,None,C2_00620,30/09/2024 18:07,Animal,NoahSills,1,Dasyprocta leporina,30/09/2024 18:07
C-2,18/09/2024,31/12/2024,Ceymour,None,C2_00619,30/09/2024 18:05,Animal,NoahSills,1,Dasyprocta leporina,30/09/2024 18:05
C-2,18/09/2024,31/12/2024,Ceymour,None,C2_00618,30/09/2024 18:02,Animal,NoahSills,1,Dasyprocta leporina,30/09/2024 18:02
C-2,18/09/2024,31/12/2024,Ceymour,None,C2_00617,30/09/2024 17:08,Animal,NoahSills,1,Dasyprocta leporina,30/09/2024 17:08
C-2,18/09/2024,31/12/2024,Ceymour,None,C2_00616,30/09/2024 17:05,Animal,NoahSills,1,Dasyprocta leporina,30/09/2024 17:05
C-2,18/09/2024,31/12/2024,Ceymour,None,C2_00615,30/09/2024 16:46,Animal,NoahSills,1,Dasyprocta leporina,30/09/2024 16:46
C-2,18/09/2024,31/12/2024,Ceymour,None,C2_00599,30/09/2024 16:16,Animal,NoahSills,1,Dasyprocta leporina,30/09/2024 16:16
C-2,18/09/2024,31/12/2024,Ceymour,None,C2_00598,30/09/2024 16:11,Animal,NoahSills,1,Dasyprocta leporina,30/09/2024 16:11
C-2,18/09/2024,31/12/2024,Ceymour,None,C2_00597,30/09/2024 16:10,Animal,NoahSills,1,Dasyprocta leporina,30/09/2024 16:10
C-2,18/09/2024,31/12/2024,Ceymour,None,C2_00593,30/09/2024 16:02,Animal,NoahSills,1,Dasyprocta leporina,30/09/2024 16:02
C-2,18/09/2024,31/12/2024,Ceymour,None,C2_00592,30/09/2024 15:06,Animal,NoahSills,1,Dasyprocta leporina,30/09/2024 15:06
C-2,18/09/2024,31/12/2024,Ceymour,None,C2_00591,30/09/2024 6:37,Animal,NoahSills,1,Dasyprocta leporina,30/09/2024 6:37
C-2,18/09/2024,31/12/2024,Ceymour,None,C2_00589,30/09/2024 6:29,Animal,NoahSills,1,Dasyprocta leporina,30/09/2024 6:29
C-2,18/09/2024,31/12/2024,Ceymour,None,C2_00587,30/09/2024 6:26,Animal,NoahSills,1,Dasyprocta leporina,30/09/2024 6:26
C-2,18/09/2024,31/12/2024,Ceymour,None,C2_00588,30/09/2024 6:26,Animal,NoahSills,1,Dasyprocta leporina,30/09/2024 6:26
C-2,18/09/2024,31/12/2024,Ceymour,None,C2_00585,30/09/2024 6:17,Animal,NoahSills,1,Dasyprocta leporina,30/09/2024 6:17
C-2,18/09/2024,31/12/2024,Ceymour,None,C2_00583,30/09/2024 6:15,Animal,NoahSills,1,Dasyprocta leporina,30/09/2024 6:15
C-2,18/09/2024,31/12/2024,Ceymour,None,C2_00582,30/09/2024 6:01,Animal,NoahSills,1,Dasyprocta leporina,30/09/2024 6:01
C-2,18/09/2024,31/12/2024,Ceymour,None,C2_00581,30/09/2024 5:36,Animal,NoahSills,1,Dasyprocta leporina,30/09/2024 5:36
C-2,18/09/2024,31/12/2024,Ceymour,None,C2_00575,29/09/2024 17:57,Animal,NoahSills,1,Dasyprocta leporina,29/09/2024 17:57
C-2,18/09/2024,31/12/2024,Ceymour,None,C2_00574,29/09/2024 17:56,Animal,NoahSills,1,Dasyprocta leporina,29/09/2024 17:56
C-2,18/09/2024,31/12/2024,Ceymour,None,C2_00570,29/09/2024 17:39,Animal,NoahSills,1,Dasyprocta leporina,29/09/2024 17:39
C-2,18/09/2024,31/12/2024,Ceymour,None,C2_00569,29/09/2024 17:38,Animal,NoahSills,1,Dasyprocta leporina,29/09/2024 17:38
C-2,18/09/2024,31/12/2024,Ceymour,None,C2_00567,29/09/2024 17:35,Animal,NoahSills,1,Dasyprocta leporina,29/09/2024 17:35
C-2,18/09/2024,31/12/2024,Ceymour,None,C2_00563,29/09/2024 17:24,Animal,NoahSills,1,Dasyprocta leporina,29/09/2024 17:24
C-2,18/09/2024,31/12/2024,Ceymour,None,C2_00562,29/09/2024 17:11,Animal,NoahSills,1,Dasyprocta leporina,29/09/2024 17:11
C-2,18/09/2024,31/12/2024,Ceymour,None,C2_00561,29/09/2024 17:07,Animal,NoahSills,1,Dasyprocta leporina,29/09/2024 17:07
C-2,18/09/2024,31/12/2024,Ceymour,None,C2_00560,29/09/2024 17:06,Animal,NoahSills,1,Dasyprocta leporina,29/09/2024 17:06
C-2,18/09/2024,31/12/2024,Ceymour,None,C2_00559,29/09/2024 17:01,Animal,NoahSills,1,Dasyprocta leporina,29/09/2024 17:01
C-2,18/09/2024,31/12/2024,Ceymour,None,C2_00558,29/09/2024 17:00,Animal,NoahSills,1,Dasyprocta leporina,29/09/2024 17:00
C-2,18/09/2024,31/12/2024,Ceymour,None,C2_00557,29/09/2024 16:58,Animal,NoahSills,1,Dasyprocta leporina,29/09/2024 16:58
C-2,18/09/2024,31/12/2024,Ceymour,None,C2_00556,29/09/2024 16:28,Animal,NoahSills,1,Dasyprocta leporina,29/09/2024 16:28
C-2,18/09/2024,31/12/2024,Ceymour,None,C2_00555,29/09/2024 16:23,Animal,NoahSills,1,Dasyprocta leporina,29/09/2024 16:23
C-2,18/09/2024,31/12/2024,Ceymour,None,C2_00554,29/09/2024 11:05,Animal,NoahSills,1,Dasyprocta leporina,29/09/2024 11:05
C-2,18/09/2024,31/12/2024,Ceymour,None,C2_00553,29/09/2024 8:33,Animal,NoahSills,1,Dasyprocta leporina,29/09/2024 8:33
C-2,18/09/2024,31/12/2024,Ceymour,None,C2_00552,29/09/2024 8:31,Animal,NoahSills,1,Dasyprocta leporina,29/09/2024 8:31
C-2,18/09/2024,31/12/2024,Ceymour,None,C2_00551,29/09/2024 8:30,Animal,NoahSills,1,Dasyprocta leporina,29/09/2024 8:30
C-2,18/09/2024,31/12/2024,Ceymour,None,C2_00550,29/09/2024 8:29,Animal,NoahSills,1,Dasyprocta leporina,29/09/2024 8:29
C-2,18/09/2024,31/12/2024,Ceymour,None,C2_00549,29/09/2024 8:23,Animal,NoahSills,1,Dasyprocta leporina,29/09/2024 8:23
C-2,18/09/2024,31/12/2024,Ceymour,None,C2_00548,29/09/2024 8:22,Animal,NoahSills,1,Dasyprocta leporina,29/09/2024 8:22
C-2,18/09/2024,31/12/2024,Ceymour,None,C2_00542,28/09/2024 17:41,Animal,NoahSills,1,Dasyprocta leporina,28/09/2024 17:41
C-2,18/09/2024,31/12/2024,Ceymour,None,C2_00535,28/09/2024 17:27,Animal,NoahSills,1,Dasyprocta leporina,28/09/2024 17:27
C-2,18/09/2024,31/12/2024,Ceymour,None,C2_00527,28/09/2024 16:57,Animal,NoahSills,1,Dasyprocta leporina,28/09/2024 16:57
C-2,18/09/2024,31/12/2024,Ceymour,None,C2_00526,28/09/2024 16:49,Animal,NoahSills,1,Dasyprocta leporina,28/09/2024 16:49
C-2,18/09/2024,31/12/2024,Ceymour,None,C2_00525,28/09/2024 16:48,Animal,NoahSills,1,Dasyprocta leporina,28/09/2024 16:48
C-2,18/09/2024,31/12/2024,Ceymour,None,C2_00524,28/09/2024 16:47,Animal,NoahSills,1,Dasyprocta leporina,28/09/2024 16:47
C-2,18/09/2024,31/12/2024,Ceymour,None,C2_00523,28/09/2024 16:46,Animal,NoahSills,1,Dasyprocta leporina,28/09/2024 16:46
C-2,18/09/2024,31/12/2024,Ceymour,None,C2_00522,28/09/2024 16:45,Animal,NoahSills,1,Dasyprocta leporina,28/09/2024 16:45
C-2,18/09/2024,31/12/2024,Ceymour,None,C2_00521,28/09/2024 16:44,Animal,NoahSills,1,Dasyprocta leporina,28/09/2024 16:44
C-2,18/09/2024,31/12/2024,Ceymour,None,C2_00519,28/09/2024 16:39,Animal,NoahSills,1,Dasyprocta leporina,28/09/2024 16:39
C-2,18/09/2024,31/12/2024,Ceymour,None,C2_00514,28/09/2024 16:09,Animal,NoahSills,1,Dasyprocta leporina,28/09/2024 16:09
C-2,18/09/2024,31/12/2024,Ceymour,None,C2_00513,28/09/2024 16:07,Animal,NoahSills,1,Dasyprocta leporina,28/09/2024 16:07
C-2,18/09/2024,31/12/2024,Ceymour,None,C2_00512,28/09/2024 15:34,Animal,NoahSills,1,Dasyprocta leporina,28/09/2024 15:34
C-2,18/09/2024,31/12/2024,Ceymour,None,C2_00511,28/09/2024 15:32,Animal,NoahSills,1,Dasyprocta leporina,28/09/2024 15:32
C-2,18/09/2024,31/12/2024,Ceymour,None,C2_00495,28/09/2024 6:35,Animal,NoahSills,1,Dasyprocta leporina,28/09/2024 6:35
C-2,18/09/2024,31/12/2024,Ceymour,None,C2_00494,28/09/2024 6:33,Animal,NoahSills,1,Dasyprocta leporina,28/09/2024 6:33
C-2,18/09/2024,31/12/2024,Ceymour,None,C2_00493,28/09/2024 6:30,Animal,NoahSills,1,Dasyprocta leporina,28/09/2024 6:30
C-2,18/09/2024,31/12/2024,Ceymour,None,C2_00492,28/09/2024 6:29,Animal,NoahSills,1,Dasyprocta leporina,28/09/2024 6:29
C-2,18/09/2024,31/12/2024,Ceymour,None,C2_00491,28/09/2024 6:28,Animal,NoahSills,1,Dasyprocta leporina,28/09/2024 6:28
C-2,18/09/2024,31/12/2024,Ceymour,None,C2_00490,28/09/2024 5:51,Animal,NoahSills,1,Dasyprocta leporina,28/09/2024 5:51
C-2,18/09/2024,31/12/2024,Ceymour,None,C2_00483,27/09/2024 17:54,Animal,NoahSills,1,Dasyprocta leporina,27/09/2024 17:54
C-2,18/09/2024,31/12/2024,Ceymour,None,C2_00482,27/09/2024 17:53,Animal,NoahSills,1,Dasyprocta leporina,27/09/2024 17:53
C-2,18/09/2024,31/12/2024,Ceymour,None,C2_00479,27/09/2024 17:44,Animal,NoahSills,1,Dasyprocta leporina,27/09/2024 17:44
C-2,18/09/2024,31/12/2024,Ceymour,None,C2_00468,27/09/2024 17:10,Animal,NoahSills,1,Dasyprocta leporina,27/09/2024 17:10
C-2,18/09/2024,31/12/2024,Ceymour,None,C2_00464,27/09/2024 16:54,Animal,NoahSills,1,Dasyprocta leporina,27/09/2024 16:54
C-2,18/09/2024,31/12/2024,Ceymour,None,C2_00463,27/09/2024 16:49,Animal,NoahSills,1,Dasyprocta leporina,27/09/2024 16:49
C-2,18/09/2024,31/12/2024,Ceymour,None,C2_00462,27/09/2024 16:48,Animal,NoahSills,1,Dasyprocta leporina,27/09/2024 16:48
C-2,18/09/2024,31/12/2024,Ceymour,None,C2_00459,27/09/2024 16:34,Animal,NoahSills,1,Dasyprocta leporina,27/09/2024 16:34
C-2,18/09/2024,31/12/2024,Ceymour,None,C2_00457,27/09/2024 16:27,Animal,NoahSills,1,Dasyprocta leporina,27/09/2024 16:27
C-2,18/09/2024,31/12/2024,Ceymour,None,C2_00456,27/09/2024 16:26,Animal,NoahSills,1,Dasyprocta leporina,27/09/2024 16:26
C-2,18/09/2024,31/12/2024,Ceymour,None,C2_00455,27/09/2024 16:21,Animal,NoahSills,1,Dasyprocta leporina,27/09/2024 16:21
C-2,18/09/2024,31/12/2024,Ceymour,None,C2_00451,27/09/2024 16:07,Animal,NoahSills,1,Dasyprocta leporina,27/09/2024 16:07
C-2,18/09/2024,31/12/2024,Ceymour,None,C2_00450,27/09/2024 16:06,Animal,NoahSills,1,Dasyprocta leporina,27/09/2024 16:06
C-2,18/09/2024,31/12/2024,Ceymour,None,C2_00448,27/09/2024 15:57,Animal,NoahSills,1,Dasyprocta leporina,27/09/2024 15:57
C-2,18/09/2024,31/12/2024,Ceymour,None,C2_00444,27/09/2024 6:47,Animal,NoahSills,1,Dasyprocta leporina,27/09/2024 6:47
C-2,18/09/2024,31/12/2024,Ceymour,None,C2_00443,27/09/2024 6:19,Animal,NoahSills,1,Dasyprocta leporina,27/09/2024 6:19
C-2,18/09/2024,31/12/2024,Ceymour,None,C2_00442,27/09/2024 6:13,Animal,NoahSills,1,Dasyprocta leporina,27/09/2024 6:13
C-2,18/09/2024,31/12/2024,Ceymour,None,C2_00441,27/09/2024 6:10,Animal,NoahSills,1,Dasyprocta leporina,27/09/2024 6:10
C-2,18/09/2024,31/12/2024,Ceymour,None,C2_00438,27/09/2024 5:45,Animal,NoahSills,1,Dasyprocta leporina,27/09/2024 5:45
C-2,18/09/2024,31/12/2024,Ceymour,None,C2_00421,26/09/2024 17:25,Animal,NoahSills,1,Dasyprocta leporina,26/09/2024 17:25
C-2,18/09/2024,31/12/2024,Ceymour,None,C2_00416,26/09/2024 17:10,Animal,NoahSills,1,Dasyprocta leporina,26/09/2024 17:10
C-2,18/09/2024,31/12/2024,Ceymour,None,C2_00415,26/09/2024 17:00,Animal,NoahSills,1,Dasyprocta leporina,26/09/2024 17:00
C-2,18/09/2024,31/12/2024,Ceymour,None,C2_00405,26/09/2024 15:15,Animal,NoahSills,1,Dasyprocta leporina,26/09/2024 15:15
C-2,18/09/2024,31/12/2024,Ceymour,None,C2_00404,26/09/2024 14:34,Animal,NoahSills,1,Dasyprocta leporina,26/09/2024 14:34
C-2,18/09/2024,31/12/2024,Ceymour,None,C2_00403,26/09/2024 9:51,Animal,NoahSills,1,Dasyprocta leporina,26/09/2024 9:51
C-2,18/09/2024,31/12/2024,Ceymour,None,C2_00402,26/09/2024 9:43,Animal,NoahSills,1,Dasyprocta leporina,26/09/2024 9:43
C-2,18/09/2024,31/12/2024,Ceymour,None,C2_00394,26/09/2024 5:52,Animal,NoahSills,1,Dasyprocta leporina,26/09/2024 5:52
C-2,18/09/2024,31/12/2024,Ceymour,None,C2_00393,26/09/2024 5:49,Animal,NoahSills,1,Dasyprocta leporina,26/09/2024 5:49
C-2,18/09/2024,31/12/2024,Ceymour,None,C2_00392,26/09/2024 5:47,Animal,NoahSills,1,Dasyprocta leporina,26/09/2024 5:47
C-2,18/09/2024,31/12/2024,Ceymour,None,C2_00391,26/09/2024 5:28,Animal,NoahSills,1,Dasyprocta leporina,26/09/2024 5:28
C-2,18/09/2024,31/12/2024,Ceymour,None,C2_00365,25/09/2024 16:42,Animal,NoahSills,1,Dasyprocta leporina,25/09/2024 16:42
C-2,18/09/2024,31/12/2024,Ceymour,None,C2_00364,25/09/2024 16:38,Animal,NoahSills,1,Dasyprocta leporina,25/09/2024 16:38
C-2,18/09/2024,31/12/2024,Ceymour,None,C2_00363,25/09/2024 16:37,Animal,NoahSills,1,Dasyprocta leporina,25/09/2024 16:37
C-2,18/09/2024,31/12/2024,Ceymour,None,C2_00362,25/09/2024 16:22,Animal,NoahSills,1,Dasyprocta leporina,25/09/2024 16:22
C-2,18/09/2024,31/12/2024,Ceymour,None,C2_00361,25/09/2024 14:05,Animal,NoahSills,1,Dasyprocta leporina,25/09/2024 14:05
C-2,18/09/2024,31/12/2024,Ceymour,None,C2_00360,25/09/2024 13:54,Animal,NoahSills,1,Dasyprocta leporina,25/09/2024 13:54
C-2,18/09/2024,31/12/2024,Ceymour,None,C2_00348,25/09/2024 6:11,Animal,NoahSills,1,Dasyprocta leporina,25/09/2024 6:11
C-2,18/09/2024,31/12/2024,Ceymour,None,C2_00347,25/09/2024 6:08,Animal,NoahSills,1,Dasyprocta leporina,25/09/2024 6:08
C-2,18/09/2024,31/12/2024,Ceymour,None,C2_00346,25/09/2024 6:07,Animal,NoahSills,1,Dasyprocta leporina,25/09/2024 6:07
C-2,18/09/2024,31/12/2024,Ceymour,None,C2_00339,24/09/2024 18:04,Animal,NoahSills,1,Dasyprocta leporina,24/09/2024 18:04
C-2,18/09/2024,31/12/2024,Ceymour,None,C2_00327,24/09/2024 17:27,Animal,NoahSills,1,Dasyprocta leporina,24/09/2024 17:27
C-2,18/09/2024,31/12/2024,Ceymour,None,C2_00326,24/09/2024 17:20,Animal,NoahSills,1,Dasyprocta leporina,24/09/2024 17:20
C-2,18/09/2024,31/12/2024,Ceymour,None,C2_00325,24/09/2024 17:12,Animal,NoahSills,1,Dasyprocta leporina,24/09/2024 17:12
C-2,18/09/2024,31/12/2024,Ceymour,None,C2_00317,24/09/2024 16:53,Animal,NoahSills,1,Dasyprocta leporina,24/09/2024 16:53
C-2,18/09/2024,31/12/2024,Ceymour,None,C2_00311,24/09/2024 6:20,Animal,NoahSills,1,Dasyprocta leporina,24/09/2024 6:20
C-2,18/09/2024,31/12/2024,Ceymour,None,C2_00310,24/09/2024 6:18,Animal,NoahSills,1,Dasyprocta leporina,24/09/2024 6:18
C-2,18/09/2024,31/12/2024,Ceymour,None,C2_00309,24/09/2024 5:42,Animal,NoahSills,1,Dasyprocta leporina,24/09/2024 5:42
C-2,18/09/2024,31/12/2024,Ceymour,None,C2_00308,24/09/2024 5:41,Animal,NoahSills,1,Dasyprocta leporina,24/09/2024 5:41
C-2,18/09/2024,31/12/2024,Ceymour,None,C2_00307,24/09/2024 5:37,Animal,NoahSills,1,Dasyprocta leporina,24/09/2024 5:37
C-2,18/09/2024,31/12/2024,Ceymour,None,C2_00304,24/09/2024 5:29,Animal,NoahSills,1,Dasyprocta leporina,24/09/2024 5:29
C-2,18/09/2024,31/12/2024,Ceymour,None,C2_00303,24/09/2024 5:27,Animal,NoahSills,1,Dasyprocta leporina,24/09/2024 5:27
C-2,18/09/2024,31/12/2024,Ceymour,None,C2_00302,24/09/2024 5:12,Animal,NoahSills,1,Dasyprocta leporina,24/09/2024 5:12
C-2,18/09/2024,31/12/2024,Ceymour,None,C2_00301,24/09/2024 5:01,Animal,NoahSills,1,Dasyprocta leporina,24/09/2024 5:01
C-2,18/09/2024,31/12/2024,Ceymour,None,C2_00299,23/09/2024 18:06,Animal,NoahSills,1,Dasyprocta leporina,23/09/2024 18:06
C-2,18/09/2024,31/12/2024,Ceymour,None,C2_00298,23/09/2024 18:00,Animal,NoahSills,1,Dasyprocta leporina,23/09/2024 18:00
C-2,18/09/2024,31/12/2024,Ceymour,None,C2_00297,23/09/2024 17:59,Animal,NoahSills,1,Dasyprocta leporina,23/09/2024 17:59
C-2,18/09/2024,31/12/2024,Ceymour,None,C2_00296,23/09/2024 17:55,Animal,NoahSills,1,Dasyprocta leporina,23/09/2024 17:55
C-2,18/09/2024,31/12/2024,Ceymour,None,C2_00295,23/09/2024 17:42,Animal,NoahSills,1,Dasyprocta leporina,23/09/2024 17:42
C-2,18/09/2024,31/12/2024,Ceymour,None,C2_00294,23/09/2024 17:41,Animal,NoahSills,1,Dasyprocta leporina,23/09/2024 17:41
C-2,18/09/2024,31/12/2024,Ceymour,None,C2_00289,23/09/2024 17:31,Animal,NoahSills,1,Dasyprocta leporina,23/09/2024 17:31
C-2,18/09/2024,31/12/2024,Ceymour,None,C2_00288,23/09/2024 17:30,Animal,NoahSills,1,Dasyprocta leporina,23/09/2024 17:30
C-2,18/09/2024,31/12/2024,Ceymour,None,C2_00286,23/09/2024 17:26,Animal,NoahSills,1,Dasyprocta leporina,23/09/2024 17:26
C-2,18/09/2024,31/12/2024,Ceymour,None,C2_00282,23/09/2024 17:14,Animal,NoahSills,1,Dasyprocta leporina,23/09/2024 17:14
C-2,18/09/2024,31/12/2024,Ceymour,None,C2_00269,23/09/2024 16:37,Animal,NoahSills,1,Dasyprocta leporina,23/09/2024 16:37
C-2,18/09/2024,31/12/2024,Ceymour,None,C2_00260,23/09/2024 14:31,Animal,NoahSills,1,Dasyprocta leporina,23/09/2024 14:31
C-2,18/09/2024,31/12/2024,Ceymour,None,C2_00259,23/09/2024 14:30,Animal,NoahSills,1,Dasyprocta leporina,23/09/2024 14:30
C-2,18/09/2024,31/12/2024,Ceymour,None,C2_00255,23/09/2024 6:47,Animal,NoahSills,1,Dasyprocta leporina,23/09/2024 6:47
C-2,18/09/2024,31/12/2024,Ceymour,None,C2_00251,23/09/2024 6:08,Animal,NoahSills,1,Dasyprocta leporina,23/09/2024 6:08
C-2,18/09/2024,31/12/2024,Ceymour,None,C2_00250,23/09/2024 6:04,Animal,NoahSills,1,Dasyprocta leporina,23/09/2024 6:04
C-2,18/09/2024,31/12/2024,Ceymour,None,C2_00246,23/09/2024 5:54,Animal,NoahSills,1,Dasyprocta leporina,23/09/2024 5:54
C-2,18/09/2024,31/12/2024,Ceymour,None,C2_00242,23/09/2024 5:38,Animal,NoahSills,1,Dasyprocta leporina,23/09/2024 5:38
C-2,18/09/2024,31/12/2024,Ceymour,None,C2_00231,22/09/2024 17:35,Animal,NoahSills,1,Dasyprocta leporina,22/09/2024 17:35
C-2,18/09/2024,31/12/2024,Ceymour,None,C2_00230,22/09/2024 17:26,Animal,NoahSills,1,Dasyprocta leporina,22/09/2024 17:26
C-2,18/09/2024,31/12/2024,Ceymour,None,C2_00221,22/09/2024 6:30,Animal,NoahSills,1,Dasyprocta leporina,22/09/2024 6:30
C-2,18/09/2024,31/12/2024,Ceymour,None,C2_00216,22/09/2024 6:17,Animal,NoahSills,1,Dasyprocta leporina,22/09/2024 6:17
C-2,18/09/2024,31/12/2024,Ceymour,None,C2_00215,22/09/2024 5:53,Animal,NoahSills,1,Dasyprocta leporina,22/09/2024 5:53
C-2,18/09/2024,31/12/2024,Ceymour,None,C2_00214,22/09/2024 5:51,Animal,NoahSills,1,Dasyprocta leporina,22/09/2024 5:51
C-2,18/09/2024,31/12/2024,Ceymour,None,C2_00203,21/09/2024 17:40,Animal,NoahSills,1,Dasyprocta leporina,21/09/2024 17:40
C-2,18/09/2024,31/12/2024,Ceymour,None,C2_00198,21/09/2024 15:52,Animal,NoahSills,1,Dasyprocta leporina,21/09/2024 15:52
C-2,18/09/2024,31/12/2024,Ceymour,None,C2_00188,21/09/2024 7:32,Animal,NoahSills,1,Dasyprocta leporina,21/09/2024 7:32
C-2,18/09/2024,31/12/2024,Ceymour,None,C2_00187,21/09/2024 7:29,Animal,NoahSills,1,Dasyprocta leporina,21/09/2024 7:29
C-2,18/09/2024,31/12/2024,Ceymour,None,C2_00177,21/09/2024 6:45,Animal,NoahSills,1,Dasyprocta leporina,21/09/2024 6:45
C-2,18/09/2024,31/12/2024,Ceymour,None,C2_00176,21/09/2024 6:44,Animal,NoahSills,1,Dasyprocta leporina,21/09/2024 6:44
C-2,18/09/2024,31/12/2024,Ceymour,None,C2_00175,21/09/2024 6:42,Animal,NoahSills,1,Dasyprocta leporina,21/09/2024 6:42
C-2,18/09/2024,31/12/2024,Ceymour,None,C2_00162,20/09/2024 17:26,Animal,NoahSills,1,Dasyprocta leporina,20/09/2024 17:26
C-2,18/09/2024,31/12/2024,Ceymour,None,C2_00161,20/09/2024 17:24,Animal,NoahSills,1,Dasyprocta leporina,20/09/2024 17:24
C-2,18/09/2024,31/12/2024,Ceymour,None,C2_00159,20/09/2024 5:45,Animal,NoahSills,1,Dasyprocta leporina,20/09/2024 5:45
C-2,18/09/2024,31/12/2024,Ceymour,None,C2_00158,19/09/2024 17:59,Animal,NoahSills,1,Dasyprocta leporina,19/09/2024 17:59
C-2,18/09/2024,31/12/2024,Ceymour,None,C2_00157,19/09/2024 17:49,Animal,NoahSills,1,Dasyprocta leporina,19/09/2024 17:49
C-2,18/09/2024,31/12/2024,Ceymour,None,C2_00156,19/09/2024 17:44,Animal,NoahSills,1,Dasyprocta leporina,19/09/2024 17:44
C-2,18/09/2024,31/12/2024,Ceymour,None,C2_00155,19/09/2024 17:43,Animal,NoahSills,1,Dasyprocta leporina,19/09/2024 17:43
C-2,18/09/2024,31/12/2024,Ceymour,None,C2_00153,19/09/2024 17:37,Animal,NoahSills,1,Dasyprocta leporina,19/09/2024 17:37
C-2,18/09/2024,31/12/2024,Ceymour,None,C2_00151,19/09/2024 17:29,Animal,NoahSills,1,Dasyprocta leporina,19/09/2024 17:29
C-2,18/09/2024,31/12/2024,Ceymour,None,C2_00145,19/09/2024 17:06,Animal,NoahSills,1,Dasyprocta leporina,19/09/2024 17:06
C-2,18/09/2024,31/12/2024,Ceymour,None,C2_00144,19/09/2024 17:05,Animal,NoahSills,1,Dasyprocta leporina,19/09/2024 17:05
C-2,18/09/2024,31/12/2024,Ceymour,None,C2_00143,19/09/2024 16:50,Animal,NoahSills,1,Dasyprocta leporina,19/09/2024 16:50
C-2,18/09/2024,31/12/2024,Ceymour,None,C2_00142,19/09/2024 16:48,Animal,NoahSills,1,Dasyprocta leporina,19/09/2024 16:48
C-2,18/09/2024,31/12/2024,Ceymour,None,C2_00141,19/09/2024 16:45,Animal,NoahSills,1,Dasyprocta leporina,19/09/2024 16:45
C-2,18/09/2024,31/12/2024,Ceymour,None,C2_00140,19/09/2024 16:44,Animal,NoahSills,1,Dasyprocta leporina,19/09/2024 16:44
C-2,18/09/2024,31/12/2024,Ceymour,None,C2_00138,19/09/2024 16:21,Animal,NoahSills,1,Dasyprocta leporina,19/09/2024 16:21
C-2,18/09/2024,31/12/2024,Ceymour,None,C2_00137,19/09/2024 16:11,Animal,NoahSills,1,Dasyprocta leporina,19/09/2024 16:11
C-2,18/09/2024,31/12/2024,Ceymour,None,C2_00135,19/09/2024 16:08,Animal,NoahSills,1,Dasyprocta leporina,19/09/2024 16:08
C-2,18/09/2024,31/12/2024,Ceymour,None,C2_00134,19/09/2024 16:07,Animal,NoahSills,1,Dasyprocta leporina,19/09/2024 16:07
C-2,18/09/2024,31/12/2024,Ceymour,None,C2_00123,19/09/2024 6:43,Animal,NoahSills,1,Dasyprocta leporina,19/09/2024 6:43
C-2,18/09/2024,31/12/2024,Ceymour,None,C2_00115,18/09/2024 17:42,Animal,NoahSills,1,Dasyprocta leporina,18/09/2024 17:42
C-2,18/09/2024,31/12/2024,Ceymour,None,C2_00114,18/09/2024 17:39,Animal,NoahSills,1,Dasyprocta leporina,18/09/2024 17:39
C-2,18/09/2024,31/12/2024,Ceymour,None,C2_00105,18/09/2024 16:37,Animal,NoahSills,1,Dasyprocta leporina,18/09/2024 16:37
C-2,18/09/2024,31/12/2024,Ceymour,None,C2_00104,18/09/2024 16:06,Animal,NoahSills,1,Dasyprocta leporina,18/09/2024 16:06
C-2,18/09/2024,31/12/2024,Ceymour,None,C2_00103,18/09/2024 13:55,Animal,NoahSills,1,Dasyprocta leporina,18/09/2024 13:55
MC-6-1,05/08/2023,24/06/2023,Ceymour,None,MC6_1_00514,16/06/2023 11:14,Animal,NoahSills,1,Leopardus pardalis,16/06/2023 11:14
MC-6-1,05/08/2023,24/06/2023,Ceymour,None,MC6_1_00514,16/06/2023 11:14,Animal,NoahSills,1,Leopardus pardalis,16/06/2023 11:14
MC-6-1,05/08/2023,24/06/2023,Ceymour,None,MC6_1_00515,16/06/2023 11:14,Animal,NoahSills,1,Leopardus pardalis,16/06/2023 11:14
MC-6-1,05/08/2023,24/06/2023,Ceymour,None,MC6_1_00515,16/06/2023 11:14,Animal,NoahSills,1,Leopardus pardalis,16/06/2023 11:14
MC-6-1,05/08/2023,24/06/2023,Ceymour,None,MC6_1_00516,16/06/2023 11:14,Animal,NoahSills,1,Leopardus pardalis,16/06/2023 11:14
MC-6-1,05/08/2023,24/06/2023,Ceymour,None,MC6_1_00516,16/06/2023 11:14,Animal,NoahSills,1,Leopardus pardalis,16/06/2023 11:14
MC-6-1,05/08/2023,24/06/2023,Ceymour,None,MC6_1_00517,16/06/2023 11:14,Animal,NoahSills,1,Leopardus pardalis,16/06/2023 11:14
MC-6-1,05/08/2023,24/06/2023,Ceymour,None,MC6_1_00517,16/06/2023 11:14,Animal,NoahSills,1,Leopardus pardalis,16/06/2023 11:14
MC-6-1,05/08/2023,24/06/2023,Ceymour,None,MC6_1_00494,28/05/2023 21:11,Animal,NoahSills,1,Leptotila rufaxilla,28/05/2023 21:11
MC-6-1,05/08/2023,24/06/2023,Ceymour,None,MC6_1_00494,28/05/2023 21:11,Animal,NoahSills,1,Leptotila rufaxilla,28/05/2023 21:11
MC-6-1,05/08/2023,24/06/2023,Ceymour,None,MC6_1_00490,09/05/2023 17:18,Animal,NoahSills,1,Puma concolor,09/05/2023 17:18
MC-6-1,05/08/2023,24/06/2023,Ceymour,None,MC6_1_00490,09/05/2023 17:18,Animal,NoahSills,1,Puma concolor,09/05/2023 17:18
MC-6-1,05/08/2023,24/06/2023,Ceymour,None,MC6_1_00491,09/05/2023 17:18,Animal,NoahSills,1,Puma concolor,09/05/2023 17:18
MC-6-1,05/08/2023,24/06/2023,Ceymour,None,MC6_1_00491,09/05/2023 17:18,Animal,NoahSills,1,Puma concolor,09/05/2023 17:18
MC-6-1,05/08/2023,24/06/2023,Ceymour,None,MC6_1_00492,09/05/2023 17:18,Animal,NoahSills,1,Puma concolor,09/05/2023 17:18
MC-6-1,05/08/2023,24/06/2023,Ceymour,None,MC6_1_00492,09/05/2023 17:18,Animal,NoahSills,1,Puma concolor,09/05/2023 17:18
MC-6-1,05/08/2023,24/06/2023,Ceymour,None,MC6_1_00493,09/05/2023 17:18,Animal,NoahSills,1,Puma concolor,09/05/2023 17:18
MC-6-1,05/08/2023,24/06/2023,Ceymour,None,MC6_1_00493,09/05/2023 17:18,Animal,NoahSills,1,Puma concolor,09/05/2023 17:18
